review_id,product_category,product_name,review_text,rating,review_date,verified_purchase,helpful_votes,clean_tokens,vader_compound,vader_pos,vader_neu,vader_neg,sentiment_label,dominant_emotion
REV00504,Fashion,Cotton T-Shirt,"Five stars, no doubt. Setup was simple and took less than five minutes. ✨",5,2024-05-05,True,5,five star doubt setup simple took less five minute,0.5283,0.269,0.731,0.0,Positive,Trust
REV01117,Sports & Outdoors,Resistance Bands,Exceeded my expectations. The color and finish look great in person. ❤️,5,2025-05-15,True,5,exceeded expectation color finish look great person,0.6249,0.255,0.745,0.0,Positive,Anticipation
REV01150,Sports & Outdoors,Camping Tent,I want a refund immediately. It doesn't match the pictures shown online at all.,2,2024-12-21,True,1,want refund immediately doesnt match picture shown online,0.0772,0.091,0.909,0.0,Positive,Anticipation
REV01280,Home & Kitchen,Vacuum Cleaner,I want a refund immediately. The material feels cheap and flimsy.,1,2024-03-31,True,2,want refund immediately material feel cheap flimsy,0.0772,0.115,0.885,0.0,Positive,Anticipation
REV00467,Books & Media,Fiction Novel,I'm so impressed with the quality. The color and finish look great in person.,5,2024-11-04,True,2,impressed quality color finish look great person,0.8173,0.384,0.616,0.0,Positive,None Detected
REV01519,Beauty & Personal Care,Lip Balm Set,Best purchase I've made this year. Battery life lasts way longer than advertised.,4,2024-02-10,True,11,best purchase ive made year battery life last way longer advertised,0.6369,0.259,0.741,0.0,Positive,None Detected
REV00954,Fashion,Cotton T-Shirt,"Five stars, no doubt. The color and finish look great in person. ❤️",5,2025-03-07,True,1,five star doubt color finish look great person,0.7359,0.341,0.659,0.0,Positive,Trust
REV01436,Sports & Outdoors,Camping Tent,Works like a charm. It's comfortable and fits perfectly.,5,2025-05-21,False,8,work like charm comfortable fit perfectly,0.9136,0.718,0.282,0.0,Positive,None Detected
REV00457,Books & Media,Kids Story Set,This is exactly what I needed. Battery life lasts way longer than advertised.,4,2025-01-28,False,1,exactly needed battery life last way longer advertised,0.0,0.0,1.0,0.0,Neutral,None Detected
REV00210,Fashion,Leather Wallet,Works like a charm. Customer service was quick to respond when I had a question. ✨,5,2024-01-10,True,4,work like charm customer service quick respond question,0.7579,0.366,0.634,0.0,Positive,None Detected
REV00904,Sports & Outdoors,Water Bottle,Couldn't be happier with this purchase. It's comfortable and fits perfectly. 🔥,5,2024-08-03,True,0,couldnt happier purchase comfortable fit perfectly,0.5145,0.363,0.387,0.25,Positive,None Detected
REV00013,Sports & Outdoors,Dumbbell Set,Best purchase I've made this year. My family loves it just as much as I do. ✨,4,2025-12-07,True,4,best purchase ive made year family love much,0.8807,0.421,0.579,0.0,Positive,Joy
REV00853,Beauty & Personal Care,Face Serum,Best purchase I've made this year. The color and finish look great in person. ❤️,4,2024-02-24,True,0,best purchase ive made year color finish look great person,0.8519,0.372,0.628,0.0,Positive,None Detected
REV00471,Home & Kitchen,Blender,"It's an okay product, nothing special. Some features could be improved in future versions. 🙂",3,2024-09-14,True,2,okay product nothing special feature could improved future version,0.665,0.336,0.566,0.098,Positive,Joy
REV01010,Books & Media,Self-Help Book,Extremely poor quality. The instructions were confusing and unclear. 👎,1,2025-07-13,True,3,extremely poor quality instruction confusing unclear,-0.7425,0.0,0.523,0.477,Negative,Trust
REV00534,Electronics,Power Bank,"Not bad, but not great either. I might consider other brands next time.",3,2025-03-14,True,0,not bad not great either might consider brand next time,-0.5448,0.111,0.633,0.256,Negative,Anger
REV00431,Home & Kitchen,Air Fryer,Exceeded my expectations. Setup was simple and took less than five minutes. ❤️,5,2024-05-17,True,1,exceeded expectation setup simple took less five minute,0.0,0.0,1.0,0.0,Neutral,Anticipation
REV00863,Beauty & Personal Care,Face Serum,Fantastic value for the price. The packaging was neat and nothing was damaged. 🔥,5,2025-12-15,True,0,fantastic value price packaging neat nothing damaged,0.9089,0.599,0.401,0.0,Positive,None Detected
REV00837,Fashion,Running Shoes,"Works like a charm. Delivery was super fast, arrived a day early. ❤️",5,2025-12-09,True,4,work like charm delivery super fast arrived day early,0.8442,0.453,0.547,0.0,Positive,None Detected
REV01638,Fashion,Sunglasses,Highly recommend this to everyone. Customer service was quick to respond when I had a question.,5,2025-05-15,True,5,highly recommend everyone customer service quick respond question,0.4201,0.157,0.843,0.0,Positive,Trust
REV01461,Sports & Outdoors,Water Bottle,Absolutely loved this product! Battery life lasts way longer than advertised. ✨,4,2025-08-04,True,3,absolutely loved product battery life last way longer advertised,0.7773,0.404,0.596,0.0,Positive,None Detected
REV01622,Home & Kitchen,Vacuum Cleaner,"Highly recommend this to everyone. Delivery was super fast, arrived a day early. ✨",4,2025-04-14,True,3,highly recommend everyone delivery super fast arrived day early,0.8399,0.45,0.55,0.0,Positive,Trust
REV00794,Home & Kitchen,Blender,Fantastic value for the price. It looks even better than the pictures online.,5,2024-08-06,True,1,fantastic value price look even better picture online,0.836,0.471,0.529,0.0,Positive,None Detected
REV00829,Fashion,Sunglasses,"Fantastic value for the price. Delivery was super fast, arrived a day early. 👍",4,2025-11-15,True,1,fantastic value price delivery super fast arrived day early,0.872,0.452,0.548,0.0,Positive,None Detected
REV00182,Beauty & Personal Care,Hair Dryer,"Five stars, no doubt. Customer service was quick to respond when I had a question. 👍",4,2024-02-04,False,2,five star doubt customer service quick respond question,0.2755,0.117,0.883,0.0,Positive,Trust
REV00072,Books & Media,Biography,This is exactly what I needed. The packaging was neat and nothing was damaged.,4,2024-12-05,False,1,exactly needed packaging neat nothing damaged,0.6604,0.311,0.689,0.0,Positive,None Detected
REV01369,Home & Kitchen,Non-Stick Pan Set,Works like a charm. It's comfortable and fits perfectly. 👍,5,2025-07-07,True,2,work like charm comfortable fit perfectly,0.9136,0.645,0.355,0.0,Positive,None Detected
REV01187,Books & Media,Cookbook,This is exactly what I needed. The color and finish look great in person. ✨,5,2024-06-02,True,1,exactly needed color finish look great person,0.7506,0.33,0.67,0.0,Positive,None Detected
REV01758,Beauty & Personal Care,Electric Trimmer,Highly recommend this to everyone. The build quality feels premium and sturdy. 👍,5,2024-08-12,True,8,highly recommend everyone build quality feel premium sturdy,0.4201,0.177,0.823,0.0,Positive,Trust
REV00748,Fashion,Denim Jacket,Exceeded my expectations. Customer service was quick to respond when I had a question. 🔥 but the delivery experience could definitely be better.,4,2025-02-21,True,3,exceeded expectation customer service quick respond question delivery experience could definitely better,0.7717,0.254,0.687,0.058,Positive,Anticipation
REV01382,Books & Media,Self-Help Book,Fantastic value for the price. Customer service was quick to respond when I had a question.,5,2024-08-07,True,1,fantastic value price customer service quick respond question,0.7184,0.3,0.7,0.0,Positive,None Detected
REV00823,Sports & Outdoors,Resistance Bands,Not worth the money at all. The stitching came apart almost immediately. 💔,1,2024-02-17,False,4,not worth money stitching came apart almost immediately,0.1151,0.203,0.566,0.231,Positive,Anticipation
REV01075,Home & Kitchen,Non-Stick Pan Set,FANTASTIC VALUE FOR THE PRICE. IT LOOKS EVEN BETTER THAN THE PICTURES ONLINE. ❤️,4,2025-09-16,True,5,fantastic value price look even better picture online,0.9022,0.48,0.52,0.0,Positive,None Detected
REV00520,Electronics,Bluetooth Speaker,Very frustrating experience overall. The size was completely different from what was described. 💔,1,2025-10-13,True,1,frustrating experience overall size completely different described,-0.2716,0.187,0.533,0.28,Negative,None Detected
REV00187,Sports & Outdoors,Cycling Helmet,"Really disappointed with this purchase. The material feels cheap and flimsy. 👎 On the plus side, it did arrive quickly.",2,2025-06-24,False,3,really disappointed purchase material feel cheap flimsy plus side arrive quickly,-0.5256,0.0,0.855,0.145,Negative,Anger
REV01388,Fashion,Running Shoes,Best purchase I've made this year. My family loves it just as much as I do. 😊,4,2025-09-05,True,1,best purchase ive made year family love much,0.9313,0.45,0.55,0.0,Positive,Joy
REV01464,Electronics,USB-C Hub,Couldn't be happier with this purchase. It looks even better than the pictures online. 👍 although the price is a bit high for what you get.,5,2025-10-08,True,12,couldnt happier purchase look even better picture online although price bit high get,0.032,0.095,0.815,0.09,Neutral,None Detected
REV01022,Fashion,Running Shoes,Fantastic value for the price. The color and finish look great in person. ❤️,4,2024-09-18,True,0,fantastic value price color finish look great person,0.8779,0.457,0.543,0.0,Positive,None Detected
REV00294,Electronics,Laptop Stand,I want a refund immediately. It stopped working after just one week. 💔,1,2024-04-02,True,0,want refund immediately stopped working one week,0.128,0.268,0.488,0.244,Positive,Anticipation
REV01640,Beauty & Personal Care,Hair Dryer,"Five stars, no doubt. It looks even better than the pictures online. ❤️",4,2025-04-17,True,4,five star doubt look even better picture online,0.6136,0.295,0.705,0.0,Positive,Trust
REV01637,Beauty & Personal Care,Moisturizer Cream,Best purchase I've made this year. The packaging was neat and nothing was damaged. ❤️,5,2025-07-21,True,2,best purchase ive made year packaging neat nothing damaged,0.8627,0.425,0.575,0.0,Positive,None Detected
REV00662,Books & Media,Self-Help Book,Fantastic value for the price. Battery life lasts way longer than advertised. ❤️,5,2025-08-24,True,0,fantastic value price battery life last way longer advertised,0.7184,0.333,0.667,0.0,Positive,None Detected
REV00955,Home & Kitchen,Blender,This is exactly what I needed. The color and finish look great in person. 😊,4,2025-08-04,True,0,exactly needed color finish look great person,0.8779,0.387,0.613,0.0,Positive,None Detected
REV00483,Books & Media,Comic Collection,Average quality for the price. Some features could be improved in future versions. 🙂,3,2025-08-28,True,1,average quality price feature could improved future version,0.701,0.293,0.707,0.0,Positive,None Detected
REV00566,Electronics,Power Bank,I'm so impressed with the quality. Setup was simple and took less than five minutes.,5,2025-08-03,True,2,impressed quality setup simple took less five minute,0.5256,0.195,0.805,0.0,Positive,None Detected
REV01181,Beauty & Personal Care,Face Serum,Not worth the money at all. It stopped working after just one week. 😢,1,2024-07-22,True,1,not worth money stopped working one week,-0.6874,0.0,0.643,0.357,Negative,Anger
REV01465,Sports & Outdoors,Dumbbell Set,This is exactly what I needed. The build quality feels premium and sturdy. ❤️,5,2025-04-17,True,1,exactly needed build quality feel premium sturdy,0.0,0.0,1.0,0.0,Neutral,None Detected
REV00371,Sports & Outdoors,Cycling Helmet,"Exceeded my expectations. Delivery was super fast, arrived a day early. 👍",4,2025-03-31,True,1,exceeded expectation delivery super fast arrived day early,0.5994,0.245,0.755,0.0,Positive,Anticipation
REV01177,Sports & Outdoors,Water Bottle,I'm so impressed with the quality. Battery life lasts way longer than advertised. ❤️,4,2025-02-25,True,6,impressed quality battery life last way longer advertised,0.5256,0.195,0.805,0.0,Positive,None Detected
REV01769,Beauty & Personal Care,Moisturizer Cream,"It's fine, meets basic expectations. Shipping took the standard amount of time. 🤷",3,2024-07-05,True,1,fine meet basic expectation shipping took standard amount time,0.2023,0.122,0.878,0.0,Positive,Anticipation
REV01719,Fashion,Cotton T-Shirt,"Middle of the road experience. Packaging was standard, nothing memorable.",3,2025-08-23,False,2,middle road experience packaging standard nothing memorable,0.0,0.0,1.0,0.0,Neutral,Joy
REV00684,Home & Kitchen,Air Fryer,I'm so impressed with the quality. Battery life lasts way longer than advertised. ❤️,5,2024-08-15,True,7,impressed quality battery life last way longer advertised,0.5256,0.195,0.805,0.0,Positive,None Detected
REV00034,Beauty & Personal Care,Electric Trimmer,One of the worst products I've bought online. The size was completely different from what was described.,2,2024-11-04,True,4,one worst product ive bought online size completely different described,-0.6249,0.0,0.796,0.204,Negative,None Detected
REV00588,Sports & Outdoors,Camping Tent,This is exactly what I needed. Setup was simple and took less than five minutes. 😊 although the price is a bit high for what you get.,5,2025-05-07,True,2,exactly needed setup simple took less five minute although price bit high get,0.7184,0.171,0.829,0.0,Positive,None Detected
REV00293,Sports & Outdoors,Yoga Mat,"Highly recommend this to everyone. Delivery was super fast, arrived a day early. 😊",5,2025-02-23,True,0,highly recommend everyone delivery super fast arrived day early,0.9134,0.476,0.524,0.0,Positive,Trust
REV00712,Fashion,Sunglasses,This was a complete waste of time. Customer support never replied to my emails. 😡,1,2025-05-04,True,0,complete waste time customer support never replied email,-0.0258,0.138,0.718,0.144,Neutral,Disgust
REV00958,Fashion,Cotton T-Shirt,Exceeded my expectations. My family loves it just as much as I do. ✨,4,2024-04-08,True,3,exceeded expectation family love much,0.7184,0.333,0.667,0.0,Positive,Anticipation
REV01040,Beauty & Personal Care,Moisturizer Cream,"Five stars, no doubt. Customer service was quick to respond when I had a question.",5,2025-08-31,False,4,five star doubt customer service quick respond question,0.2755,0.131,0.869,0.0,Positive,Trust
REV01363,Books & Media,Self-Help Book,Highly recommend this to everyone. The color and finish look great in person. 😊 although the price is a bit high for what you get.,4,2025-07-20,True,1,highly recommend everyone color finish look great person although price bit high get,0.9168,0.34,0.66,0.0,Positive,Trust
REV01223,Sports & Outdoors,Camping Tent,i'm so impressed with the quality. my family loves it just as much as i do. but the delivery experience could definitely be better.,4,2025-05-24,True,1,impressed quality family love much delivery experience could definitely better,0.8989,0.374,0.626,0.0,Positive,Joy
REV01772,Electronics,Smartwatch,really disappointed with this purchase. the stitching came apart almost immediately. 💔,2,2024-10-02,True,1,really disappointed purchase stitching came apart almost immediately,-0.3134,0.195,0.496,0.308,Negative,Anger
REV00778,Fashion,Leather Wallet,"Average quality for the price. It does what it says, just don't expect much extra.",3,2024-01-14,True,0,average quality price say dont expect much extra,0.0,0.0,1.0,0.0,Neutral,Anticipation
REV00967,Home & Kitchen,Electric Kettle,This is exactly what I needed. The build quality feels premium and sturdy. 🔥,4,2024-09-11,True,2,exactly needed build quality feel premium sturdy,-0.34,0.0,0.844,0.156,Negative,None Detected
REV01237,Home & Kitchen,Bedsheet Set,Absolutely loved this product! The color and finish look great in person. 😊,5,2025-10-08,True,3,absolutely loved product color finish look great person,0.9391,0.529,0.471,0.0,Positive,None Detected
REV01446,Books & Media,Self-Help Book,"Works like a charm. Delivery was super fast, arrived a day early.",4,2024-06-25,True,3,work like charm delivery super fast arrived day early,0.8442,0.503,0.497,0.0,Positive,None Detected
REV00195,Books & Media,Biography,Best purchase I've made this year. Customer service was quick to respond when I had a question. ❤️,5,2024-03-19,True,4,best purchase ive made year customer service quick respond question,0.6369,0.189,0.811,0.0,Positive,None Detected
REV00932,Fashion,Denim Jacket,"Does the job but nothing extraordinary. It does what it says, just don't expect much extra. 🤷",3,2025-07-26,False,2,job nothing extraordinary say dont expect much extra,0.0,0.0,1.0,0.0,Neutral,Anticipation
REV00116,Beauty & Personal Care,Hair Dryer,Best purchase I've made this year. Customer service was quick to respond when I had a question.,5,2024-08-31,False,2,best purchase ive made year customer service quick respond question,0.6369,0.208,0.792,0.0,Positive,None Detected
REV01052,Electronics,Bluetooth Speaker,I want a refund immediately. The size was completely different from what was described. 👎,2,2024-06-25,False,3,want refund immediately size completely different described,0.0772,0.08,0.92,0.0,Positive,Anticipation
REV00600,Home & Kitchen,Electric Kettle,"Best purchase I've made this year. Delivery was super fast, arrived a day early. 👍",5,2025-06-01,True,0,best purchase ive made year delivery super fast arrived day early,0.8442,0.367,0.633,0.0,Positive,None Detected
REV00140,Sports & Outdoors,Camping Tent,Couldn't be happier with this purchase. The build quality feels premium and sturdy. 😊 although it took longer to arrive than promised.,5,2025-10-04,True,4,couldnt happier purchase build quality feel premium sturdy although took longer arrive promised,0.6931,0.255,0.661,0.083,Positive,Anticipation
REV00579,Electronics,USB-C Hub,THIS WAS A COMPLETE WASTE OF TIME. THERE WAS A STRANGE SMELL STRAIGHT OUT OF THE BOX. 😡,2,2025-02-12,True,6,complete waste time strange smell straight box,-0.5319,0.107,0.648,0.246,Negative,None Detected
REV01746,Fashion,Leather Wallet,Not worth the money at all. It stopped working after just one week. 😢,1,2024-05-08,True,2,not worth money stopped working one week,-0.6874,0.0,0.643,0.357,Negative,Anger
REV00558,Home & Kitchen,Bedsheet Set,Exceeded my expectations. Battery life lasts way longer than advertised. ✨,4,2025-01-11,False,2,exceeded expectation battery life last way longer advertised,0.3182,0.187,0.813,0.0,Positive,Anticipation
REV00316,Beauty & Personal Care,Hair Dryer,"Five stars, no doubt. The color and finish look great in person. ✨",5,2024-03-17,True,6,five star doubt color finish look great person,0.8181,0.46,0.54,0.0,Positive,Trust
REV00576,Books & Media,Kids Story Set,Highly recommend this to everyone. The color and finish look great in person.,5,2024-03-19,True,5,highly recommend everyone color finish look great person,0.7841,0.385,0.615,0.0,Positive,Trust
REV01244,Electronics,Bluetooth Speaker,"Five stars, no doubt. Battery life lasts way longer than advertised. 😊",4,2025-07-17,True,5,five star doubt battery life last way longer advertised,0.797,0.384,0.616,0.0,Positive,Trust
REV01204,Electronics,Power Bank,Exceeded my expectations. Battery life lasts way longer than advertised. ❤️,4,2024-10-03,True,0,exceeded expectation battery life last way longer advertised,0.0,0.0,1.0,0.0,Neutral,Anticipation
REV01418,Books & Media,Kids Story Set,I'm so impressed with the quality. The color and finish look great in person. 😊,4,2025-03-31,True,7,impressed quality color finish look great person,0.9259,0.474,0.526,0.0,Positive,None Detected
REV00150,Sports & Outdoors,Cycling Helmet,Highly recommend this to everyone. The color and finish look great in person. ✨,4,2024-05-31,False,0,highly recommend everyone color finish look great person,0.8479,0.455,0.545,0.0,Positive,Trust
REV00587,Books & Media,Self-Help Book,This is exactly what I needed. It's comfortable and fits perfectly. 😊 although the price is a bit high for what you get.,5,2025-05-13,True,0,exactly needed comfortable fit perfectly although price bit high get,0.926,0.37,0.63,0.0,Positive,None Detected
REV00400,Home & Kitchen,Electric Kettle,Exceeded my expectations. The color and finish look great in person. 🔥,5,2025-12-07,True,7,exceeded expectation color finish look great person,0.4019,0.248,0.606,0.145,Positive,Anticipation
REV00632,Books & Media,Fiction Novel,I'm so impressed with the quality. My family loves it just as much as I do. ❤️ but I wish it came in more color options.,4,2025-02-09,True,1,impressed quality family love much wish came color option,0.7962,0.252,0.748,0.0,Positive,Joy
REV00418,Fashion,Backpack,Absolutely loved this product! Battery life lasts way longer than advertised. 😊,4,2025-01-31,True,1,absolutely loved product battery life last way longer advertised,0.8881,0.446,0.554,0.0,Positive,None Detected
REV00005,Home & Kitchen,Air Fryer,"I'm so impressed with the quality. Delivery was super fast, arrived a day early. 🔥",4,2025-11-30,True,3,impressed quality delivery super fast arrived day early,0.7089,0.336,0.553,0.111,Positive,None Detected
REV01704,Home & Kitchen,Air Fryer,Best purchase I've made this year. The packaging was neat and nothing was damaged. 👍 even though customer service was slow to respond.,5,2024-08-20,True,18,best purchase ive made year packaging neat nothing damaged even though customer service slow respond,0.8627,0.314,0.686,0.0,Positive,None Detected
REV00617,Books & Media,Biography,"Not bad, but not great either. Shipping took the standard amount of time. 🙂",3,2024-05-06,True,0,not bad not great either shipping took standard amount time,0.0115,0.239,0.567,0.194,Neutral,Anger
REV00910,Electronics,Power Bank,Exceeded my expectations. It's comfortable and fits perfectly. ❤️,4,2024-09-08,True,1,exceeded expectation comfortable fit perfectly,0.8176,0.484,0.516,0.0,Positive,Anticipation
REV01367,Fashion,Running Shoes,I want a refund immediately. It stopped working after just one week. 👎,1,2024-01-30,True,9,want refund immediately stopped working one week,-0.1531,0.086,0.789,0.125,Negative,Anticipation
REV01172,Home & Kitchen,Vacuum Cleaner,Really disappointed with this purchase. The instructions were confusing and unclear. 😡,1,2024-08-18,True,1,really disappointed purchase instruction confusing unclear,-0.7425,0.0,0.578,0.422,Negative,Anger
REV01684,Electronics,Laptop Stand,Best purchase I've made this year. It's comfortable and fits perfectly. 😊,4,2024-08-18,True,0,best purchase ive made year comfortable fit perfectly,0.9565,0.617,0.383,0.0,Positive,None Detected
REV01264,Sports & Outdoors,Cycling Helmet,"Does the job but nothing extraordinary. Packaging was standard, nothing memorable.",3,2024-05-01,True,9,job nothing extraordinary packaging standard nothing memorable,0.0,0.0,1.0,0.0,Neutral,Joy
REV00016,Fashion,Leather Wallet,This is exactly what I needed. It looks even better than the pictures online. 😊 but I wish it came in more color options.,4,2025-10-23,True,0,exactly needed look even better picture online wish came color option,0.8176,0.284,0.716,0.0,Positive,None Detected
REV01379,Books & Media,Kids Story Set,I'm so impressed with the quality. The build quality feels premium and sturdy. ✨,4,2025-05-26,True,6,impressed quality build quality feel premium sturdy,0.6901,0.322,0.678,0.0,Positive,None Detected
REV01595,Beauty & Personal Care,Hair Dryer,Highly recommend this to everyone. Customer service was quick to respond when I had a question. 🔥,5,2025-03-04,True,4,highly recommend everyone customer service quick respond question,0.101,0.138,0.743,0.119,Positive,Trust
REV00732,Beauty & Personal Care,Moisturizer Cream,"Very frustrating experience overall. Customer support never replied to my emails. 😢 On the plus side, it did arrive quickly.",2,2024-02-24,False,3,frustrating experience overall customer support never replied email plus side arrive quickly,-0.5563,0.1,0.667,0.233,Negative,Anticipation
REV00442,Fashion,Running Shoes,This broke within a few days of use. Customer support never replied to my emails. 👎,1,2025-12-04,False,0,broke within day use customer support never replied email,-0.0258,0.132,0.732,0.137,Neutral,Fear
REV00247,Fashion,Cotton T-Shirt,"Not bad, but not great either. I might consider other brands next time. 🙂",3,2024-03-30,True,0,not bad not great either might consider brand next time,0.0115,0.239,0.567,0.194,Neutral,Anger
REV01286,Books & Media,Comic Collection,Highly recommend this to everyone. The packaging was neat and nothing was damaged. ❤️,4,2025-06-25,True,7,highly recommend everyone packaging neat nothing damaged,0.8019,0.406,0.594,0.0,Positive,Trust
REV00087,Home & Kitchen,Non-Stick Pan Set,Fantastic value for the price. My family loves it just as much as I do. 👍,4,2025-02-11,True,0,fantastic value price family love much,0.8658,0.409,0.591,0.0,Positive,Joy
REV01718,Electronics,Wireless Earbuds,Exceeded my expectations. The color and finish look great in person. 🔥,5,2025-03-15,True,1,exceeded expectation color finish look great person,0.4019,0.248,0.606,0.145,Positive,Anticipation
REV01352,Sports & Outdoors,Yoga Mat,Would not recommend this to anyone. The instructions were confusing and unclear. 💔,2,2024-10-17,False,0,would not recommend anyone instruction confusing unclear,-0.4423,0.188,0.403,0.408,Negative,Trust
REV01007,Books & Media,Fiction Novel,I'm so impressed with the quality. Setup was simple and took less than five minutes. ❤️,5,2024-08-08,True,0,impressed quality setup simple took less five minute,0.5256,0.175,0.825,0.0,Positive,None Detected
REV00118,Beauty & Personal Care,Electric Trimmer,"It works as described, no complaints, no excitement. It does what it says, just don't expect much extra.",3,2024-02-23,True,3,work described complaint excitement say dont expect much extra,0.1326,0.19,0.689,0.121,Positive,Anticipation
REV00177,Home & Kitchen,Air Fryer,Works like a charm. It looks even better than the pictures online. 😊,5,2025-11-18,True,0,work like charm look even better picture online,0.9201,0.54,0.46,0.0,Positive,None Detected
REV00850,Electronics,Bluetooth Speaker,Highly recommend this to everyone. The color and finish look great in person. ❤️,5,2024-09-13,True,2,highly recommend everyone color finish look great person,0.7841,0.347,0.653,0.0,Positive,Trust
REV00209,Fashion,Cotton T-Shirt,Does the job but nothing extraordinary. It's a bit bulkier than I expected. 🤷,3,2025-08-11,True,1,job nothing extraordinary bit bulkier expected,0.0,0.0,1.0,0.0,Neutral,Anticipation
REV00726,Fashion,Sunglasses,"Five stars, no doubt. Setup was simple and took less than five minutes. 👍",4,2025-04-12,True,2,five star doubt setup simple took less five minute,0.2755,0.131,0.869,0.0,Positive,Trust
REV01356,Books & Media,Cookbook,Works like a charm. Battery life lasts way longer than advertised.,5,2024-11-20,True,2,work like charm battery life last way longer advertised,0.6369,0.366,0.634,0.0,Positive,None Detected
REV01488,Fashion,Cotton T-Shirt,couldn't be happier with this purchase. setup was simple and took less than five minutes. 🔥,4,2024-07-14,False,0,couldnt happier purchase setup simple took less five minute,-0.6341,0.0,0.73,0.27,Negative,None Detected
REV01320,Sports & Outdoors,Dumbbell Set,Couldn't be happier with this purchase. My family loves it just as much as I do.,5,2025-05-22,True,3,couldnt happier purchase family love much,0.2321,0.181,0.684,0.136,Positive,Joy
REV00601,Home & Kitchen,Electric Kettle,This is exactly what I needed. Battery life lasts way longer than advertised.,5,2025-02-27,False,0,exactly needed battery life last way longer advertised,0.0,0.0,1.0,0.0,Neutral,None Detected
REV01754,Sports & Outdoors,Dumbbell Set,Best purchase I've made this year. The build quality feels premium and sturdy. 👍,5,2024-09-29,True,1,best purchase ive made year build quality feel premium sturdy,0.6369,0.231,0.769,0.0,Positive,None Detected
REV00719,Beauty & Personal Care,Lip Balm Set,Does the job but nothing extraordinary. I might consider other brands next time.,3,2024-05-04,True,3,job nothing extraordinary might consider brand next time,0.0,0.0,1.0,0.0,Neutral,Anticipation
REV01012,Fashion,Denim Jacket,"Five stars, no doubt. My family loves it just as much as I do. 👍",5,2024-01-24,True,0,five star doubt family love much,0.7013,0.293,0.707,0.0,Positive,Joy
REV00119,Home & Kitchen,Blender,"Does the job but nothing extraordinary. It does what it says, just don't expect much extra. 🙂",3,2025-03-23,True,0,job nothing extraordinary say dont expect much extra,0.5515,0.165,0.835,0.0,Positive,Anticipation
REV01343,Home & Kitchen,Vacuum Cleaner,This is exactly what I needed. The color and finish look great in person. ❤️,4,2024-12-16,False,0,exactly needed color finish look great person,0.6249,0.215,0.785,0.0,Positive,None Detected
REV01549,Fashion,Leather Wallet,Absolutely loved this product! It's comfortable and fits perfectly. ❤️,5,2024-10-10,True,0,absolutely loved product comfortable fit perfectly,0.9183,0.6,0.4,0.0,Positive,None Detected
REV01611,Sports & Outdoors,Dumbbell Set,Works like a charm. The color and finish look great in person. 🔥,4,2025-06-01,True,0,work like charm color finish look great person,0.7845,0.449,0.435,0.116,Positive,None Detected
REV00223,Electronics,Power Bank,Best purchase I've made this year. My family loves it just as much as I do. 😊,5,2025-01-26,True,8,best purchase ive made year family love much,0.9313,0.45,0.55,0.0,Positive,Joy
REV00142,Home & Kitchen,Bedsheet Set,"Five stars, no doubt. Battery life lasts way longer than advertised. 🔥 even though customer service was slow to respond.",4,2024-05-24,True,0,five star doubt battery life last way longer advertised even though customer service slow respond,-0.0747,0.094,0.8,0.107,Negative,Trust
REV00157,Home & Kitchen,Bedsheet Set,"I want a refund immediately. It arrived late and the box was damaged. 👎 On the plus side, it did arrive quickly.",1,2025-05-03,True,9,want refund immediately arrived late box damaged plus side arrive quickly,-0.3818,0.052,0.833,0.115,Negative,Anticipation
REV00696,Home & Kitchen,Bedsheet Set,"It's fine, meets basic expectations. There are better alternatives but this works fine too.",3,2025-12-14,True,0,fine meet basic expectation better alternative work fine,0.5499,0.335,0.665,0.0,Positive,Anticipation
REV01375,Books & Media,Biography,Works like a charm. It's comfortable and fits perfectly. ✨,5,2025-11-14,True,3,work like charm comfortable fit perfectly,0.9325,0.75,0.25,0.0,Positive,None Detected
REV00541,Electronics,Power Bank,Fantastic value for the price. Battery life lasts way longer than advertised. 🔥,5,2025-05-18,True,0,fantastic value price battery life last way longer advertised,0.5574,0.326,0.543,0.13,Positive,None Detected
REV01720,Sports & Outdoors,Yoga Mat,This is exactly what I needed. The packaging was neat and nothing was damaged. ❤️,5,2025-01-14,True,7,exactly needed packaging neat nothing damaged,0.6604,0.279,0.721,0.0,Positive,None Detected
REV01514,Books & Media,Kids Story Set,"Highly recommend this to everyone. Delivery was super fast, arrived a day early. ✨",5,2025-05-13,True,3,highly recommend everyone delivery super fast arrived day early,0.8399,0.45,0.55,0.0,Positive,Trust
REV00071,Home & Kitchen,Blender,Works like a charm. The packaging was neat and nothing was damaged. 🔥,5,2025-02-24,True,0,work like charm packaging neat nothing damaged,0.892,0.612,0.388,0.0,Positive,None Detected
REV00627,Electronics,Smartwatch,This broke within a few days of use. The size was completely different from what was described. 💔,2,2025-12-25,True,0,broke within day use size completely different described,-0.1779,0.161,0.613,0.226,Negative,Fear
REV00047,Books & Media,Comic Collection,Exceeded my expectations. Customer service was quick to respond when I had a question. ❤️ although the price is a bit high for what you get.,5,2024-07-22,True,2,exceeded expectation customer service quick respond question although price bit high get,0.0,0.0,1.0,0.0,Neutral,Anticipation
REV01750,Beauty & Personal Care,Moisturizer Cream,A decent option if you're on a budget. It's comparable to other products in this price range. 🤷,3,2025-06-23,True,4,decent option youre budget comparable product price range,0.0,0.0,1.0,0.0,Neutral,Trust
REV00621,Electronics,Smartwatch,HIGHLY RECOMMEND THIS TO EVERYONE. THE PACKAGING WAS NEAT AND NOTHING WAS DAMAGED.,5,2025-02-26,False,4,highly recommend everyone packaging neat nothing damaged,0.8019,0.451,0.549,0.0,Positive,None Detected
REV01706,Electronics,Laptop Stand,Best purchase I've made this year. It's comfortable and fits perfectly.,4,2024-12-01,True,0,best purchase ive made year comfortable fit perfectly,0.9136,0.594,0.406,0.0,Positive,None Detected
REV01326,Beauty & Personal Care,Face Serum,"It's fine, meets basic expectations. It's a bit bulkier than I expected. 🤷",3,2025-08-15,True,1,fine meet basic expectation bit bulkier expected,0.2023,0.122,0.878,0.0,Positive,Anticipation
REV00699,Electronics,Power Bank,Exceeded my expectations. Setup was simple and took less than five minutes. 😊,4,2024-01-08,True,0,exceeded expectation setup simple took less five minute,0.7184,0.286,0.714,0.0,Positive,Anticipation
REV01034,Fashion,Leather Wallet,"Middle of the road experience. Packaging was standard, nothing memorable.",3,2024-07-09,True,0,middle road experience packaging standard nothing memorable,0.0,0.0,1.0,0.0,Neutral,Joy
REV00439,Electronics,Bluetooth Speaker,This is exactly what I needed. It's comfortable and fits perfectly. 👍,5,2024-11-18,True,3,exactly needed comfortable fit perfectly,0.8176,0.405,0.595,0.0,Positive,None Detected
REV00347,Sports & Outdoors,Water Bottle,Absolutely loved this product! The packaging was neat and nothing was damaged. ✨,4,2025-01-25,True,0,absolutely loved product packaging neat nothing damaged,0.8372,0.474,0.432,0.094,Positive,None Detected
REV01283,Home & Kitchen,Air Fryer,Couldn't be happier with this purchase. It's comfortable and fits perfectly. 👍 although the price is a bit high for what you get.,4,2025-07-23,False,1,couldnt happier purchase comfortable fit perfectly although price bit high get,0.6931,0.24,0.671,0.089,Positive,None Detected
REV00799,Beauty & Personal Care,Hair Dryer,Reasonable purchase overall. It's comparable to other products in this price range. 🙂,3,2024-05-08,True,0,reasonable purchase overall comparable product price range,0.4033,0.162,0.838,0.0,Positive,None Detected
REV01466,Sports & Outdoors,Camping Tent,Exceeded my expectations. My family loves it just as much as I do. 🔥,4,2024-03-17,True,3,exceeded expectation family love much,0.3182,0.204,0.663,0.133,Positive,Anticipation
REV01341,Sports & Outdoors,Cycling Helmet,"It's exactly what was advertised, nothing more. I might consider other brands next time.",3,2024-02-09,True,5,exactly advertised nothing might consider brand next time,0.0,0.0,1.0,0.0,Neutral,Anticipation
REV01045,Home & Kitchen,Air Fryer,Fantastic value for the price. The packaging was neat and nothing was damaged. ✨,5,2024-03-31,False,1,fantastic value price packaging neat nothing damaged,0.8571,0.51,0.402,0.088,Positive,None Detected
REV01155,Home & Kitchen,Blender,One of the worst products I've bought online. I found scratches on it right out of the packaging. 💔,2,2025-04-09,True,1,one worst product ive bought online found scratch right packaging,-0.4588,0.148,0.599,0.254,Negative,Joy
REV01415,Beauty & Personal Care,Sunscreen Lotion,This is exactly what I needed. Customer service was quick to respond when I had a question. ❤️,4,2025-01-27,True,0,exactly needed customer service quick respond question,0.0,0.0,1.0,0.0,Neutral,None Detected
REV01002,Sports & Outdoors,Cycling Helmet,Fantastic value for the price. Customer service was quick to respond when I had a question. 👍 but I wish it came in more color options.,5,2024-07-06,True,0,fantastic value price customer service quick respond question wish came color option,0.7615,0.239,0.761,0.0,Positive,None Detected
REV01000,Books & Media,Kids Story Set,I want a refund immediately. The material feels cheap and flimsy. 😢,1,2025-10-22,True,0,want refund immediately material feel cheap flimsy,-0.4215,0.084,0.714,0.201,Negative,Anticipation
REV00476,Electronics,Wireless Earbuds,"Exceeded my expectations. Delivery was super fast, arrived a day early. ✨",4,2025-11-11,True,3,exceeded expectation delivery super fast arrived day early,0.7351,0.383,0.617,0.0,Positive,Anticipation
REV00858,Sports & Outdoors,Camping Tent,Very frustrating experience overall. It doesn't match the pictures shown online at all.,1,2025-12-17,True,15,frustrating experience overall doesnt match picture shown online,-0.4927,0.0,0.79,0.21,Negative,None Detected
REV00770,Beauty & Personal Care,Sunscreen Lotion,A decent option if you're on a budget. Good enough for occasional use. 🙂,3,2024-12-22,False,2,decent option youre budget good enough occasional use,0.6534,0.276,0.724,0.0,Positive,Trust
REV01058,Fashion,Denim Jacket,Fantastic value for the price. It looks even better than the pictures online. 👍 but the delivery experience could definitely be better.,5,2025-08-04,True,0,fantastic value price look even better picture online delivery experience could definitely better,0.9072,0.426,0.574,0.0,Positive,Anticipation
REV01491,Books & Media,Cookbook,"Exceeded my expectations. Delivery was super fast, arrived a day early. ✨",4,2025-09-23,False,0,exceeded expectation delivery super fast arrived day early,0.7351,0.383,0.617,0.0,Positive,Anticipation
REV00137,Home & Kitchen,Bedsheet Set,Exceeded my expectations. My family loves it just as much as I do. 🔥,5,2024-05-12,True,7,exceeded expectation family love much,0.3182,0.204,0.663,0.133,Positive,Anticipation
REV00051,Electronics,Bluetooth Speaker,I want a refund immediately. It stopped working after just one week. 💔,1,2024-12-29,True,3,want refund immediately stopped working one week,0.128,0.268,0.488,0.244,Positive,Anticipation
REV01578,Fashion,Denim Jacket,Works like a charm. The color and finish look great in person. ❤️,4,2024-06-12,True,3,work like charm color finish look great person,0.8519,0.458,0.542,0.0,Positive,None Detected
REV01338,Books & Media,Kids Story Set,Works like a charm. It's comfortable and fits perfectly. although the price is a bit high for what you get.,5,2024-02-06,True,1,work like charm comfortable fit perfectly although price bit high get,0.9136,0.443,0.557,0.0,Positive,None Detected
REV00826,Sports & Outdoors,Camping Tent,I want a refund immediately. The stitching came apart almost immediately. 😡,1,2025-01-17,False,1,want refund immediately stitching came apart almost immediately,0.0772,0.098,0.902,0.0,Positive,Anticipation
REV00753,Fashion,Backpack,"Fantastic value for the price. Delivery was super fast, arrived a day early. 😊",4,2024-06-06,True,1,fantastic value price delivery super fast arrived day early,0.9423,0.55,0.45,0.0,Positive,None Detected
REV00929,Beauty & Personal Care,Hair Dryer,Works like a charm. My family loves it just as much as I do. 👍,5,2025-11-23,True,1,work like charm family love much,0.836,0.406,0.594,0.0,Positive,Joy
REV01543,Sports & Outdoors,Dumbbell Set,Works like a charm. It's comfortable and fits perfectly.,5,2025-12-25,True,3,work like charm comfortable fit perfectly,0.9136,0.718,0.282,0.0,Positive,None Detected
REV01240,Books & Media,Cookbook,One of the worst products I've bought online. The material feels cheap and flimsy. 😢,2,2024-05-19,True,4,one worst product ive bought online material feel cheap flimsy,-0.802,0.0,0.66,0.34,Negative,None Detected
REV00213,Home & Kitchen,Blender,Extremely poor quality. I found scratches on it right out of the packaging. 😡,1,2024-09-10,True,2,extremely poor quality found scratch right packaging,-0.5256,0.0,0.805,0.195,Negative,Joy
REV00803,Sports & Outdoors,Cycling Helmet,One of the worst products I've bought online. The size was completely different from what was described. 💔,1,2024-04-16,True,2,one worst product ive bought online size completely different described,-0.4588,0.153,0.584,0.263,Negative,None Detected
REV01238,Home & Kitchen,Vacuum Cleaner,"This is exactly what I needed. Delivery was super fast, arrived a day early. ✨",4,2025-12-15,True,6,exactly needed delivery super fast arrived day early,0.7351,0.323,0.677,0.0,Positive,None Detected
REV01505,Sports & Outdoors,Water Bottle,Absolutely loved this product! The build quality feels premium and sturdy. ❤️,5,2025-01-19,True,0,absolutely loved product build quality feel premium sturdy,0.6689,0.272,0.728,0.0,Positive,None Detected
REV00052,Home & Kitchen,Electric Kettle,Couldn't be happier with this purchase. Setup was simple and took less than five minutes. ✨ but the delivery experience could definitely be better.,4,2025-10-23,True,2,couldnt happier purchase setup simple took less five minute delivery experience could definitely better,0.7999,0.293,0.646,0.061,Positive,Anticipation
REV00134,Beauty & Personal Care,Hair Dryer,"Fantastic value for the price. Delivery was super fast, arrived a day early.",5,2024-11-03,False,3,fantastic value price delivery super fast arrived day early,0.872,0.497,0.503,0.0,Positive,None Detected
REV01306,Home & Kitchen,Blender,Exceeded my expectations. The build quality feels premium and sturdy. 😊,5,2025-08-01,True,0,exceeded expectation build quality feel premium sturdy,0.7184,0.316,0.684,0.0,Positive,Anticipation
REV01074,Beauty & Personal Care,Lip Balm Set,"Couldn't be happier with this purchase. Delivery was super fast, arrived a day early. ✨ even though customer service was slow to respond.",4,2025-10-20,True,1,couldnt happier purchase delivery super fast arrived day early even though customer service slow respond,0.5305,0.214,0.69,0.096,Positive,None Detected
REV00428,Beauty & Personal Care,Sunscreen Lotion,"It's an okay product, nothing special. Good enough for occasional use. 🤷",3,2025-09-06,True,0,okay product nothing special good enough occasional use,-0.4145,0.115,0.604,0.282,Negative,Joy
REV00218,Beauty & Personal Care,Moisturizer Cream,Not worth the money at all. It arrived late and the box was damaged. 💔,1,2024-01-03,False,3,not worth money arrived late box damaged,-0.354,0.176,0.503,0.321,Negative,Anger
REV00758,Fashion,Cotton T-Shirt,"It's an okay product, nothing special. The design is simple but functional. 🤷",3,2024-08-03,True,0,okay product nothing special design simple functional,-0.0462,0.096,0.796,0.108,Neutral,Joy
REV01523,Home & Kitchen,Bedsheet Set,Works like a charm. My family loves it just as much as I do. 🔥 even though customer service was slow to respond.,5,2024-10-02,True,3,work like charm family love much even though customer service slow respond,0.7579,0.294,0.627,0.079,Positive,Joy
REV00754,Fashion,Leather Wallet,Works like a charm. Setup was simple and took less than five minutes. ✨,4,2025-03-05,True,2,work like charm setup simple took less five minute,0.7579,0.405,0.595,0.0,Positive,None Detected
REV00167,Electronics,Power Bank,I regret buying this. I found scratches on it right out of the packaging. 💔,1,2024-01-04,True,0,regret buying found scratch right packaging,-0.1779,0.182,0.563,0.255,Negative,Sadness
REV01591,Electronics,Bluetooth Speaker,This was a complete waste of time. Customer support never replied to my emails. 👎,2,2025-01-26,False,1,complete waste time customer support never replied email,-0.0258,0.138,0.718,0.144,Neutral,Disgust
REV00756,Sports & Outdoors,Yoga Mat,Best purchase I've made this year. My family loves it just as much as I do. ✨,5,2024-08-11,True,3,best purchase ive made year family love much,0.8807,0.421,0.579,0.0,Positive,Joy
REV01681,Beauty & Personal Care,Sunscreen Lotion,COULDN'T BE HAPPIER WITH THIS PURCHASE. THE BUILD QUALITY FEELS PREMIUM AND STURDY. 😊,5,2025-07-30,False,0,couldnt happier purchase build quality feel premium sturdy,0.3983,0.247,0.617,0.136,Positive,None Detected
REV00608,Sports & Outdoors,Resistance Bands,Absolutely loved this product! My family loves it just as much as I do. ❤️,5,2025-06-30,False,0,absolutely loved product family love much,0.8475,0.369,0.631,0.0,Positive,Joy
REV00528,Home & Kitchen,Air Fryer,Exceeded my expectations. It looks even better than the pictures online. 👍,5,2025-12-08,True,1,exceeded expectation look even better picture online,0.4404,0.195,0.805,0.0,Positive,Anticipation
REV00918,Electronics,USB-C Hub,"Five stars, no doubt. Battery life lasts way longer than advertised. ✨ although the price is a bit high for what you get.",5,2024-08-22,True,3,five star doubt battery life last way longer advertised although price bit high get,0.5283,0.174,0.826,0.0,Positive,Trust
REV01707,Electronics,Bluetooth Speaker,"One of the worst products I've bought online. It arrived late and the box was damaged. 😡 On the plus side, it did arrive quickly.",1,2024-05-10,True,1,one worst product ive bought online arrived late box damaged plus side arrive quickly,-0.7906,0.0,0.774,0.226,Negative,Sadness
REV01635,Home & Kitchen,Air Fryer,"Fantastic value for the price. Delivery was super fast, arrived a day early. 👍",4,2024-02-27,True,3,fantastic value price delivery super fast arrived day early,0.872,0.452,0.548,0.0,Positive,None Detected
REV01522,Fashion,Cotton T-Shirt,Really disappointed with this purchase. There was a strange smell straight out of the box.,2,2024-03-20,True,1,really disappointed purchase strange smell straight box,-0.5095,0.1,0.629,0.272,Negative,Anger
REV01271,Sports & Outdoors,Water Bottle,"Five stars, no doubt. My family loves it just as much as I do. 👍",5,2025-03-31,True,4,five star doubt family love much,0.7013,0.293,0.707,0.0,Positive,Joy
REV00434,Books & Media,Biography,I want a refund immediately. Customer support never replied to my emails.,2,2024-07-31,True,0,want refund immediately customer support never replied email,0.4588,0.286,0.714,0.0,Positive,Anticipation
REV00944,Fashion,Backpack,Very frustrating experience overall. The material feels cheap and flimsy. 😢,1,2025-01-10,True,0,frustrating experience overall material feel cheap flimsy,-0.7425,0.0,0.614,0.386,Negative,None Detected
REV01503,Home & Kitchen,Blender,Exceeded my expectations. It's comfortable and fits perfectly. ✨,4,2025-05-30,True,5,exceeded expectation comfortable fit perfectly,0.8689,0.62,0.38,0.0,Positive,Anticipation
REV01299,Sports & Outdoors,Water Bottle,"It's exactly what was advertised, nothing more. The design is simple but functional. 🙂",3,2024-02-07,True,2,exactly advertised nothing design simple functional,0.5515,0.192,0.808,0.0,Positive,None Detected
REV00254,Books & Media,Biography,"Couldn't be happier with this purchase. Delivery was super fast, arrived a day early. ❤️",5,2025-10-26,True,5,couldnt happier purchase delivery super fast arrived day early,0.2787,0.189,0.677,0.134,Positive,None Detected
REV00549,Beauty & Personal Care,Moisturizer Cream,"It's fine, meets basic expectations. It's comparable to other products in this price range. 🙂",3,2024-07-23,True,0,fine meet basic expectation comparable product price range,0.5434,0.231,0.769,0.0,Positive,Anticipation
REV00977,Beauty & Personal Care,Hair Dryer,This is exactly what I needed. It's comfortable and fits perfectly. 👍,4,2024-10-23,True,3,exactly needed comfortable fit perfectly,0.8176,0.405,0.595,0.0,Positive,None Detected
REV00630,Books & Media,Biography,Not worth the money at all. There was a strange smell straight out of the box. 💔,1,2025-04-18,True,2,not worth money strange smell straight box,0.1366,0.238,0.507,0.256,Positive,Anger
REV01570,Fashion,Denim Jacket,Absolutely loved this product! It looks even better than the pictures online. 😊 even though customer service was slow to respond.,4,2024-08-16,True,0,absolutely loved product look even better picture online even though customer service slow respond,0.9244,0.389,0.611,0.0,Positive,None Detected
REV01319,Electronics,Power Bank,works like a charm. the build quality feels premium and sturdy. ✨,5,2024-06-30,False,4,work like charm build quality feel premium sturdy,0.7579,0.455,0.545,0.0,Positive,None Detected
REV00553,Books & Media,Kids Story Set,I'm so impressed with the quality. The packaging was neat and nothing was damaged. 👍 but the delivery experience could definitely be better.,5,2024-02-07,True,0,impressed quality packaging neat nothing damaged delivery experience could definitely better,0.9062,0.412,0.588,0.0,Positive,Anticipation
REV01468,Home & Kitchen,Blender,"Couldn't be happier with this purchase. Delivery was super fast, arrived a day early. 🔥 even though customer service was slow to respond.",5,2025-11-28,True,0,couldnt happier purchase delivery super fast arrived day early even though customer service slow respond,-0.0711,0.134,0.688,0.178,Negative,None Detected
REV00773,Beauty & Personal Care,Moisturizer Cream,This is exactly what I needed. The color and finish look great in person.,5,2025-06-30,True,1,exactly needed color finish look great person,0.6249,0.24,0.76,0.0,Positive,None Detected
REV00887,Sports & Outdoors,Yoga Mat,Exceeded my expectations. Setup was simple and took less than five minutes. ✨,5,2024-02-07,False,9,exceeded expectation setup simple took less five minute,0.3182,0.161,0.839,0.0,Positive,Anticipation
REV01371,Electronics,Laptop Stand,"Five stars, no doubt. Setup was simple and took less than five minutes. ❤️",4,2025-09-10,False,0,five star doubt setup simple took less five minute,0.2755,0.131,0.869,0.0,Positive,Trust
REV01775,Books & Media,Cookbook,Average quality for the price. The design is simple but functional. 🙂,3,2025-12-18,False,2,average quality price design simple functional,0.5515,0.215,0.785,0.0,Positive,None Detected
REV01715,Sports & Outdoors,Yoga Mat,I'm so impressed with the quality. Battery life lasts way longer than advertised. 😊 although the price is a bit high for what you get.,5,2024-05-08,True,2,impressed quality battery life last way longer advertised although price bit high get,0.8553,0.265,0.735,0.0,Positive,None Detected
REV01017,Beauty & Personal Care,Sunscreen Lotion,Highly recommend this to everyone. The build quality feels premium and sturdy. ✨,4,2024-11-30,True,10,highly recommend everyone build quality feel premium sturdy,0.624,0.316,0.684,0.0,Positive,Trust
REV01692,Fashion,Running Shoes,"One of the worst products I've bought online. The size was completely different from what was described. 😡 On the plus side, it did arrive quickly.",1,2024-07-25,True,0,one worst product ive bought online size completely different described plus side arrive quickly,-0.6249,0.0,0.864,0.136,Negative,Anticipation
REV01098,Beauty & Personal Care,Electric Trimmer,Very frustrating experience overall. The stitching came apart almost immediately.,2,2024-02-24,True,1,frustrating experience overall stitching came apart almost immediately,-0.4927,0.0,0.738,0.262,Negative,Anticipation
REV00839,Books & Media,Fiction Novel,I regret buying this. There was a strange smell straight out of the box. 😡,1,2024-01-22,True,1,regret buying strange smell straight box,-0.4019,0.097,0.667,0.236,Negative,Sadness
REV00237,Beauty & Personal Care,Face Serum,I want a refund immediately. The size was completely different from what was described. 😢,1,2024-09-05,True,6,want refund immediately size completely different described,-0.4215,0.071,0.761,0.168,Negative,Anticipation
REV00363,Beauty & Personal Care,Hair Dryer,Works like a charm. Setup was simple and took less than five minutes. 🔥,4,2025-05-29,True,5,work like charm setup simple took less five minute,0.4215,0.28,0.591,0.129,Positive,None Detected
REV01752,Electronics,Wireless Earbuds,Exceeded my expectations. My family loves it just as much as I do. ❤️,5,2024-10-28,True,0,exceeded expectation family love much,0.5719,0.209,0.791,0.0,Positive,Anticipation
REV00532,Books & Media,Self-Help Book,I'm so impressed with the quality. It's comfortable and fits perfectly.,5,2025-01-23,True,1,impressed quality comfortable fit perfectly,0.8977,0.577,0.423,0.0,Positive,None Detected
REV00590,Beauty & Personal Care,Face Serum,FANTASTIC VALUE FOR THE PRICE. THE COLOR AND FINISH LOOK GREAT IN PERSON. 👍,5,2025-03-01,False,2,fantastic value price color finish look great person,0.9231,0.506,0.494,0.0,Positive,None Detected
REV00865,Books & Media,Fiction Novel,exceeded my expectations. customer service was quick to respond when i had a question.,5,2024-03-15,True,2,exceeded expectation customer service quick respond question,0.0,0.0,1.0,0.0,Neutral,Anticipation
REV00335,Sports & Outdoors,Camping Tent,"It's exactly what was advertised, nothing more. It does what it says, just don't expect much extra. 🤷",3,2024-10-24,True,1,exactly advertised nothing say dont expect much extra,0.0,0.0,1.0,0.0,Neutral,Anticipation
REV00088,Electronics,Power Bank,Exceeded my expectations. It looks even better than the pictures online.,5,2024-07-29,True,0,exceeded expectation look even better picture online,0.4404,0.225,0.775,0.0,Positive,Anticipation
REV01317,Sports & Outdoors,Camping Tent,This broke within a few days of use. The size was completely different from what was described. 😡,1,2025-06-10,True,0,broke within day use size completely different described,-0.4215,0.0,0.865,0.135,Negative,Fear
REV00318,Electronics,Smartwatch,Extremely poor quality. The stitching came apart almost immediately. 😡,2,2024-03-15,True,1,extremely poor quality stitching came apart almost immediately,-0.5256,0.0,0.747,0.253,Negative,Anticipation
REV00464,Books & Media,Cookbook,middle of the road experience. some features could be improved in future versions. 🤷,3,2024-10-08,False,2,middle road experience feature could improved future version,0.4767,0.181,0.819,0.0,Positive,None Detected
REV00993,Home & Kitchen,Blender,Extremely poor quality. The instructions were confusing and unclear. 💔,2,2024-03-07,True,0,extremely poor quality instruction confusing unclear,-0.6361,0.204,0.291,0.505,Negative,Trust
REV01281,Sports & Outdoors,Camping Tent,Works like a charm. Customer service was quick to respond when I had a question. 🔥,5,2025-01-13,True,3,work like charm customer service quick respond question,0.4215,0.252,0.631,0.117,Positive,None Detected
REV00688,Beauty & Personal Care,Moisturizer Cream,"It works as described, no complaints, no excitement. It does what it says, just don't expect much extra.",3,2025-01-25,True,6,work described complaint excitement say dont expect much extra,0.1326,0.19,0.689,0.121,Positive,Anticipation
REV00270,Home & Kitchen,Vacuum Cleaner,Highly recommend this to everyone. The packaging was neat and nothing was damaged.,4,2025-02-15,True,0,highly recommend everyone packaging neat nothing damaged,0.8019,0.451,0.549,0.0,Positive,Trust
REV01110,Electronics,USB-C Hub,Absolutely loved this product! Battery life lasts way longer than advertised. ✨ although it took longer to arrive than promised.,5,2024-04-18,True,0,absolutely loved product battery life last way longer advertised although took longer arrive promised,0.8513,0.353,0.647,0.0,Positive,Anticipation
REV01398,Beauty & Personal Care,Electric Trimmer,This is exactly what I needed. The packaging was neat and nothing was damaged. 🔥,4,2024-02-02,True,2,exactly needed packaging neat nothing damaged,0.7537,0.383,0.617,0.0,Positive,None Detected
REV01168,Books & Media,Kids Story Set,Extremely poor quality. I found scratches on it right out of the packaging. 😢,2,2024-07-26,True,1,extremely poor quality found scratch right packaging,-0.7574,0.0,0.667,0.333,Negative,Joy
REV00575,Home & Kitchen,Bedsheet Set,Works like a charm. My family loves it just as much as I do. 🔥,5,2024-07-03,False,6,work like charm family love much,0.7579,0.399,0.493,0.108,Positive,Joy
REV01236,Sports & Outdoors,Cycling Helmet,"it's exactly what was advertised, nothing more. shipping took the standard amount of time. 🤷",3,2024-07-12,True,9,exactly advertised nothing shipping took standard amount time,0.0,0.0,1.0,0.0,Neutral,Anticipation
REV00284,Electronics,Power Bank,Absolutely loved this product! The color and finish look great in person. ✨,4,2024-02-25,False,1,absolutely loved product color finish look great person,0.8976,0.521,0.479,0.0,Positive,None Detected
REV01366,Books & Media,Comic Collection,Fantastic value for the price. The packaging was neat and nothing was damaged.,5,2024-05-03,True,1,fantastic value price packaging neat nothing damaged,0.8861,0.559,0.441,0.0,Positive,None Detected
REV01703,Sports & Outdoors,Dumbbell Set,Highly recommend this to everyone. The build quality feels premium and sturdy. 👍,5,2025-06-09,True,4,highly recommend everyone build quality feel premium sturdy,0.4201,0.177,0.823,0.0,Positive,Trust
REV01654,Sports & Outdoors,Camping Tent,This is exactly what I needed. It's comfortable and fits perfectly. 😊,4,2024-12-10,True,0,exactly needed comfortable fit perfectly,0.926,0.529,0.471,0.0,Positive,None Detected
REV01082,Beauty & Personal Care,Face Serum,Fantastic value for the price. Customer service was quick to respond when I had a question.,4,2024-12-01,True,5,fantastic value price customer service quick respond question,0.7184,0.3,0.7,0.0,Positive,None Detected
REV00192,Books & Media,Self-Help Book,Exceeded my expectations. Setup was simple and took less than five minutes. 👍,4,2024-11-11,True,6,exceeded expectation setup simple took less five minute,0.0,0.0,1.0,0.0,Neutral,Anticipation
REV00027,Beauty & Personal Care,Sunscreen Lotion,"ABSOLUTELY LOVED THIS PRODUCT! DELIVERY WAS SUPER FAST, ARRIVED A DAY EARLY. 😊",5,2024-02-12,True,6,absolutely loved product delivery super fast arrived day early,0.9558,0.561,0.439,0.0,Positive,None Detected
REV00433,Books & Media,Kids Story Set,Highly recommend this to everyone. The packaging was neat and nothing was damaged. ✨,4,2025-05-23,True,2,highly recommend everyone packaging neat nothing damaged,0.7381,0.407,0.496,0.097,Positive,Trust
REV00479,Sports & Outdoors,Camping Tent,Exceeded my expectations. My family loves it just as much as I do. ❤️,4,2024-04-19,True,0,exceeded expectation family love much,0.5719,0.209,0.791,0.0,Positive,Anticipation
REV00578,Electronics,Power Bank,Fantastic value for the price. My family loves it just as much as I do.,4,2025-08-05,True,4,fantastic value price family love much,0.8658,0.447,0.553,0.0,Positive,Joy
REV01630,Beauty & Personal Care,Lip Balm Set,"ABSOLUTELY LOVED THIS PRODUCT! DELIVERY WAS SUPER FAST, ARRIVED A DAY EARLY. ✨",4,2025-12-05,True,6,absolutely loved product delivery super fast arrived day early,0.9311,0.563,0.437,0.0,Positive,None Detected
REV00524,Home & Kitchen,Blender,"does the job but nothing extraordinary. it does what it says, just don't expect much extra. 🙂",3,2025-12-02,True,0,job nothing extraordinary say dont expect much extra,0.5515,0.165,0.835,0.0,Positive,Anticipation
REV00767,Home & Kitchen,Bedsheet Set,"Works like a charm. Delivery was super fast, arrived a day early. 😊",5,2024-08-17,True,0,work like charm delivery super fast arrived day early,0.9337,0.557,0.443,0.0,Positive,None Detected
REV00405,Fashion,Sunglasses,Couldn't be happier with this purchase. It's comfortable and fits perfectly. 👍,4,2025-02-27,True,0,couldnt happier purchase comfortable fit perfectly,0.6931,0.37,0.493,0.137,Positive,None Detected
REV00909,Books & Media,Fiction Novel,Does the job but nothing extraordinary. It's comparable to other products in this price range. 🙂,3,2025-12-24,True,4,job nothing extraordinary comparable product price range,0.5515,0.173,0.827,0.0,Positive,None Detected
REV01683,Electronics,USB-C Hub,This is exactly what I needed. My family loves it just as much as I do. 👍,5,2024-04-24,False,3,exactly needed family love much,0.5719,0.179,0.821,0.0,Positive,Joy
REV01527,Beauty & Personal Care,Sunscreen Lotion,Average quality for the price. It's comparable to other products in this price range. 🤷,3,2024-09-02,True,1,average quality price comparable product price range,0.0,0.0,1.0,0.0,Neutral,None Detected
REV00724,Books & Media,Self-Help Book,I'm so impressed with the quality. Setup was simple and took less than five minutes. 😊,5,2025-12-12,True,5,impressed quality setup simple took less five minute,0.8553,0.356,0.644,0.0,Positive,None Detected
REV00437,Beauty & Personal Care,Face Serum,Best purchase I've made this year. My family loves it just as much as I do. 👍,5,2024-02-27,False,1,best purchase ive made year family love much,0.836,0.331,0.669,0.0,Positive,Joy
REV00453,Sports & Outdoors,Yoga Mat,Fantastic value for the price. Customer service was quick to respond when I had a question. ❤️,4,2025-10-22,True,6,fantastic value price customer service quick respond question,0.7184,0.273,0.727,0.0,Positive,None Detected
REV01598,Fashion,Backpack,THIS IS EXACTLY WHAT I NEEDED. CUSTOMER SERVICE WAS QUICK TO RESPOND WHEN I HAD A QUESTION. ✨,4,2025-06-10,True,2,exactly needed customer service quick respond question,0.3182,0.119,0.881,0.0,Positive,None Detected
REV01336,Beauty & Personal Care,Sunscreen Lotion,Couldn't be happier with this purchase. It's comfortable and fits perfectly. ❤️,5,2024-02-04,False,1,couldnt happier purchase comfortable fit perfectly,0.6931,0.37,0.493,0.137,Positive,None Detected
REV00289,Home & Kitchen,Vacuum Cleaner,This broke within a few days of use. The stitching came apart almost immediately.,2,2024-07-11,True,7,broke within day use stitching came apart almost immediately,-0.4215,0.0,0.823,0.177,Negative,Fear
REV01450,Books & Media,Kids Story Set,Absolutely loved this product! Setup was simple and took less than five minutes. ❤️,4,2024-09-16,True,0,absolutely loved product setup simple took less five minute,0.6689,0.243,0.757,0.0,Positive,None Detected
REV01053,Electronics,Bluetooth Speaker,"Five stars, no doubt. The color and finish look great in person. ✨",5,2025-10-16,True,1,five star doubt color finish look great person,0.8181,0.46,0.54,0.0,Positive,Trust
REV00690,Fashion,Backpack,Fantastic value for the price. It looks even better than the pictures online. 👍,4,2025-01-17,True,2,fantastic value price look even better picture online,0.836,0.426,0.574,0.0,Positive,None Detected
REV00484,Electronics,Wireless Earbuds,Fantastic value for the price. The color and finish look great in person. ✨,5,2024-11-28,True,1,fantastic value price color finish look great person,0.9081,0.554,0.446,0.0,Positive,None Detected
REV01742,Beauty & Personal Care,Hair Dryer,"it's an okay product, nothing special. it's comparable to other products in this price range. 🙂",3,2024-09-26,True,7,okay product nothing special comparable product price range,0.3289,0.211,0.686,0.103,Positive,Joy
REV00124,Home & Kitchen,Air Fryer,WORKS LIKE A CHARM. IT'S COMFORTABLE AND FITS PERFECTLY. ✨ WWW.SHOPREVIEW-SITE.COM/R/12345,4,2024-12-31,True,10,work like charm comfortable fit perfectly,0.958,0.749,0.251,0.0,Positive,None Detected
REV00481,Beauty & Personal Care,Sunscreen Lotion,I want a refund immediately. The material feels cheap and flimsy. 😡,1,2025-06-19,True,2,want refund immediately material feel cheap flimsy,0.0772,0.098,0.902,0.0,Positive,Anticipation
REV00462,Beauty & Personal Care,Lip Balm Set,EXCEEDED MY EXPECTATIONS. IT'S COMFORTABLE AND FITS PERFECTLY. ✨,5,2024-12-05,True,4,exceeded expectation comfortable fit perfectly,0.9055,0.652,0.348,0.0,Positive,None Detected
REV01438,Books & Media,Biography,highly recommend this to everyone. customer service was quick to respond when i had a question.,5,2025-05-05,True,1,highly recommend everyone customer service quick respond question,0.4201,0.157,0.843,0.0,Positive,Trust
REV01165,Beauty & Personal Care,Lip Balm Set,"Exceeded my expectations. Delivery was super fast, arrived a day early. 👍 although it took longer to arrive than promised.",5,2025-06-21,False,0,exceeded expectation delivery super fast arrived day early although took longer arrive promised,0.7506,0.252,0.748,0.0,Positive,Anticipation
REV01663,Home & Kitchen,Non-Stick Pan Set,This is exactly what I needed. The color and finish look great in person. 😊,5,2024-06-11,True,4,exactly needed color finish look great person,0.8779,0.387,0.613,0.0,Positive,None Detected
REV00420,Electronics,Smartwatch,Fantastic value for the price. The color and finish look great in person. 🔥,4,2025-01-24,True,3,fantastic value price color finish look great person,0.8271,0.449,0.444,0.107,Positive,None Detected
REV00357,Home & Kitchen,Non-Stick Pan Set,Couldn't be happier with this purchase. It looks even better than the pictures online. 🔥,4,2024-10-28,True,1,couldnt happier purchase look even better picture online,-0.3129,0.144,0.598,0.258,Negative,None Detected
REV00792,Fashion,Backpack,Works like a charm. The build quality feels premium and sturdy. 👍,4,2025-04-18,True,2,work like charm build quality feel premium sturdy,0.6369,0.321,0.679,0.0,Positive,None Detected
REV01199,Books & Media,Biography,This broke within a few days of use. It doesn't match the pictures shown online at all.,2,2025-02-21,True,0,broke within day use doesnt match picture shown online,-0.4215,0.0,0.851,0.149,Negative,Fear
REV01485,Electronics,Laptop Stand,Absolutely loved this product! Customer service was quick to respond when I had a question. ❤️,5,2025-10-11,True,2,absolutely loved product customer service quick respond question,0.6689,0.219,0.781,0.0,Positive,None Detected
REV01786,Beauty & Personal Care,Lip Balm Set,Absolutely loved this product! Battery life lasts way longer than advertised. 🔥,4,2025-03-22,False,2,absolutely loved product battery life last way longer advertised,0.474,0.266,0.592,0.142,Positive,None Detected
REV00267,Beauty & Personal Care,Hair Dryer,Best purchase I've made this year. It looks even better than the pictures online. 👍 but I wish it came in more color options.,5,2024-11-23,False,2,best purchase ive made year look even better picture online wish came color option,0.7964,0.269,0.731,0.0,Positive,None Detected
REV01122,Electronics,Bluetooth Speaker,Fantastic value for the price. The color and finish look great in person. ❤️ although it took longer to arrive than promised.,4,2024-06-11,True,16,fantastic value price color finish look great person although took longer arrive promised,0.9118,0.399,0.601,0.0,Positive,Anticipation
REV00426,Beauty & Personal Care,Sunscreen Lotion,One of the worst products I've bought online. The material feels cheap and flimsy. 👎,1,2025-12-30,True,4,one worst product ive bought online material feel cheap flimsy,-0.6249,0.0,0.785,0.215,Negative,None Detected
REV01176,Sports & Outdoors,Dumbbell Set,Fantastic value for the price. Battery life lasts way longer than advertised. 😊,5,2024-10-04,False,7,fantastic value price battery life last way longer advertised,0.9001,0.48,0.52,0.0,Positive,None Detected
REV01442,Sports & Outdoors,Water Bottle,Reasonable purchase overall. Good enough for occasional use.,3,2024-09-05,True,0,reasonable purchase overall good enough occasional use,0.4404,0.293,0.707,0.0,Positive,Surprise
REV01151,Sports & Outdoors,Cycling Helmet,"Five stars, no doubt. My family loves it just as much as I do. ❤️",5,2025-03-18,True,2,five star doubt family love much,0.7013,0.293,0.707,0.0,Positive,Joy
REV01194,Fashion,Denim Jacket,this is exactly what i needed. setup was simple and took less than five minutes. 👍,4,2024-06-29,True,2,exactly needed setup simple took less five minute,0.0,0.0,1.0,0.0,Neutral,None Detected
REV00190,Fashion,Backpack,exceeded my expectations. it's comfortable and fits perfectly.,5,2024-11-30,True,0,exceeded expectation comfortable fit perfectly,0.8176,0.556,0.444,0.0,Positive,Anticipation
REV01331,Books & Media,Cookbook,this is exactly what i needed. the build quality feels premium and sturdy. ❤️,4,2025-03-14,True,6,exactly needed build quality feel premium sturdy,0.0,0.0,1.0,0.0,Neutral,None Detected
REV01247,Home & Kitchen,Vacuum Cleaner,"Works like a charm. Delivery was super fast, arrived a day early. ❤️",5,2025-08-05,True,1,work like charm delivery super fast arrived day early,0.8442,0.453,0.547,0.0,Positive,None Detected
REV01344,Home & Kitchen,Electric Kettle,I regret buying this. I found scratches on it right out of the packaging. 💔,2,2024-09-09,True,1,regret buying found scratch right packaging,-0.1779,0.182,0.563,0.255,Negative,Sadness
REV00125,Home & Kitchen,Non-Stick Pan Set,Exceeded my expectations. The color and finish look great in person.,5,2025-12-02,True,5,exceeded expectation color finish look great person,0.6249,0.291,0.709,0.0,Positive,Anticipation
REV01621,Beauty & Personal Care,Moisturizer Cream,Absolutely loved this product! It's comfortable and fits perfectly. 😊,4,2025-09-24,False,1,absolutely loved product comfortable fit perfectly,0.9583,0.666,0.334,0.0,Positive,None Detected
REV01163,Electronics,USB-C Hub,Works like a charm. My family loves it just as much as I do. 👍,5,2024-06-07,False,9,work like charm family love much,0.836,0.406,0.594,0.0,Positive,Joy
REV00445,Home & Kitchen,Blender,Extremely poor quality. The size was completely different from what was described. 👎,2,2025-07-07,True,0,extremely poor quality size completely different described,-0.5256,0.0,0.793,0.207,Negative,None Detected
REV00073,Beauty & Personal Care,Face Serum,"It's exactly what was advertised, nothing more. I might consider other brands next time. 🙂",3,2024-09-28,True,0,exactly advertised nothing might consider brand next time,0.4033,0.145,0.855,0.0,Positive,Anticipation
REV01093,Books & Media,Cookbook,I'm so impressed with the quality. The packaging was neat and nothing was damaged. 🔥,5,2025-11-12,True,8,impressed quality packaging neat nothing damaged,0.87,0.496,0.504,0.0,Positive,None Detected
REV01048,Beauty & Personal Care,Lip Balm Set,"Not bad, but not great either. Shipping took the standard amount of time.",3,2025-11-14,True,4,not bad not great either shipping took standard amount time,-0.5448,0.111,0.633,0.256,Negative,Anger
REV00185,Fashion,Running Shoes,"Does the job but nothing extraordinary. It does what it says, just don't expect much extra. 🙂",3,2024-03-21,True,0,job nothing extraordinary say dont expect much extra,0.5515,0.165,0.835,0.0,Positive,Anticipation
REV00036,Home & Kitchen,Blender,Couldn't be happier with this purchase. Battery life lasts way longer than advertised. 😊,5,2024-09-07,False,0,couldnt happier purchase battery life last way longer advertised,0.498,0.252,0.631,0.117,Positive,None Detected
REV01690,Home & Kitchen,Vacuum Cleaner,This broke within a few days of use. The instructions were confusing and unclear.,1,2024-10-02,True,3,broke within day use instruction confusing unclear,-0.6908,0.0,0.621,0.379,Negative,Fear
REV00518,Beauty & Personal Care,Hair Dryer,Very frustrating experience overall. The stitching came apart almost immediately. 😡,1,2025-08-27,True,3,frustrating experience overall stitching came apart almost immediately,-0.4927,0.0,0.775,0.225,Negative,Anticipation
REV01612,Electronics,USB-C Hub,This broke within a few days of use. The instructions were confusing and unclear. 👎,1,2024-03-17,True,0,broke within day use instruction confusing unclear,-0.6908,0.0,0.66,0.34,Negative,Fear
REV00105,Electronics,Smartwatch,One of the worst products I've bought online. The stitching came apart almost immediately. 💔,1,2025-06-06,True,0,one worst product ive bought online stitching came apart almost immediately,-0.4562,0.165,0.545,0.29,Negative,Anticipation
REV01025,Sports & Outdoors,Dumbbell Set,Best purchase I've made this year. My family loves it just as much as I do. 😊 but the delivery experience could definitely be better.,4,2024-06-25,True,0,best purchase ive made year family love much delivery experience could definitely better,0.9366,0.416,0.584,0.0,Positive,Joy
REV00535,Electronics,Power Bank,"Five stars, no doubt. Customer service was quick to respond when I had a question. 😊",4,2024-05-26,True,1,five star doubt customer service quick respond question,0.797,0.323,0.677,0.0,Positive,Trust
REV00763,Fashion,Backpack,Highly recommend this to everyone. The build quality feels premium and sturdy. ❤️,4,2024-09-08,True,0,highly recommend everyone build quality feel premium sturdy,0.4201,0.177,0.823,0.0,Positive,Trust
REV01410,Sports & Outdoors,Camping Tent,I WANT A REFUND IMMEDIATELY. THE MATERIAL FEELS CHEAP AND FLIMSY.,1,2024-07-03,False,1,want refund immediately material feel cheap flimsy,0.0772,0.115,0.885,0.0,Positive,None Detected
REV00343,Electronics,Laptop Stand,Best purchase I've made this year. The build quality feels premium and sturdy. 👍,5,2025-11-08,False,2,best purchase ive made year build quality feel premium sturdy,0.6369,0.231,0.769,0.0,Positive,None Detected
REV00986,Sports & Outdoors,Resistance Bands,This broke within a few days of use. The material feels cheap and flimsy. 💔,1,2025-01-07,True,5,broke within day use material feel cheap flimsy,-0.1779,0.182,0.563,0.255,Negative,Fear
REV00653,Beauty & Personal Care,Lip Balm Set,"Couldn't be happier with this purchase. Delivery was super fast, arrived a day early. 👍",5,2024-11-25,True,6,couldnt happier purchase delivery super fast arrived day early,0.2787,0.189,0.677,0.134,Positive,None Detected
REV00262,Books & Media,Kids Story Set,Highly recommend this to everyone. Setup was simple and took less than five minutes. ❤️,5,2025-11-08,True,5,highly recommend everyone setup simple took less five minute,0.4201,0.157,0.843,0.0,Positive,Trust
REV01318,Beauty & Personal Care,Moisturizer Cream,exceeded my expectations. the build quality feels premium and sturdy. 😊,5,2024-01-27,True,3,exceeded expectation build quality feel premium sturdy,0.7184,0.316,0.684,0.0,Positive,Anticipation
REV00427,Home & Kitchen,Electric Kettle,"Reasonable purchase overall. Packaging was standard, nothing memorable.",3,2024-01-13,True,6,reasonable purchase overall packaging standard nothing memorable,0.0,0.0,1.0,0.0,Neutral,Joy
REV00835,Sports & Outdoors,Cycling Helmet,This broke within a few days of use. There was a strange smell straight out of the box. 😡,2,2025-02-16,True,5,broke within day use strange smell straight box,-0.4019,0.081,0.723,0.196,Negative,Fear
REV00173,Electronics,Smartwatch,Works like a charm. Setup was simple and took less than five minutes. 👍,4,2024-11-05,False,2,work like charm setup simple took less five minute,0.6369,0.286,0.714,0.0,Positive,None Detected
REV00786,Beauty & Personal Care,Face Serum,Exceeded my expectations. It looks even better than the pictures online. 👍,4,2025-09-15,True,0,exceeded expectation look even better picture online,0.4404,0.195,0.805,0.0,Positive,Anticipation
REV00236,Home & Kitchen,Non-Stick Pan Set,One of the worst products I've bought online. There was a strange smell straight out of the box. 😢,1,2025-06-12,False,10,one worst product ive bought online strange smell straight box,-0.7964,0.071,0.595,0.335,Negative,Anger
REV00798,Books & Media,Kids Story Set,This is exactly what I needed. The build quality feels premium and sturdy. ✨,5,2024-11-20,True,2,exactly needed build quality feel premium sturdy,0.3182,0.15,0.85,0.0,Positive,None Detected
REV00843,Home & Kitchen,Bedsheet Set,This broke within a few days of use. The material feels cheap and flimsy. 👎,2,2025-12-13,False,5,broke within day use material feel cheap flimsy,-0.4215,0.0,0.843,0.157,Negative,Fear
REV01032,Fashion,Cotton T-Shirt,This is exactly what I needed. Battery life lasts way longer than advertised. although the price is a bit high for what you get.,5,2024-01-15,True,1,exactly needed battery life last way longer advertised although price bit high get,0.0,0.0,1.0,0.0,Neutral,None Detected
REV00283,Books & Media,Kids Story Set,Best purchase I've made this year. Battery life lasts way longer than advertised. even though customer service was slow to respond.,4,2025-08-22,True,2,best purchase ive made year battery life last way longer advertised even though customer service slow respond,0.6369,0.174,0.826,0.0,Positive,None Detected
REV01476,Books & Media,Self-Help Book,Works like a charm. The color and finish look great in person. ❤️,5,2025-04-24,True,3,work like charm color finish look great person,0.8519,0.458,0.542,0.0,Positive,None Detected
REV01539,Sports & Outdoors,Resistance Bands,Fantastic value for the price. It looks even better than the pictures online. ❤️ even though customer service was slow to respond.,5,2024-08-28,True,0,fantastic value price look even better picture online even though customer service slow respond,0.836,0.308,0.692,0.0,Positive,None Detected
REV00657,Electronics,Smartwatch,Fantastic value for the price. It looks even better than the pictures online. ❤️,4,2024-10-10,False,5,fantastic value price look even better picture online,0.836,0.426,0.574,0.0,Positive,None Detected
REV00301,Books & Media,Comic Collection,One of the worst products I've bought online. Customer support never replied to my emails.,2,2024-06-18,True,0,one worst product ive bought online customer support never replied email,-0.34,0.136,0.657,0.207,Negative,None Detected
REV00592,Electronics,Laptop Stand,Absolutely loved this product! The packaging was neat and nothing was damaged. ✨,5,2025-04-04,True,8,absolutely loved product packaging neat nothing damaged,0.8372,0.474,0.432,0.094,Positive,None Detected
REV00995,Books & Media,Kids Story Set,I'm so impressed with the quality. It looks even better than the pictures online. ❤️,4,2025-07-01,False,3,impressed quality look even better picture online,0.7425,0.31,0.69,0.0,Positive,None Detected
REV00867,Beauty & Personal Care,Lip Balm Set,Highly recommend this to everyone. It looks even better than the pictures online. 👍,4,2025-11-15,True,1,highly recommend everyone look even better picture online,0.6901,0.305,0.695,0.0,Positive,Trust
REV00860,Fashion,Running Shoes,Highly recommend this to everyone. My family loves it just as much as I do. 😊,5,2024-12-29,False,0,highly recommend everyone family love much,0.9099,0.438,0.562,0.0,Positive,Trust
REV00989,Home & Kitchen,Electric Kettle,"Not bad, but not great either. I might consider other brands next time. 🤷",3,2024-05-31,True,1,not bad not great either might consider brand next time,-0.5448,0.099,0.671,0.229,Negative,Anger
REV00681,Books & Media,Biography,Exceeded my expectations. Battery life lasts way longer than advertised. 😊,5,2024-01-14,True,0,exceeded expectation battery life last way longer advertised,0.7184,0.316,0.684,0.0,Positive,Anticipation
REV00514,Electronics,USB-C Hub,Fantastic value for the price. The build quality feels premium and sturdy. 👍,5,2024-02-26,True,5,fantastic value price build quality feel premium sturdy,0.7184,0.333,0.667,0.0,Positive,None Detected
REV01477,Sports & Outdoors,Water Bottle,I'm so impressed with the quality. The packaging was neat and nothing was damaged. ❤️ even though customer service was slow to respond.,5,2025-10-01,True,1,impressed quality packaging neat nothing damaged even though customer service slow respond,0.8316,0.295,0.705,0.0,Positive,None Detected
REV01085,Fashion,Leather Wallet,Couldn't be happier with this purchase. Battery life lasts way longer than advertised. 🔥,5,2024-08-03,True,1,couldnt happier purchase battery life last way longer advertised,-0.6341,0.0,0.699,0.301,Negative,None Detected
REV01604,Beauty & Personal Care,Lip Balm Set,"Highly recommend this to everyone. Delivery was super fast, arrived a day early. ✨",5,2025-03-22,False,4,highly recommend everyone delivery super fast arrived day early,0.8399,0.45,0.55,0.0,Positive,Trust
REV01771,Home & Kitchen,Non-Stick Pan Set,"It works as described, no complaints, no excitement. The design is simple but functional. 🤷",3,2025-02-12,True,4,work described complaint excitement design simple functional,0.0667,0.172,0.727,0.101,Positive,Anger
REV00956,Fashion,Backpack,A decent option if you're on a budget. Some features could be improved in future versions. 🙂,3,2024-01-01,True,6,decent option youre budget feature could improved future version,0.701,0.255,0.745,0.0,Positive,Trust
REV00618,Electronics,Smartwatch,Couldn't be happier with this purchase. It's comfortable and fits perfectly. ✨,5,2025-11-05,False,1,couldnt happier purchase comfortable fit perfectly,0.792,0.476,0.389,0.135,Positive,None Detected
REV00895,Books & Media,Kids Story Set,One of the worst products I've bought online. I found scratches on it right out of the packaging. 😡,1,2024-10-02,True,2,one worst product ive bought online found scratch right packaging,-0.6249,0.0,0.823,0.177,Negative,Joy
REV00637,Beauty & Personal Care,Face Serum,I'm so impressed with the quality. It looks even better than the pictures online. 👍,5,2024-12-08,False,0,impressed quality look even better picture online,0.7425,0.31,0.69,0.0,Positive,None Detected
REV00667,Fashion,Cotton T-Shirt,"It works as described, no complaints, no excitement. I might consider other brands next time. 🙂",3,2024-10-09,True,16,work described complaint excitement might consider brand next time,0.4981,0.292,0.596,0.112,Positive,Anticipation
REV00848,Books & Media,Self-Help Book,Absolutely loved this product! Setup was simple and took less than five minutes. 👍,4,2024-03-29,True,0,absolutely loved product setup simple took less five minute,0.6689,0.243,0.757,0.0,Positive,None Detected
REV00815,Books & Media,Kids Story Set,Really disappointed with this purchase. It arrived late and the box was damaged. 😢,2,2024-05-04,True,1,really disappointed purchase arrived late box damaged,-0.8553,0.0,0.561,0.439,Negative,Sadness
REV00259,Home & Kitchen,Blender,"This is exactly what I needed. Delivery was super fast, arrived a day early. 🔥",4,2024-02-04,True,4,exactly needed delivery super fast arrived day early,0.3612,0.202,0.674,0.124,Positive,None Detected
REV01303,Books & Media,Fiction Novel,Not worth the money at all. Customer support never replied to my emails. 👎,1,2024-04-21,True,2,not worth money customer support never replied email,0.2579,0.155,0.749,0.096,Positive,Anger
REV01735,Books & Media,Self-Help Book,Couldn't be happier with this purchase. It's comfortable and fits perfectly. 👍,5,2024-04-19,True,0,couldnt happier purchase comfortable fit perfectly,0.6931,0.37,0.493,0.137,Positive,None Detected
REV01782,Fashion,Denim Jacket,Would not recommend this to anyone. The size was completely different from what was described. 😡,1,2025-02-07,True,1,would not recommend anyone size completely different described,-0.2755,0.0,0.883,0.117,Negative,Trust
REV01541,Fashion,Denim Jacket,I'M SO IMPRESSED WITH THE QUALITY. THE PACKAGING WAS NEAT AND NOTHING WAS DAMAGED. 🔥 EVEN THOUGH CUSTOMER SERVICE WAS SLOW TO RESPOND.,5,2024-07-10,True,6,impressed quality packaging neat nothing damaged even though customer service slow respond,0.9271,0.417,0.583,0.0,Positive,None Detected
REV00323,Sports & Outdoors,Water Bottle,Really disappointed with this purchase. It arrived late and the box was damaged. 👎,2,2025-12-20,False,6,really disappointed purchase arrived late box damaged,-0.7425,0.0,0.674,0.326,Negative,Sadness
REV00796,Books & Media,Fiction Novel,Exceeded my expectations. Customer service was quick to respond when I had a question. 😊,5,2024-09-22,True,14,exceeded expectation customer service quick respond question,0.7184,0.261,0.739,0.0,Positive,Anticipation
REV01076,Beauty & Personal Care,Electric Trimmer,Absolutely loved this product! It's comfortable and fits perfectly. 😊,4,2024-11-17,True,0,absolutely loved product comfortable fit perfectly,0.9583,0.666,0.334,0.0,Positive,None Detected
REV00149,Sports & Outdoors,Water Bottle,Works like a charm. My family loves it just as much as I do.,5,2025-12-05,True,0,work like charm family love much,0.836,0.447,0.553,0.0,Positive,Joy
REV01339,Beauty & Personal Care,Face Serum,"Five stars, no doubt. Customer service was quick to respond when I had a question. 👍",4,2024-01-27,False,0,five star doubt customer service quick respond question,0.2755,0.117,0.883,0.0,Positive,Trust
REV01198,Books & Media,Self-Help Book,I'm so impressed with the quality. Customer service was quick to respond when I had a question.,5,2025-02-08,True,1,impressed quality customer service quick respond question,0.5256,0.175,0.825,0.0,Positive,None Detected
REV00978,Fashion,Backpack,This is exactly what I needed. It's comfortable and fits perfectly. 🔥,5,2025-11-11,False,8,exactly needed comfortable fit perfectly,0.7269,0.397,0.476,0.127,Positive,None Detected
REV01497,Home & Kitchen,Electric Kettle,"Exceeded my expectations. Delivery was super fast, arrived a day early. 😊",4,2024-09-07,True,1,exceeded expectation delivery super fast arrived day early,0.872,0.432,0.568,0.0,Positive,Anticipation
REV00041,Books & Media,Fiction Novel,Exceeded my expectations. The packaging was neat and nothing was damaged. 🔥,5,2025-12-13,True,2,exceeded expectation packaging neat nothing damaged,0.7537,0.453,0.547,0.0,Positive,Anticipation
REV00603,Electronics,USB-C Hub,Best purchase I've made this year. The color and finish look great in person. 😊,4,2025-11-28,True,4,best purchase ive made year color finish look great person,0.936,0.488,0.512,0.0,Positive,None Detected
REV00522,Home & Kitchen,Blender,Fantastic value for the price. The color and finish look great in person. 🔥,4,2025-08-12,True,2,fantastic value price color finish look great person,0.8271,0.449,0.444,0.107,Positive,None Detected
REV01324,Home & Kitchen,Electric Kettle,Best purchase I've made this year. It looks even better than the pictures online. ❤️,5,2024-06-17,True,2,best purchase ive made year look even better picture online,0.7964,0.336,0.664,0.0,Positive,None Detected
REV00698,Fashion,Denim Jacket,Absolutely loved this product! Customer service was quick to respond when I had a question. 👍,4,2024-06-19,True,5,absolutely loved product customer service quick respond question,0.6689,0.219,0.781,0.0,Positive,None Detected
REV00668,Fashion,Leather Wallet,Exceeded my expectations. The packaging was neat and nothing was damaged. ✨,5,2024-04-03,True,3,exceeded expectation packaging neat nothing damaged,0.5337,0.33,0.55,0.12,Positive,Anticipation
REV00505,Sports & Outdoors,Resistance Bands,"It's exactly what was advertised, nothing more. Packaging was standard, nothing memorable. 🤷",3,2024-03-08,True,2,exactly advertised nothing packaging standard nothing memorable,0.0,0.0,1.0,0.0,Neutral,Joy
REV01776,Electronics,Laptop Stand,Best purchase I've made this year. The build quality feels premium and sturdy. ❤️,5,2024-08-01,False,0,best purchase ive made year build quality feel premium sturdy,0.6369,0.231,0.769,0.0,Positive,None Detected
REV00502,Home & Kitchen,Bedsheet Set,Absolutely loved this product! It's comfortable and fits perfectly.,5,2025-07-26,True,3,absolutely loved product comfortable fit perfectly,0.9183,0.666,0.334,0.0,Positive,None Detected
REV00619,Fashion,Running Shoes,highly recommend this to everyone. it looks even better than the pictures online. 👍,5,2025-05-18,False,1,highly recommend everyone look even better picture online,0.6901,0.305,0.695,0.0,Positive,Trust
REV00676,Electronics,Power Bank,I'm so impressed with the quality. It looks even better than the pictures online. ❤️,5,2025-11-16,True,2,impressed quality look even better picture online,0.7425,0.31,0.69,0.0,Positive,None Detected
REV00386,Home & Kitchen,Air Fryer,"Would not recommend this to anyone. Customer support never replied to my emails. 💔 On the plus side, it did arrive quickly.",2,2025-10-22,True,5,would not recommend anyone customer support never replied email plus side arrive quickly,0.3999,0.222,0.611,0.167,Positive,Trust
REV00930,Home & Kitchen,Blender,"Five stars, no doubt. The color and finish look great in person.",5,2025-09-11,True,3,five star doubt color finish look great person,0.7359,0.383,0.617,0.0,Positive,Trust
REV00704,Fashion,Sunglasses,Fantastic value for the price. The packaging was neat and nothing was damaged.,5,2025-12-17,False,4,fantastic value price packaging neat nothing damaged,0.8861,0.559,0.441,0.0,Positive,None Detected
REV00248,Fashion,Leather Wallet,I'm so impressed with the quality. It's comfortable and fits perfectly. 👍,4,2025-07-11,True,1,impressed quality comfortable fit perfectly,0.8977,0.521,0.479,0.0,Positive,None Detected
REV01609,Books & Media,Self-Help Book,Extremely poor quality. Customer support never replied to my emails. 😢,2,2024-06-14,False,0,extremely poor quality customer support never replied email,-0.5849,0.148,0.495,0.357,Negative,None Detected
REV01738,Electronics,Bluetooth Speaker,Fantastic value for the price. The packaging was neat and nothing was damaged. ❤️,5,2024-05-05,True,4,fantastic value price packaging neat nothing damaged,0.8861,0.509,0.491,0.0,Positive,None Detected
REV01644,Electronics,Power Bank,Highly recommend this to everyone. The packaging was neat and nothing was damaged. ❤️,4,2024-02-21,True,4,highly recommend everyone packaging neat nothing damaged,0.8019,0.406,0.594,0.0,Positive,Trust
REV00035,Electronics,Bluetooth Speaker,This was a complete waste of time. It stopped working after just one week. 💔,1,2024-06-22,True,13,complete waste time stopped working one week,-0.3818,0.175,0.5,0.325,Negative,Disgust
REV01569,Beauty & Personal Care,Face Serum,Fantastic value for the price. Battery life lasts way longer than advertised. ❤️,5,2025-04-28,False,4,fantastic value price battery life last way longer advertised,0.7184,0.333,0.667,0.0,Positive,None Detected
REV00203,Books & Media,Kids Story Set,Works like a charm. Customer service was quick to respond when I had a question. ❤️,4,2024-05-25,True,6,work like charm customer service quick respond question,0.6369,0.257,0.743,0.0,Positive,None Detected
REV00085,Beauty & Personal Care,Face Serum,I regret buying this. The material feels cheap and flimsy. 😡,1,2025-11-17,False,2,regret buying material feel cheap flimsy,-0.4215,0.0,0.797,0.203,Negative,Sadness
REV01157,Electronics,Smartwatch,Absolutely loved this product! The build quality feels premium and sturdy. 😊,4,2024-05-01,True,3,absolutely loved product build quality feel premium sturdy,0.8881,0.446,0.554,0.0,Positive,None Detected
REV01174,Beauty & Personal Care,Face Serum,"Works like a charm. Delivery was super fast, arrived a day early.",5,2024-12-15,True,1,work like charm delivery super fast arrived day early,0.8442,0.503,0.497,0.0,Positive,None Detected
REV01581,Beauty & Personal Care,Sunscreen Lotion,Couldn't be happier with this purchase. Battery life lasts way longer than advertised. ❤️,4,2024-06-26,False,0,couldnt happier purchase battery life last way longer advertised,-0.4168,0.0,0.835,0.165,Negative,None Detected
REV00939,Home & Kitchen,Vacuum Cleaner,"Five stars, no doubt. The packaging was neat and nothing was damaged. 👍",4,2024-01-11,True,2,five star doubt packaging neat nothing damaged,0.7591,0.406,0.594,0.0,Positive,Trust
REV00387,Sports & Outdoors,Yoga Mat,I regret buying this. It doesn't match the pictures shown online at all. 👎,2,2024-01-22,True,1,regret buying doesnt match picture shown online,-0.4215,0.0,0.833,0.167,Negative,Sadness
REV01346,Home & Kitchen,Vacuum Cleaner,Best purchase I've made this year. Setup was simple and took less than five minutes. 😊,4,2024-07-01,False,2,best purchase ive made year setup simple took less five minute,0.8807,0.375,0.625,0.0,Positive,None Detected
REV00747,Fashion,Backpack,"It works as described, no complaints, no excitement. It's a bit bulkier than I expected. 🤷",3,2025-08-28,True,0,work described complaint excitement bit bulkier expected,0.1326,0.2,0.674,0.127,Positive,Anticipation
REV01582,Books & Media,Kids Story Set,"It's exactly what was advertised, nothing more. Packaging was standard, nothing memorable. 🤷",3,2024-05-10,True,2,exactly advertised nothing packaging standard nothing memorable,0.0,0.0,1.0,0.0,Neutral,Joy
REV00422,Fashion,Sunglasses,"It's exactly what was advertised, nothing more. There are better alternatives but this works fine too.",3,2025-02-11,False,9,exactly advertised nothing better alternative work fine,0.5076,0.234,0.766,0.0,Positive,None Detected
REV01670,Beauty & Personal Care,Hair Dryer,"Fantastic value for the price. Delivery was super fast, arrived a day early. 🔥",4,2024-05-02,True,3,fantastic value price delivery super fast arrived day early,0.8176,0.444,0.448,0.108,Positive,None Detected
REV00425,Books & Media,Comic Collection,"Best purchase I've made this year. Delivery was super fast, arrived a day early. 😊 but I wish it came in more color options.",4,2025-09-18,False,2,best purchase ive made year delivery super fast arrived day early wish came color option,0.891,0.354,0.646,0.0,Positive,None Detected
REV00493,Electronics,Bluetooth Speaker,"I'm so impressed with the quality. Delivery was super fast, arrived a day early. 👍",5,2025-03-22,True,2,impressed quality delivery super fast arrived day early,0.807,0.343,0.657,0.0,Positive,None Detected
REV01624,Electronics,Laptop Stand,Best purchase I've made this year. It's comfortable and fits perfectly. 🔥,4,2024-05-22,False,1,best purchase ive made year comfortable fit perfectly,0.8834,0.529,0.362,0.109,Positive,None Detected
REV00620,Electronics,Bluetooth Speaker,This is exactly what I needed. Customer service was quick to respond when I had a question. 🔥 although it took longer to arrive than promised.,5,2024-05-27,True,0,exactly needed customer service quick respond question although took longer arrive promised,0.0258,0.087,0.83,0.083,Neutral,Anticipation
REV00691,Home & Kitchen,Bedsheet Set,Very frustrating experience overall. It arrived late and the box was damaged. 💔,2,2024-09-18,True,1,frustrating experience overall arrived late box damaged,-0.6115,0.18,0.427,0.393,Negative,Sadness
REV01395,Beauty & Personal Care,Face Serum,I'm so impressed with the quality. The build quality feels premium and sturdy. 🔥,5,2024-10-09,True,15,impressed quality build quality feel premium sturdy,0.2484,0.191,0.674,0.135,Positive,None Detected
REV01606,Sports & Outdoors,Water Bottle,Not worth the money at all. It arrived late and the box was damaged. 💔,2,2024-10-11,True,3,not worth money arrived late box damaged,-0.354,0.176,0.503,0.321,Negative,Anger
REV00488,Fashion,Denim Jacket,THIS WAS A COMPLETE WASTE OF TIME. I FOUND SCRATCHES ON IT RIGHT OUT OF THE PACKAGING. 💔,1,2025-10-04,False,0,complete waste time found scratch right packaging,-0.347,0.157,0.596,0.247,Negative,None Detected
REV01457,Sports & Outdoors,Resistance Bands,Best purchase I've made this year. It looks even better than the pictures online. ❤️,5,2024-07-22,True,10,best purchase ive made year look even better picture online,0.7964,0.336,0.664,0.0,Positive,None Detected
REV00992,Electronics,Bluetooth Speaker,"Five stars, no doubt. It's comfortable and fits perfectly.",4,2025-08-24,False,1,five star doubt comfortable fit perfectly,0.8628,0.616,0.384,0.0,Positive,Trust
REV00736,Beauty & Personal Care,Face Serum,Couldn't be happier with this purchase. It looks even better than the pictures online. but I wish it came in more color options.,4,2025-06-24,True,4,couldnt happier purchase look even better picture online wish came color option,0.5591,0.201,0.73,0.069,Positive,None Detected
REV00188,Fashion,Denim Jacket,"Very frustrating experience overall. It doesn't match the pictures shown online at all. 😢 On the plus side, it did arrive quickly.",1,2024-11-18,True,1,frustrating experience overall doesnt match picture shown online plus side arrive quickly,-0.7425,0.0,0.769,0.231,Negative,Anticipation
REV01709,Fashion,Running Shoes,Highly recommend this to everyone. It's comfortable and fits perfectly.,4,2024-09-21,True,3,highly recommend everyone comfortable fit perfectly,0.8832,0.595,0.405,0.0,Positive,Trust
REV01526,Sports & Outdoors,Resistance Bands,"It's an okay product, nothing special. Good enough for occasional use. 🤷",3,2024-12-15,True,1,okay product nothing special good enough occasional use,-0.4145,0.115,0.604,0.282,Negative,Joy
REV00146,Electronics,Laptop Stand,This broke within a few days of use. It stopped working after just one week. 😢,1,2024-05-01,True,0,broke within day use stopped working one week,-0.7783,0.0,0.642,0.358,Negative,Fear
REV01441,Books & Media,Cookbook,HIGHLY RECOMMEND THIS TO EVERYONE. MY FAMILY LOVES IT JUST AS MUCH AS I DO. ❤️,4,2025-04-03,True,5,highly recommend everyone family love much,0.8655,0.367,0.633,0.0,Positive,None Detected
REV01787,Beauty & Personal Care,Electric Trimmer,I'm so impressed with the quality. It's comfortable and fits perfectly.,5,2025-03-11,True,13,impressed quality comfortable fit perfectly,0.8977,0.577,0.423,0.0,Positive,None Detected
REV01028,Electronics,Bluetooth Speaker,"I'm so impressed with the quality. Delivery was super fast, arrived a day early. 🔥",5,2024-05-17,False,3,impressed quality delivery super fast arrived day early,0.7089,0.336,0.553,0.111,Positive,None Detected
REV00768,Beauty & Personal Care,Moisturizer Cream,Best purchase I've made this year. Battery life lasts way longer than advertised.,4,2025-05-18,True,0,best purchase ive made year battery life last way longer advertised,0.6369,0.259,0.741,0.0,Positive,None Detected
REV00396,Books & Media,Comic Collection,One of the worst products I've bought online. It arrived late and the box was damaged. 👎,2,2024-12-26,False,2,one worst product ive bought online arrived late box damaged,-0.7906,0.0,0.696,0.304,Negative,Sadness
REV01257,Beauty & Personal Care,Hair Dryer,Fantastic value for the price. Customer service was quick to respond when I had a question. 😊,4,2024-05-28,True,2,fantastic value price customer service quick respond question,0.9001,0.414,0.586,0.0,Positive,None Detected
REV01294,Books & Media,Self-Help Book,not worth the money at all. the stitching came apart almost immediately.,1,2025-06-21,False,3,not worth money stitching came apart almost immediately,-0.1695,0.0,0.868,0.132,Negative,Anticipation
REV01229,Books & Media,Self-Help Book,Fantastic value for the price. The packaging was neat and nothing was damaged. 🔥,4,2024-11-03,False,2,fantastic value price packaging neat nothing damaged,0.9089,0.599,0.401,0.0,Positive,None Detected
REV01757,Fashion,Running Shoes,Fantastic value for the price. Customer service was quick to respond when I had a question. ✨,5,2025-07-30,True,5,fantastic value price customer service quick respond question,0.8074,0.372,0.628,0.0,Positive,None Detected
REV00204,Home & Kitchen,Vacuum Cleaner,I'm so impressed with the quality. It's comfortable and fits perfectly. 🔥,4,2025-12-28,True,0,impressed quality comfortable fit perfectly,0.8588,0.512,0.376,0.113,Positive,None Detected
REV00319,Home & Kitchen,Blender,I'm so impressed with the quality. Customer service was quick to respond when I had a question. ✨ although it took longer to arrive than promised.,4,2025-11-10,True,0,impressed quality customer service quick respond question although took longer arrive promised,0.8016,0.263,0.737,0.0,Positive,Anticipation
REV00222,Beauty & Personal Care,Lip Balm Set,highly recommend this to everyone. it looks even better than the pictures online. 🔥,4,2024-01-09,True,1,highly recommend everyone look even better picture online,0.5095,0.298,0.576,0.126,Positive,Trust
REV00208,Sports & Outdoors,Cycling Helmet,"Couldn't be happier with this purchase. Delivery was super fast, arrived a day early. ❤️",5,2025-08-27,True,1,couldnt happier purchase delivery super fast arrived day early,0.2787,0.189,0.677,0.134,Positive,None Detected
REV01350,Sports & Outdoors,Cycling Helmet,Best purchase I've made this year. The build quality feels premium and sturdy. 👍,5,2024-08-03,True,4,best purchase ive made year build quality feel premium sturdy,0.6369,0.231,0.769,0.0,Positive,None Detected
REV00547,Sports & Outdoors,Camping Tent,"Five stars, no doubt. The packaging was neat and nothing was damaged. 👍",4,2024-02-18,True,2,five star doubt packaging neat nothing damaged,0.7591,0.406,0.594,0.0,Positive,Trust
REV00496,Sports & Outdoors,Water Bottle,"I'm so impressed with the quality. Delivery was super fast, arrived a day early. 🔥",5,2025-03-14,True,3,impressed quality delivery super fast arrived day early,0.7089,0.336,0.553,0.111,Positive,None Detected
REV00708,Books & Media,Self-Help Book,Best purchase I've made this year. It's comfortable and fits perfectly.,4,2025-09-07,True,8,best purchase ive made year comfortable fit perfectly,0.9136,0.594,0.406,0.0,Positive,None Detected
REV01297,Sports & Outdoors,Resistance Bands,i'm so impressed with the quality. the packaging was neat and nothing was damaged. ❤️,4,2025-10-16,True,2,impressed quality packaging neat nothing damaged,0.8316,0.404,0.596,0.0,Positive,None Detected
REV00003,Fashion,Backpack,ONE OF THE WORST PRODUCTS I'VE BOUGHT ONLINE. THERE WAS A STRANGE SMELL STRAIGHT OUT OF THE BOX. 😢,2,2024-02-14,True,0,one worst product ive bought online strange smell straight box,-0.8331,0.09,0.55,0.36,Negative,None Detected
REV01572,Fashion,Cotton T-Shirt,Couldn't be happier with this purchase. Battery life lasts way longer than advertised.,4,2024-08-11,False,2,couldnt happier purchase battery life last way longer advertised,-0.4168,0.0,0.812,0.188,Negative,None Detected
REV01015,Electronics,Laptop Stand,Reasonable purchase overall. Good enough for occasional use.,3,2025-04-07,False,3,reasonable purchase overall good enough occasional use,0.4404,0.293,0.707,0.0,Positive,Surprise
REV01096,Fashion,Cotton T-Shirt,"It's exactly what was advertised, nothing more. The design is simple but functional.",3,2025-01-30,True,7,exactly advertised nothing design simple functional,0.0,0.0,1.0,0.0,Neutral,None Detected
REV00864,Sports & Outdoors,Camping Tent,COULDN'T BE HAPPIER WITH THIS PURCHASE. THE COLOR AND FINISH LOOK GREAT IN PERSON. 🔥 ALTHOUGH THE PRICE IS A BIT HIGH FOR WHAT YOU GET.,4,2024-08-25,False,17,couldnt happier purchase color finish look great person although price bit high get,0.0296,0.144,0.686,0.17,Neutral,None Detected
REV00846,Sports & Outdoors,Camping Tent,"Not bad, but not great either. Shipping took the standard amount of time. 🙂",3,2025-09-30,True,2,not bad not great either shipping took standard amount time,0.0115,0.239,0.567,0.194,Neutral,Anger
REV00629,Books & Media,Fiction Novel,"It works as described, no complaints, no excitement. It does what it says, just don't expect much extra.",3,2024-03-20,True,2,work described complaint excitement say dont expect much extra,0.1326,0.19,0.689,0.121,Positive,Anticipation
REV00881,Electronics,Smartwatch,Best purchase I've made this year. It's comfortable and fits perfectly. 👍,4,2024-08-28,True,5,best purchase ive made year comfortable fit perfectly,0.9136,0.539,0.461,0.0,Positive,None Detected
REV00345,Sports & Outdoors,Camping Tent,Best purchase I've made this year. Battery life lasts way longer than advertised. 🔥,5,2025-05-31,True,0,best purchase ive made year battery life last way longer advertised,0.4215,0.226,0.645,0.129,Positive,None Detected
REV00892,Home & Kitchen,Non-Stick Pan Set,Absolutely loved this product! Battery life lasts way longer than advertised. ✨,4,2025-09-28,True,3,absolutely loved product battery life last way longer advertised,0.7773,0.404,0.596,0.0,Positive,None Detected
REV01607,Sports & Outdoors,Yoga Mat,"AVERAGE QUALITY FOR THE PRICE. IT DOES WHAT IT SAYS, JUST DON'T EXPECT MUCH EXTRA.",3,2025-12-05,True,3,average quality price say dont expect much extra,0.0,0.0,1.0,0.0,Neutral,None Detected
REV00231,Electronics,Bluetooth Speaker,One of the worst products I've bought online. It stopped working after just one week. 😡,2,2025-11-04,True,3,one worst product ive bought online stopped working one week,-0.7184,0.0,0.714,0.286,Negative,None Detected
REV01159,Electronics,USB-C Hub,Reasonable purchase overall. Some features could be improved in future versions. 🤷,3,2024-04-10,True,1,reasonable purchase overall feature could improved future version,0.4767,0.205,0.795,0.0,Positive,None Detected
REV01190,Home & Kitchen,Electric Kettle,This is exactly what I needed. Setup was simple and took less than five minutes. 👍,4,2025-07-30,True,4,exactly needed setup simple took less five minute,0.0,0.0,1.0,0.0,Neutral,None Detected
REV00151,Fashion,Running Shoes,"Very frustrating experience overall. It arrived late and the box was damaged. 👎 On the plus side, it did arrive quickly.",1,2025-04-27,False,2,frustrating experience overall arrived late box damaged plus side arrive quickly,-0.7264,0.0,0.766,0.234,Negative,Sadness
REV00490,Books & Media,Comic Collection,I'm so impressed with the quality. Setup was simple and took less than five minutes. 😊,4,2025-11-17,False,2,impressed quality setup simple took less five minute,0.8553,0.356,0.644,0.0,Positive,None Detected
REV00349,Electronics,USB-C Hub,"It's an okay product, nothing special. Good enough for occasional use.",3,2024-04-19,True,2,okay product nothing special good enough occasional use,-0.4145,0.13,0.549,0.32,Negative,Joy
REV01357,Sports & Outdoors,Camping Tent,best purchase i've made this year. it's comfortable and fits perfectly. 👍,4,2024-01-07,False,1,best purchase ive made year comfortable fit perfectly,0.9136,0.539,0.461,0.0,Positive,None Detected
REV00375,Home & Kitchen,Vacuum Cleaner,Fantastic value for the price. It's comfortable and fits perfectly. ❤️,5,2025-10-13,False,2,fantastic value price comfortable fit perfectly,0.926,0.628,0.372,0.0,Positive,None Detected
REV01230,Electronics,Smartwatch,Couldn't be happier with this purchase. Setup was simple and took less than five minutes. 🔥,4,2024-03-18,False,1,couldnt happier purchase setup simple took less five minute,-0.6341,0.0,0.73,0.27,Negative,None Detected
REV01084,Sports & Outdoors,Cycling Helmet,I'm so impressed with the quality. Customer service was quick to respond when I had a question. ✨,5,2025-12-11,False,0,impressed quality customer service quick respond question,0.6901,0.262,0.738,0.0,Positive,None Detected
REV00152,Books & Media,Comic Collection,Absolutely loved this product! Customer service was quick to respond when I had a question. ✨,4,2025-06-29,True,3,absolutely loved product customer service quick respond question,0.7773,0.326,0.674,0.0,Positive,None Detected
REV01576,Sports & Outdoors,Yoga Mat,Absolutely loved this product! It's comfortable and fits perfectly.,5,2024-02-21,True,0,absolutely loved product comfortable fit perfectly,0.9183,0.666,0.334,0.0,Positive,None Detected
REV00200,Fashion,Cotton T-Shirt,Best purchase I've made this year. The packaging was neat and nothing was damaged. 🔥 although it took longer to arrive than promised.,5,2025-07-10,True,4,best purchase ive made year packaging neat nothing damaged although took longer arrive promised,0.9208,0.44,0.56,0.0,Positive,Anticipation
REV00650,Electronics,Bluetooth Speaker,I'm so impressed with the quality. Setup was simple and took less than five minutes. 🔥,5,2025-03-20,False,3,impressed quality setup simple took less five minute,0.2484,0.171,0.707,0.121,Positive,None Detected
REV01551,Books & Media,Cookbook,"Extremely poor quality. The instructions were confusing and unclear. 😢 On the plus side, it did arrive quickly.",2,2024-11-24,True,4,extremely poor quality instruction confusing unclear plus side arrive quickly,-0.8553,0.0,0.591,0.409,Negative,Trust
REV01259,Fashion,Backpack,This broke within a few days of use. The stitching came apart almost immediately.,1,2024-01-21,True,1,broke within day use stitching came apart almost immediately,-0.4215,0.0,0.823,0.177,Negative,Fear
REV00806,Books & Media,Comic Collection,This is exactly what I needed. The build quality feels premium and sturdy. ❤️,5,2025-02-28,True,3,exactly needed build quality feel premium sturdy,0.0,0.0,1.0,0.0,Neutral,None Detected
REV00354,Sports & Outdoors,Camping Tent,Couldn't be happier with this purchase. The build quality feels premium and sturdy. 👍,4,2024-02-04,True,4,couldnt happier purchase build quality feel premium sturdy,-0.4168,0.0,0.835,0.165,Negative,None Detected
REV01042,Sports & Outdoors,Dumbbell Set,I'm so impressed with the quality. Battery life lasts way longer than advertised. 😊,4,2025-11-19,True,7,impressed quality battery life last way longer advertised,0.8553,0.385,0.615,0.0,Positive,None Detected
REV00510,Beauty & Personal Care,Hair Dryer,Couldn't be happier with this purchase. Customer service was quick to respond when I had a question.,5,2024-06-14,True,0,couldnt happier purchase customer service quick respond question,-0.4168,0.0,0.852,0.148,Negative,None Detected
REV00300,Sports & Outdoors,Resistance Bands,Middle of the road experience. It's a bit bulkier than I expected.,3,2024-09-11,True,0,middle road experience bit bulkier expected,0.0,0.0,1.0,0.0,Neutral,Anticipation
REV01626,Sports & Outdoors,Water Bottle,Works like a charm. It looks even better than the pictures online.,4,2025-04-30,True,0,work like charm look even better picture online,0.7964,0.474,0.526,0.0,Positive,None Detected
REV01452,Fashion,Denim Jacket,Very frustrating experience overall. It arrived late and the box was damaged. 👎,1,2025-08-03,True,1,frustrating experience overall arrived late box damaged,-0.7264,0.0,0.663,0.337,Negative,Sadness
REV00790,Beauty & Personal Care,Lip Balm Set,"Best purchase I've made this year. Delivery was super fast, arrived a day early. ✨",4,2025-03-27,True,2,best purchase ive made year delivery super fast arrived day early,0.886,0.464,0.536,0.0,Positive,None Detected
REV00721,Books & Media,Comic Collection,This is exactly what I needed. Setup was simple and took less than five minutes. ✨ even though customer service was slow to respond.,5,2025-06-26,True,0,exactly needed setup simple took less five minute even though customer service slow respond,0.3182,0.091,0.909,0.0,Positive,None Detected
REV00822,Books & Media,Self-Help Book,"FIVE STARS, NO DOUBT. IT LOOKS EVEN BETTER THAN THE PICTURES ONLINE. 🔥",4,2025-07-28,True,2,five star doubt look even better picture online,0.5176,0.33,0.459,0.211,Positive,None Detected
REV01300,Books & Media,Cookbook,"Average quality for the price. It does what it says, just don't expect much extra.",3,2024-12-11,True,0,average quality price say dont expect much extra,0.0,0.0,1.0,0.0,Neutral,Anticipation
REV01747,Sports & Outdoors,Cycling Helmet,Works like a charm. My family loves it just as much as I do. ✨ although the price is a bit high for what you get.,5,2024-08-27,True,6,work like charm family love much although price bit high get,0.8807,0.337,0.663,0.0,Positive,Joy
REV01088,Home & Kitchen,Blender,Average quality for the price. The design is simple but functional.,3,2025-09-25,True,5,average quality price design simple functional,0.0,0.0,1.0,0.0,Neutral,None Detected
REV00872,Home & Kitchen,Bedsheet Set,ABSOLUTELY LOVED THIS PRODUCT! THE BUILD QUALITY FEELS PREMIUM AND STURDY. ❤️,5,2025-11-10,False,0,absolutely loved product build quality feel premium sturdy,0.7876,0.332,0.668,0.0,Positive,None Detected
REV00389,Beauty & Personal Care,Electric Trimmer,"Middle of the road experience. It does what it says, just don't expect much extra. 🙂",3,2025-10-15,True,3,middle road experience say dont expect much extra,0.4033,0.137,0.863,0.0,Positive,Anticipation
REV00033,Sports & Outdoors,Resistance Bands,"It's fine, meets basic expectations. It's comparable to other products in this price range. 🤷",3,2025-06-03,True,2,fine meet basic expectation comparable product price range,0.2023,0.107,0.893,0.0,Positive,Anticipation
REV00976,Home & Kitchen,Electric Kettle,I want a refund immediately. It doesn't match the pictures shown online at all. 😡,1,2024-10-17,True,0,want refund immediately doesnt match picture shown online,0.0772,0.08,0.92,0.0,Positive,Anticipation
REV00577,Beauty & Personal Care,Lip Balm Set,Exceeded my expectations. Battery life lasts way longer than advertised. 😊,5,2024-11-27,True,3,exceeded expectation battery life last way longer advertised,0.7184,0.316,0.684,0.0,Positive,Anticipation
REV00871,Fashion,Cotton T-Shirt,Exceeded my expectations. It's comfortable and fits perfectly. ✨,5,2024-04-23,True,3,exceeded expectation comfortable fit perfectly,0.8689,0.62,0.38,0.0,Positive,Anticipation
REV00797,Electronics,Wireless Earbuds,One of the worst products I've bought online. There was a strange smell straight out of the box. 😢,2,2025-12-14,True,0,one worst product ive bought online strange smell straight box,-0.7964,0.071,0.595,0.335,Negative,Anger
REV01081,Books & Media,Comic Collection,Highly recommend this to everyone. The packaging was neat and nothing was damaged. but I wish it came in more color options.,5,2024-01-11,True,2,highly recommend everyone packaging neat nothing damaged wish came color option,0.7992,0.337,0.663,0.0,Positive,Trust
REV01001,Sports & Outdoors,Dumbbell Set,"A decent option if you're on a budget. Packaging was standard, nothing memorable.",3,2025-05-14,True,0,decent option youre budget packaging standard nothing memorable,0.0,0.0,1.0,0.0,Neutral,Trust
REV00670,Books & Media,Fiction Novel,Very frustrating experience overall. It arrived late and the box was damaged. 💔,1,2025-12-15,True,0,frustrating experience overall arrived late box damaged,-0.6115,0.18,0.427,0.393,Negative,Sadness
REV01221,Fashion,Cotton T-Shirt,"Five stars, no doubt. It looks even better than the pictures online. 👍",4,2025-04-04,True,2,five star doubt look even better picture online,0.6136,0.295,0.705,0.0,Positive,Trust
REV01501,Fashion,Leather Wallet,"Five stars, no doubt. Battery life lasts way longer than advertised. ✨",5,2025-03-31,True,4,five star doubt battery life last way longer advertised,0.5283,0.306,0.694,0.0,Positive,Trust
REV00582,Sports & Outdoors,Dumbbell Set,This is exactly what I needed. The packaging was neat and nothing was damaged. 😊 even though customer service was slow to respond.,4,2025-06-23,True,4,exactly needed packaging neat nothing damaged even though customer service slow respond,0.7119,0.248,0.679,0.073,Positive,None Detected
REV00268,Electronics,Wireless Earbuds,This is exactly what I needed. It's comfortable and fits perfectly. 🔥,5,2025-08-24,True,8,exactly needed comfortable fit perfectly,0.7269,0.397,0.476,0.127,Positive,None Detected
REV01722,Fashion,Leather Wallet,Average quality for the price. Shipping took the standard amount of time.,3,2024-03-04,False,16,average quality price shipping took standard amount time,0.0,0.0,1.0,0.0,Neutral,Anticipation
REV00560,Books & Media,Self-Help Book,"It's exactly what was advertised, nothing more. It's a bit bulkier than I expected. 🤷",3,2024-04-02,False,0,exactly advertised nothing bit bulkier expected,0.0,0.0,1.0,0.0,Neutral,Anticipation
REV00008,Home & Kitchen,Non-Stick Pan Set,"It's fine, meets basic expectations. It does what it says, just don't expect much extra.",3,2024-05-21,True,0,fine meet basic expectation say dont expect much extra,0.2023,0.114,0.886,0.0,Positive,Anticipation
REV00447,Sports & Outdoors,Camping Tent,Highly recommend this to everyone. Battery life lasts way longer than advertised. 👍,5,2024-05-14,True,1,highly recommend everyone battery life last way longer advertised,0.4201,0.177,0.823,0.0,Positive,Trust
REV01546,Books & Media,Comic Collection,Best purchase I've made this year. Customer service was quick to respond when I had a question.,4,2024-08-04,True,9,best purchase ive made year customer service quick respond question,0.6369,0.208,0.792,0.0,Positive,None Detected
REV00545,Electronics,Bluetooth Speaker,Exceeded my expectations. Battery life lasts way longer than advertised. 👍 even though customer service was slow to respond.,5,2025-08-25,True,0,exceeded expectation battery life last way longer advertised even though customer service slow respond,0.0,0.0,1.0,0.0,Neutral,Anticipation
REV00616,Beauty & Personal Care,Moisturizer Cream,Fantastic value for the price. Customer service was quick to respond when I had a question.,5,2025-07-07,True,0,fantastic value price customer service quick respond question,0.7184,0.3,0.7,0.0,Positive,None Detected
REV00634,Fashion,Cotton T-Shirt,couldn't be happier with this purchase. it looks even better than the pictures online. ✨,4,2025-11-28,True,1,couldnt happier purchase look even better picture online,0.3451,0.26,0.601,0.139,Positive,None Detected
REV00287,Beauty & Personal Care,Lip Balm Set,This is exactly what I needed. The packaging was neat and nothing was damaged. 🔥,4,2025-06-27,True,2,exactly needed packaging neat nothing damaged,0.7537,0.383,0.617,0.0,Positive,None Detected
REV00966,Beauty & Personal Care,Electric Trimmer,"Absolutely loved this product! Delivery was super fast, arrived a day early. 🔥",4,2025-07-09,True,2,absolutely loved product delivery super fast arrived day early,0.7897,0.403,0.481,0.115,Positive,None Detected
REV00744,Beauty & Personal Care,Sunscreen Lotion,Fantastic value for the price. Customer service was quick to respond when I had a question. ❤️,4,2024-05-14,True,3,fantastic value price customer service quick respond question,0.7184,0.273,0.727,0.0,Positive,None Detected
REV01131,Fashion,Sunglasses,Fantastic value for the price. Battery life lasts way longer than advertised. 😊,5,2024-11-26,False,2,fantastic value price battery life last way longer advertised,0.9001,0.48,0.52,0.0,Positive,None Detected
REV00774,Sports & Outdoors,Dumbbell Set,"This is exactly what I needed. Delivery was super fast, arrived a day early. ✨",5,2025-01-05,True,2,exactly needed delivery super fast arrived day early,0.7351,0.323,0.677,0.0,Positive,None Detected
REV00432,Home & Kitchen,Electric Kettle,Works like a charm. The packaging was neat and nothing was damaged. ✨,4,2024-03-30,True,1,work like charm packaging neat nothing damaged,0.8245,0.516,0.389,0.095,Positive,None Detected
REV01293,Sports & Outdoors,Dumbbell Set,I'm so impressed with the quality. The color and finish look great in person. 😊,4,2025-02-20,False,2,impressed quality color finish look great person,0.9259,0.474,0.526,0.0,Positive,None Detected
REV00682,Sports & Outdoors,Yoga Mat,Highly recommend this to everyone. It looks even better than the pictures online.,4,2025-01-19,True,2,highly recommend everyone look even better picture online,0.6901,0.341,0.659,0.0,Positive,Trust
REV01552,Beauty & Personal Care,Electric Trimmer,Best purchase I've made this year. The build quality feels premium and sturdy. 🔥,5,2025-09-29,False,1,best purchase ive made year build quality feel premium sturdy,0.4215,0.226,0.645,0.129,Positive,None Detected
REV00108,Books & Media,Cookbook,Best purchase I've made this year. My family loves it just as much as I do. 😊,5,2025-04-17,True,0,best purchase ive made year family love much,0.9313,0.45,0.55,0.0,Positive,Joy
REV01592,Fashion,Denim Jacket,"It's an okay product, nothing special. It does what it says, just don't expect much extra. 🙂",3,2024-11-08,True,0,okay product nothing special say dont expect much extra,0.3289,0.201,0.7,0.099,Positive,Joy
REV01332,Electronics,Power Bank,Reasonable purchase overall. Some features could be improved in future versions. 🤷,3,2024-01-16,True,3,reasonable purchase overall feature could improved future version,0.4767,0.205,0.795,0.0,Positive,None Detected
REV01633,Beauty & Personal Care,Hair Dryer,Best purchase I've made this year. Customer service was quick to respond when I had a question. 😊,5,2024-01-31,True,0,best purchase ive made year customer service quick respond question,0.8807,0.349,0.651,0.0,Positive,None Detected
REV00557,Books & Media,Fiction Novel,"It works as described, no complaints, no excitement. It's a bit bulkier than I expected. 🙂",3,2024-02-27,True,2,work described complaint excitement bit bulkier expected,0.4981,0.292,0.596,0.112,Positive,Anticipation
REV01404,Fashion,Denim Jacket,Best purchase I've made this year. Battery life lasts way longer than advertised. 🔥,5,2024-04-26,False,0,best purchase ive made year battery life last way longer advertised,0.4215,0.226,0.645,0.129,Positive,None Detected
REV01129,Books & Media,Fiction Novel,Couldn't be happier with this purchase. The color and finish look great in person. 😊,4,2025-12-18,False,1,couldnt happier purchase color finish look great person,0.8087,0.362,0.538,0.1,Positive,None Detected
REV00022,Electronics,Laptop Stand,Not worth the money at all. The instructions were confusing and unclear.,1,2024-05-14,True,7,not worth money instruction confusing unclear,-0.5523,0.0,0.618,0.382,Negative,Trust
REV01448,Beauty & Personal Care,Lip Balm Set,This broke within a few days of use. It arrived late and the box was damaged. 😡,2,2024-05-06,True,6,broke within day use arrived late box damaged,-0.6908,0.0,0.737,0.263,Negative,Sadness
REV01770,Home & Kitchen,Bedsheet Set,EXCEEDED MY EXPECTATIONS. THE COLOR AND FINISH LOOK GREAT IN PERSON. 👍,5,2024-08-22,True,0,exceeded expectation color finish look great person,0.7034,0.287,0.713,0.0,Positive,None Detected
REV00979,Books & Media,Comic Collection,"Five stars, no doubt. It's comfortable and fits perfectly. ✨",5,2024-06-09,False,1,five star doubt comfortable fit perfectly,0.8981,0.665,0.335,0.0,Positive,Trust
REV01483,Home & Kitchen,Vacuum Cleaner,Best purchase I've made this year. It looks even better than the pictures online. ✨,5,2024-04-19,True,3,best purchase ive made year look even better picture online,0.8555,0.439,0.561,0.0,Positive,None Detected
REV00788,Sports & Outdoors,Yoga Mat,average quality for the price. good enough for occasional use.,3,2024-03-30,True,0,average quality price good enough occasional use,0.4404,0.244,0.756,0.0,Positive,Surprise
REV01796,Home & Kitchen,Non-Stick Pan Set,"Five stars, no doubt. The color and finish look great in person. ✨ although the price is a bit high for what you get.",5,2024-11-08,True,0,five star doubt color finish look great person although price bit high get,0.8181,0.288,0.712,0.0,Positive,Trust
REV00842,Home & Kitchen,Bedsheet Set,Fantastic value for the price. Setup was simple and took less than five minutes. ❤️,5,2025-09-02,True,5,fantastic value price setup simple took less five minute,0.7184,0.3,0.7,0.0,Positive,None Detected
REV00655,Fashion,Leather Wallet,I'm so impressed with the quality. Setup was simple and took less than five minutes. 🔥,4,2024-03-27,True,5,impressed quality setup simple took less five minute,0.2484,0.171,0.707,0.121,Positive,None Detected
REV00139,Books & Media,Kids Story Set,Highly recommend this to everyone. Customer service was quick to respond when I had a question.,5,2025-11-05,True,3,highly recommend everyone customer service quick respond question,0.4201,0.157,0.843,0.0,Positive,Trust
REV00062,Sports & Outdoors,Camping Tent,"Fantastic value for the price. Delivery was super fast, arrived a day early. 🔥",4,2024-02-10,False,0,fantastic value price delivery super fast arrived day early,0.8176,0.444,0.448,0.108,Positive,None Detected
REV00385,Beauty & Personal Care,Electric Trimmer,Absolutely loved this product! Customer service was quick to respond when I had a question. ❤️,4,2025-12-05,True,5,absolutely loved product customer service quick respond question,0.6689,0.219,0.781,0.0,Positive,None Detected
REV00654,Sports & Outdoors,Resistance Bands,Fantastic value for the price. My family loves it just as much as I do. 🔥,5,2024-07-26,True,4,fantastic value price family love much,0.8074,0.402,0.498,0.1,Positive,Joy
REV01434,Books & Media,Biography,Best purchase I've made this year. Customer service was quick to respond when I had a question. 😊,4,2025-12-11,True,4,best purchase ive made year customer service quick respond question,0.8807,0.349,0.651,0.0,Positive,None Detected
REV01406,Sports & Outdoors,Dumbbell Set,Does the job but nothing extraordinary. Shipping took the standard amount of time. 🤷,3,2024-09-22,True,3,job nothing extraordinary shipping took standard amount time,0.0,0.0,1.0,0.0,Neutral,Anticipation
REV00916,Home & Kitchen,Vacuum Cleaner,This is exactly what I needed. My family loves it just as much as I do. 🔥,5,2024-11-11,True,2,exactly needed family love much,0.3182,0.175,0.711,0.114,Positive,Joy
REV01091,Sports & Outdoors,Camping Tent,A decent option if you're on a budget. I might consider other brands next time. 🤷,3,2025-10-14,True,0,decent option youre budget might consider brand next time,0.0,0.0,1.0,0.0,Neutral,Trust
REV00574,Books & Media,Comic Collection,Fantastic value for the price. The build quality feels premium and sturdy. 👍 but the delivery experience could definitely be better.,5,2025-05-21,True,3,fantastic value price build quality feel premium sturdy delivery experience could definitely better,0.886,0.388,0.612,0.0,Positive,Anticipation
REV01761,Fashion,Sunglasses,"reasonable purchase overall. packaging was standard, nothing memorable.",3,2024-11-04,False,1,reasonable purchase overall packaging standard nothing memorable,0.0,0.0,1.0,0.0,Neutral,Joy
REV00665,Books & Media,Kids Story Set,Fantastic value for the price. The build quality feels premium and sturdy. 👍,5,2025-04-10,True,2,fantastic value price build quality feel premium sturdy,0.7184,0.333,0.667,0.0,Positive,None Detected
REV00404,Electronics,Laptop Stand,This is exactly what I needed. Setup was simple and took less than five minutes. 😊,5,2025-02-08,True,7,exactly needed setup simple took less five minute,0.7184,0.25,0.75,0.0,Positive,None Detected
REV00711,Fashion,Sunglasses,Couldn't be happier with this purchase. The color and finish look great in person. 👍 although the price is a bit high for what you get.,4,2025-05-26,True,2,couldnt happier purchase color finish look great person although price bit high get,0.3235,0.129,0.784,0.087,Positive,None Detected
REV00661,Electronics,Bluetooth Speaker,"It's fine, meets basic expectations. There are better alternatives but this works fine too.",3,2024-05-11,True,0,fine meet basic expectation better alternative work fine,0.5499,0.335,0.665,0.0,Positive,Anticipation
REV00004,Sports & Outdoors,Yoga Mat,One of the worst products I've bought online. It arrived late and the box was damaged.,1,2025-11-08,True,6,one worst product ive bought online arrived late box damaged,-0.7906,0.0,0.667,0.333,Negative,Sadness
REV00007,Electronics,Bluetooth Speaker,This is exactly what I needed. Setup was simple and took less than five minutes. 😊,5,2025-10-20,True,0,exactly needed setup simple took less five minute,0.7184,0.25,0.75,0.0,Positive,None Detected
REV01473,Home & Kitchen,Air Fryer,"Fantastic value for the price. Delivery was super fast, arrived a day early. 😊",5,2025-01-15,False,0,fantastic value price delivery super fast arrived day early,0.9423,0.55,0.45,0.0,Positive,None Detected
REV00384,Fashion,Backpack,Absolutely loved this product! It's comfortable and fits perfectly. ✨ but I wish it came in more color options.,5,2024-04-25,True,6,absolutely loved product comfortable fit perfectly wish came color option,0.8965,0.478,0.522,0.0,Positive,None Detected
REV00309,Fashion,Backpack,I regret buying this. It arrived late and the box was damaged. 💔,1,2025-12-10,True,0,regret buying arrived late box damaged,-0.5574,0.183,0.435,0.383,Negative,Sadness
REV01668,Electronics,Power Bank,Fantastic value for the price. The packaging was neat and nothing was damaged. ❤️,5,2025-08-06,True,4,fantastic value price packaging neat nothing damaged,0.8861,0.509,0.491,0.0,Positive,None Detected
REV00824,Beauty & Personal Care,Face Serum,NOT WORTH THE MONEY AT ALL. IT DOESN'T MATCH THE PICTURES SHOWN ONLINE AT ALL. 👎,2,2024-01-05,False,5,not worth money doesnt match picture shown online,-0.2979,0.0,0.879,0.121,Negative,None Detected
REV00413,Electronics,Laptop Stand,Highly recommend this to everyone. It looks even better than the pictures online. 👍,4,2025-10-02,True,7,highly recommend everyone look even better picture online,0.6901,0.305,0.695,0.0,Positive,Trust
REV01710,Books & Media,Self-Help Book,"Not bad, but not great either. The design is simple but functional. 🙂",3,2024-01-26,True,0,not bad not great either design simple functional,0.0115,0.25,0.547,0.203,Neutral,Anger
REV00856,Books & Media,Comic Collection,I regret buying this. The size was completely different from what was described. 😢,2,2024-06-05,True,0,regret buying size completely different described,-0.7096,0.0,0.688,0.312,Negative,Sadness
REV00099,Fashion,Sunglasses,"This is exactly what I needed. Delivery was super fast, arrived a day early. 👍",5,2024-06-10,True,6,exactly needed delivery super fast arrived day early,0.5994,0.206,0.794,0.0,Positive,None Detected
REV01536,Electronics,Wireless Earbuds,Best purchase I've made this year. My family loves it just as much as I do.,5,2024-05-02,True,2,best purchase ive made year family love much,0.836,0.361,0.639,0.0,Positive,Joy
REV00303,Beauty & Personal Care,Face Serum,I want a refund immediately. It doesn't match the pictures shown online at all. 😢,2,2024-01-01,False,1,want refund immediately doesnt match picture shown online,-0.4215,0.071,0.761,0.168,Negative,Anticipation
REV00038,Fashion,Denim Jacket,Works like a charm. My family loves it just as much as I do. 😊,5,2025-07-26,True,3,work like charm family love much,0.9313,0.516,0.484,0.0,Positive,Joy
REV01785,Fashion,Denim Jacket,Highly recommend this to everyone. My family loves it just as much as I do. 😊 although it took longer to arrive than promised.,5,2025-06-25,True,5,highly recommend everyone family love much although took longer arrive promised,0.9324,0.395,0.605,0.0,Positive,Trust
REV01753,Sports & Outdoors,Camping Tent,EXCEEDED MY EXPECTATIONS. SETUP WAS SIMPLE AND TOOK LESS THAN FIVE MINUTES. ❤️,5,2025-08-15,True,2,exceeded expectation setup simple took less five minute,0.0,0.0,1.0,0.0,Neutral,None Detected
REV01459,Home & Kitchen,Air Fryer,ABSOLUTELY LOVED THIS PRODUCT! THE PACKAGING WAS NEAT AND NOTHING WAS DAMAGED. 🔥,5,2024-11-02,False,5,absolutely loved product packaging neat nothing damaged,0.94,0.62,0.38,0.0,Positive,None Detected
REV00515,Fashion,Sunglasses,Works like a charm. It looks even better than the pictures online. ❤️,4,2025-02-07,True,5,work like charm look even better picture online,0.7964,0.424,0.576,0.0,Positive,None Detected
REV01118,Books & Media,Fiction Novel,I'm so impressed with the quality. The color and finish look great in person. 👍 even though customer service was slow to respond.,5,2025-02-16,True,2,impressed quality color finish look great person even though customer service slow respond,0.8173,0.254,0.746,0.0,Positive,None Detected
REV00298,Fashion,Running Shoes,Best purchase I've made this year. The build quality feels premium and sturdy. 👍 although it took longer to arrive than promised.,5,2025-09-18,True,1,best purchase ive made year build quality feel premium sturdy although took longer arrive promised,0.7717,0.242,0.758,0.0,Positive,Anticipation
REV01698,Books & Media,Comic Collection,Couldn't be happier with this purchase. The build quality feels premium and sturdy. 🔥 even though customer service was slow to respond.,5,2025-07-14,True,16,couldnt happier purchase build quality feel premium sturdy even though customer service slow respond,-0.6341,0.0,0.794,0.206,Negative,None Detected
REV01218,Electronics,Laptop Stand,Exceeded my expectations. The build quality feels premium and sturdy. ✨ but the delivery experience could definitely be better.,5,2024-10-25,True,1,exceeded expectation build quality feel premium sturdy delivery experience could definitely better,0.8422,0.361,0.639,0.0,Positive,Anticipation
REV01307,Electronics,Bluetooth Speaker,"Not bad, but not great either. Good enough for occasional use. 🙂",3,2025-02-16,True,4,not bad not great either good enough occasional use,-0.5362,0.225,0.442,0.333,Negative,Anger
REV01196,Sports & Outdoors,Camping Tent,Best purchase I've made this year. Customer service was quick to respond when I had a question. ✨,4,2025-05-31,False,0,best purchase ive made year customer service quick respond question,0.7579,0.289,0.711,0.0,Positive,None Detected
REV00516,Home & Kitchen,Blender,Very frustrating experience overall. I found scratches on it right out of the packaging. 😡,1,2024-10-18,True,2,frustrating experience overall found scratch right packaging,-0.4927,0.0,0.824,0.176,Negative,Joy
REV00046,Electronics,Laptop Stand,I regret buying this. It stopped working after just one week. 👎,2,2025-09-12,True,3,regret buying stopped working one week,-0.5719,0.0,0.701,0.299,Negative,Sadness
REV01164,Electronics,Smartwatch,Fantastic value for the price. My family loves it just as much as I do. 👍 but the delivery experience could definitely be better.,5,2025-05-20,True,0,fantastic value price family love much delivery experience could definitely better,0.9144,0.407,0.593,0.0,Positive,Joy
REV01515,Electronics,Bluetooth Speaker,This is exactly what I needed. It's comfortable and fits perfectly. ❤️,5,2024-02-11,True,3,exactly needed comfortable fit perfectly,0.8176,0.405,0.595,0.0,Positive,None Detected
REV01389,Beauty & Personal Care,Lip Balm Set,Not worth the money at all. The instructions were confusing and unclear. 💔,1,2024-04-19,True,0,not worth money instruction confusing unclear,-0.354,0.192,0.412,0.396,Negative,Trust
REV00058,Electronics,Smartwatch,Best purchase I've made this year. The color and finish look great in person. ❤️ but the delivery experience could definitely be better.,5,2025-06-19,True,6,best purchase ive made year color finish look great person delivery experience could definitely better,0.9109,0.386,0.614,0.0,Positive,Anticipation
REV00160,Home & Kitchen,Electric Kettle,I want a refund immediately. I found scratches on it right out of the packaging.,2,2024-06-15,True,0,want refund immediately found scratch right packaging,0.0772,0.085,0.915,0.0,Positive,Anticipation
REV01322,Fashion,Cotton T-Shirt,Absolutely loved this product! It's comfortable and fits perfectly. 😊,5,2024-06-13,True,3,absolutely loved product comfortable fit perfectly,0.9583,0.666,0.334,0.0,Positive,None Detected
REV01615,Electronics,USB-C Hub,Really disappointed with this purchase. The instructions were confusing and unclear. 😢,2,2024-09-29,True,0,really disappointed purchase instruction confusing unclear,-0.8553,0.0,0.464,0.536,Negative,Anger
REV01521,Beauty & Personal Care,Electric Trimmer,"It's fine, meets basic expectations. It's a bit bulkier than I expected.",3,2025-04-16,False,10,fine meet basic expectation bit bulkier expected,0.2023,0.141,0.859,0.0,Positive,Anticipation
REV01596,Beauty & Personal Care,Electric Trimmer,"It's exactly what was advertised, nothing more. Shipping took the standard amount of time. 🙂",3,2024-06-03,True,7,exactly advertised nothing shipping took standard amount time,0.4033,0.145,0.855,0.0,Positive,Anticipation
REV00925,Electronics,Laptop Stand,Best purchase I've made this year. It looks even better than the pictures online. 🔥,5,2024-08-26,True,3,best purchase ive made year look even better picture online,0.6908,0.33,0.558,0.112,Positive,None Detected
REV00562,Beauty & Personal Care,Electric Trimmer,"This is exactly what I needed. Delivery was super fast, arrived a day early. 👍",5,2025-04-09,True,4,exactly needed delivery super fast arrived day early,0.5994,0.206,0.794,0.0,Positive,None Detected
REV01520,Beauty & Personal Care,Sunscreen Lotion,Very frustrating experience overall. It arrived late and the box was damaged.,1,2025-09-07,True,2,frustrating experience overall arrived late box damaged,-0.7264,0.0,0.621,0.379,Negative,Sadness
REV00875,Electronics,Wireless Earbuds,I'm so impressed with the quality. It's comfortable and fits perfectly. ✨,5,2025-12-13,True,0,impressed quality comfortable fit perfectly,0.9216,0.623,0.377,0.0,Positive,None Detected
REV01783,Books & Media,Biography,Absolutely loved this product! Customer service was quick to respond when I had a question. 🔥,4,2025-01-04,True,3,absolutely loved product customer service quick respond question,0.474,0.215,0.67,0.115,Positive,None Detected
REV01613,Books & Media,Kids Story Set,I regret buying this. It stopped working after just one week. 👎,2,2024-07-10,True,6,regret buying stopped working one week,-0.5719,0.0,0.701,0.299,Negative,Sadness
REV00894,Fashion,Leather Wallet,COULDN'T BE HAPPIER WITH THIS PURCHASE. THE BUILD QUALITY FEELS PREMIUM AND STURDY.,5,2025-05-30,False,2,couldnt happier purchase build quality feel premium sturdy,-0.4168,0.0,0.812,0.188,Negative,None Detected
REV00669,Beauty & Personal Care,Electric Trimmer,"Not bad, but not great either. There are better alternatives but this works fine too.",3,2025-03-18,True,3,not bad not great either better alternative work fine,0.3682,0.341,0.47,0.19,Positive,Anger
REV00096,Sports & Outdoors,Camping Tent,Not worth the money at all. The instructions were confusing and unclear. 😢,2,2024-11-15,True,6,not worth money instruction confusing unclear,-0.7695,0.0,0.536,0.464,Negative,Trust
REV01251,Fashion,Backpack,Highly recommend this to everyone. Customer service was quick to respond when I had a question. ✨,5,2024-09-12,True,4,highly recommend everyone customer service quick respond question,0.624,0.253,0.747,0.0,Positive,Trust
REV00733,Books & Media,Cookbook,I'm so impressed with the quality. The color and finish look great in person. 🔥,5,2025-03-14,True,0,impressed quality color finish look great person,0.7264,0.342,0.548,0.11,Positive,None Detected
REV00580,Fashion,Denim Jacket,This is exactly what I needed. The packaging was neat and nothing was damaged. ❤️,5,2024-11-13,False,0,exactly needed packaging neat nothing damaged,0.6604,0.279,0.721,0.0,Positive,None Detected
REV00834,Fashion,Running Shoes,Reasonable purchase overall. The design is simple but functional. 🤷,3,2024-08-05,True,8,reasonable purchase overall design simple functional,0.0,0.0,1.0,0.0,Neutral,None Detected
REV00117,Sports & Outdoors,Camping Tent,Fantastic value for the price. It looks even better than the pictures online. ✨,4,2025-08-07,False,2,fantastic value price look even better picture online,0.8807,0.528,0.472,0.0,Positive,None Detected
REV00260,Home & Kitchen,Electric Kettle,"Exceeded my expectations. Delivery was super fast, arrived a day early. ❤️",5,2025-08-31,False,0,exceeded expectation delivery super fast arrived day early,0.5994,0.245,0.755,0.0,Positive,Anticipation
REV01736,Sports & Outdoors,Yoga Mat,"Really disappointed with this purchase. There was a strange smell straight out of the box. 👎 On the plus side, it did arrive quickly.",1,2025-07-17,False,4,really disappointed purchase strange smell straight box plus side arrive quickly,-0.5095,0.065,0.756,0.178,Negative,Anger
REV01472,Sports & Outdoors,Dumbbell Set,"Average quality for the price. Packaging was standard, nothing memorable.",3,2025-07-09,False,3,average quality price packaging standard nothing memorable,0.0,0.0,1.0,0.0,Neutral,Joy
REV00009,Electronics,Wireless Earbuds,Does the job but nothing extraordinary. The design is simple but functional.,3,2025-04-24,True,2,job nothing extraordinary design simple functional,0.0,0.0,1.0,0.0,Neutral,None Detected
REV00219,Books & Media,Self-Help Book,I want a refund immediately. There was a strange smell straight out of the box. 😡,1,2024-10-17,True,5,want refund immediately strange smell straight box,0.1027,0.168,0.737,0.095,Positive,Anticipation
REV00367,Books & Media,Fiction Novel,Fantastic value for the price. The build quality feels premium and sturdy. 👍,5,2025-05-13,True,2,fantastic value price build quality feel premium sturdy,0.7184,0.333,0.667,0.0,Positive,None Detected
REV00196,Fashion,Backpack,Fantastic value for the price. The color and finish look great in person. ✨,5,2024-12-03,True,1,fantastic value price color finish look great person,0.9081,0.554,0.446,0.0,Positive,None Detected
REV01269,Home & Kitchen,Bedsheet Set,THIS IS EXACTLY WHAT I NEEDED. CUSTOMER SERVICE WAS QUICK TO RESPOND WHEN I HAD A QUESTION. BUT THE DELIVERY EXPERIENCE COULD DEFINITELY BE BETTER. WWW.SHOPREVIEW-SITE.COM/R/12345,5,2024-03-27,True,0,exactly needed customer service quick respond question delivery experience could definitely better,0.8126,0.236,0.764,0.0,Positive,None Detected
REV01532,Fashion,Denim Jacket,"Five stars, no doubt. Setup was simple and took less than five minutes.",4,2025-10-28,False,2,five star doubt setup simple took less five minute,0.2755,0.15,0.85,0.0,Positive,Trust
REV01209,Electronics,Bluetooth Speaker,"Fantastic value for the price. Delivery was super fast, arrived a day early. 👍",4,2024-12-16,True,0,fantastic value price delivery super fast arrived day early,0.872,0.452,0.548,0.0,Positive,None Detected
REV00781,Books & Media,Kids Story Set,"Couldn't be happier with this purchase. Delivery was super fast, arrived a day early.",4,2025-10-24,True,0,couldnt happier purchase delivery super fast arrived day early,0.2787,0.209,0.643,0.149,Positive,None Detected
REV01675,Home & Kitchen,Air Fryer,Absolutely loved this product! The build quality feels premium and sturdy.,4,2025-01-15,False,0,absolutely loved product build quality feel premium sturdy,0.6689,0.31,0.69,0.0,Positive,None Detected
REV00448,Books & Media,Biography,Exceeded my expectations. My family loves it just as much as I do. ❤️,5,2025-09-23,True,0,exceeded expectation family love much,0.5719,0.209,0.791,0.0,Positive,Anticipation
REV01178,Sports & Outdoors,Cycling Helmet,I'm so impressed with the quality. The color and finish look great in person. 👍,5,2024-07-28,True,0,impressed quality color finish look great person,0.8173,0.349,0.651,0.0,Positive,None Detected
REV00391,Sports & Outdoors,Dumbbell Set,Couldn't be happier with this purchase. Setup was simple and took less than five minutes. ❤️,5,2024-07-01,False,2,couldnt happier purchase setup simple took less five minute,-0.4168,0.0,0.852,0.148,Negative,None Detected
REV00964,Books & Media,Comic Collection,Exceeded my expectations. The color and finish look great in person. 🔥,4,2024-07-02,False,1,exceeded expectation color finish look great person,0.4019,0.248,0.606,0.145,Positive,Anticipation
REV01585,Sports & Outdoors,Water Bottle,Best purchase I've made this year. Setup was simple and took less than five minutes. 😊,5,2025-04-25,True,1,best purchase ive made year setup simple took less five minute,0.8807,0.375,0.625,0.0,Positive,None Detected
REV00197,Beauty & Personal Care,Lip Balm Set,Couldn't be happier with this purchase. Customer service was quick to respond when I had a question. ❤️,4,2024-10-25,True,4,couldnt happier purchase customer service quick respond question,-0.4168,0.0,0.866,0.134,Negative,None Detected
REV00612,Beauty & Personal Care,Lip Balm Set,Fantastic value for the price. Customer service was quick to respond when I had a question.,4,2025-07-26,True,8,fantastic value price customer service quick respond question,0.7184,0.3,0.7,0.0,Positive,None Detected
REV00937,Electronics,Smartwatch,Works like a charm. The packaging was neat and nothing was damaged. 🔥,4,2025-09-11,False,5,work like charm packaging neat nothing damaged,0.892,0.612,0.388,0.0,Positive,None Detected
REV01413,Home & Kitchen,Air Fryer,Couldn't be happier with this purchase. Battery life lasts way longer than advertised. 👍,4,2024-02-15,True,5,couldnt happier purchase battery life last way longer advertised,-0.4168,0.0,0.835,0.165,Negative,None Detected
REV01270,Fashion,Running Shoes,Best purchase I've made this year. The packaging was neat and nothing was damaged. 😊,5,2025-06-27,False,4,best purchase ive made year packaging neat nothing damaged,0.8786,0.433,0.481,0.085,Positive,None Detected
REV01599,Books & Media,Kids Story Set,"Five stars, no doubt. Delivery was super fast, arrived a day early. 👍",5,2025-07-01,False,6,five star doubt delivery super fast arrived day early,0.7193,0.334,0.666,0.0,Positive,Trust
REV00107,Books & Media,Self-Help Book,Best purchase I've made this year. My family loves it just as much as I do. 🔥,5,2025-10-01,True,0,best purchase ive made year family love much,0.7579,0.325,0.576,0.099,Positive,Joy
REV00076,Electronics,Bluetooth Speaker,"Five stars, no doubt. Battery life lasts way longer than advertised. 🔥 although it took longer to arrive than promised.",5,2025-01-26,True,0,five star doubt battery life last way longer advertised although took longer arrive promised,0.2982,0.192,0.708,0.1,Positive,Anticipation
REV01623,Books & Media,Cookbook,I'm so impressed with the quality. The packaging was neat and nothing was damaged.,5,2024-09-28,True,0,impressed quality packaging neat nothing damaged,0.8316,0.444,0.556,0.0,Positive,None Detected
REV00012,Beauty & Personal Care,Face Serum,Does the job but nothing extraordinary. It's comparable to other products in this price range. 🤷,3,2024-03-11,False,1,job nothing extraordinary comparable product price range,0.0,0.0,1.0,0.0,Neutral,None Detected
REV01669,Sports & Outdoors,Water Bottle,Highly recommend this to everyone. The color and finish look great in person. ✨,5,2024-12-02,True,4,highly recommend everyone color finish look great person,0.8479,0.455,0.545,0.0,Positive,Trust
REV00361,Books & Media,Comic Collection,I'm so impressed with the quality. My family loves it just as much as I do.,5,2025-09-25,True,0,impressed quality family love much,0.796,0.336,0.664,0.0,Positive,Joy
REV00469,Sports & Outdoors,Resistance Bands,Really disappointed with this purchase. It arrived late and the box was damaged.,1,2024-09-30,False,7,really disappointed purchase arrived late box damaged,-0.7425,0.0,0.636,0.364,Negative,Sadness
REV01789,Fashion,Backpack,Does the job but nothing extraordinary. There are better alternatives but this works fine too. 🤷,3,2025-04-20,True,2,job nothing extraordinary better alternative work fine,0.7227,0.287,0.713,0.0,Positive,None Detected
REV00059,Beauty & Personal Care,Electric Trimmer,Couldn't be happier with this purchase. The packaging was neat and nothing was damaged. ❤️,5,2024-06-09,True,0,couldnt happier purchase packaging neat nothing damaged,0.3879,0.255,0.614,0.131,Positive,None Detected
REV01106,Fashion,Backpack,Highly recommend this to everyone. Setup was simple and took less than five minutes. 🔥,5,2024-12-06,True,4,highly recommend everyone setup simple took less five minute,0.101,0.154,0.715,0.132,Positive,Trust
REV00102,Electronics,Wireless Earbuds,Would not recommend this to anyone. The size was completely different from what was described. 👎,2,2024-05-12,True,6,would not recommend anyone size completely different described,-0.2755,0.0,0.883,0.117,Negative,Trust
REV00377,Fashion,Cotton T-Shirt,HIGHLY RECOMMEND THIS TO EVERYONE. MY FAMILY LOVES IT JUST AS MUCH AS I DO. ✨ BUT I WISH IT CAME IN MORE COLOR OPTIONS.,4,2024-01-08,True,1,highly recommend everyone family love much wish came color option,0.8921,0.357,0.643,0.0,Positive,None Detected
REV01795,Books & Media,Self-Help Book,Really disappointed with this purchase. The stitching came apart almost immediately. 😢,2,2024-04-03,True,0,really disappointed purchase stitching came apart almost immediately,-0.7363,0.0,0.639,0.361,Negative,Anger
REV01616,Electronics,Laptop Stand,Best purchase I've made this year. My family loves it just as much as I do. ✨,4,2025-03-05,True,2,best purchase ive made year family love much,0.8807,0.421,0.579,0.0,Positive,Joy
REV00359,Sports & Outdoors,Yoga Mat,"Fantastic value for the price. Delivery was super fast, arrived a day early. ❤️ but the delivery experience could definitely be better.",5,2024-01-10,True,10,fantastic value price delivery super fast arrived day early delivery experience could definitely better,0.9161,0.435,0.565,0.0,Positive,Anticipation
REV00917,Fashion,Sunglasses,Best purchase I've made this year. It's comfortable and fits perfectly. 👍,4,2024-01-22,False,4,best purchase ive made year comfortable fit perfectly,0.9136,0.539,0.461,0.0,Positive,None Detected
REV01547,Electronics,Power Bank,I'm so impressed with the quality. My family loves it just as much as I do. 👍 although the price is a bit high for what you get.,4,2024-08-29,True,5,impressed quality family love much although price bit high get,0.796,0.208,0.792,0.0,Positive,Joy
REV00563,Electronics,USB-C Hub,Best purchase I've made this year. My family loves it just as much as I do. but I wish it came in more color options.,5,2025-12-31,False,2,best purchase ive made year family love much wish came color option,0.8176,0.279,0.721,0.0,Positive,Joy
REV00584,Home & Kitchen,Blender,Absolutely loved this product! It's comfortable and fits perfectly. 😊,5,2024-09-16,True,2,absolutely loved product comfortable fit perfectly,0.9583,0.666,0.334,0.0,Positive,None Detected
REV00702,Beauty & Personal Care,Lip Balm Set,I regret buying this. The material feels cheap and flimsy.,1,2025-12-03,True,3,regret buying material feel cheap flimsy,-0.4215,0.0,0.763,0.237,Negative,Sadness
REV00255,Books & Media,Kids Story Set,Couldn't be happier with this purchase. Battery life lasts way longer than advertised. 👍,5,2024-01-02,False,3,couldnt happier purchase battery life last way longer advertised,-0.4168,0.0,0.835,0.165,Negative,None Detected
REV00913,Beauty & Personal Care,Sunscreen Lotion,Best purchase I've made this year. Setup was simple and took less than five minutes. 👍,5,2024-10-29,True,2,best purchase ive made year setup simple took less five minute,0.6369,0.208,0.792,0.0,Positive,None Detected
REV00166,Sports & Outdoors,Water Bottle,I'm so impressed with the quality. The color and finish look great in person. ✨ even though customer service was slow to respond.,4,2025-06-06,True,4,impressed quality color finish look great person even though customer service slow respond,0.8687,0.329,0.671,0.0,Positive,None Detected
REV00780,Books & Media,Fiction Novel,This is exactly what I needed. Customer service was quick to respond when I had a question. ❤️,5,2024-08-12,True,6,exactly needed customer service quick respond question,0.0,0.0,1.0,0.0,Neutral,None Detected
REV01385,Fashion,Denim Jacket,Couldn't be happier with this purchase. Setup was simple and took less than five minutes. 🔥 although it took longer to arrive than promised.,4,2024-03-08,False,3,couldnt happier purchase setup simple took less five minute although took longer arrive promised,-0.3971,0.087,0.732,0.18,Negative,Anticipation
REV01730,Home & Kitchen,Blender,ABSOLUTELY LOVED THIS PRODUCT! IT'S COMFORTABLE AND FITS PERFECTLY. ❤️,5,2024-07-17,True,3,absolutely loved product comfortable fit perfectly,0.951,0.651,0.349,0.0,Positive,None Detected
REV01308,Books & Media,Kids Story Set,Couldn't be happier with this purchase. The packaging was neat and nothing was damaged. ✨,4,2025-09-06,True,0,couldnt happier purchase packaging neat nothing damaged,0.17,0.256,0.52,0.224,Positive,None Detected
REV00438,Home & Kitchen,Blender,"Extremely poor quality. I found scratches on it right out of the packaging. On the plus side, it did arrive quickly.",1,2024-06-01,True,0,extremely poor quality found scratch right packaging plus side arrive quickly,-0.5256,0.0,0.855,0.145,Negative,Joy
REV00740,Sports & Outdoors,Cycling Helmet,absolutely loved this product! battery life lasts way longer than advertised. 😊,5,2024-04-13,True,1,absolutely loved product battery life last way longer advertised,0.8881,0.446,0.554,0.0,Positive,Anger
REV01226,Books & Media,Fiction Novel,"It works as described, no complaints, no excitement. Some features could be improved in future versions. 🙂",3,2025-05-09,True,10,work described complaint excitement feature could improved future version,0.745,0.374,0.527,0.099,Positive,Anger
REV01458,Electronics,Power Bank,"It works as described, no complaints, no excitement. The design is simple but functional. 🙂",3,2025-03-24,False,3,work described complaint excitement design simple functional,0.5886,0.309,0.606,0.085,Positive,Anger
REV00032,Sports & Outdoors,Cycling Helmet,"Five stars, no doubt. Battery life lasts way longer than advertised. 🔥",5,2024-01-02,True,1,five star doubt battery life last way longer advertised,-0.0747,0.145,0.689,0.165,Negative,Trust
REV01173,Fashion,Leather Wallet,Couldn't be happier with this purchase. It's comfortable and fits perfectly. 🔥,5,2025-03-19,True,3,couldnt happier purchase comfortable fit perfectly,0.5145,0.363,0.387,0.25,Positive,None Detected
REV01565,Home & Kitchen,Bedsheet Set,"Highly recommend this to everyone. Delivery was super fast, arrived a day early. ❤️",5,2025-12-23,False,5,highly recommend everyone delivery super fast arrived day early,0.7713,0.34,0.66,0.0,Positive,Trust
REV00221,Electronics,Power Bank,Would not recommend this to anyone. Customer support never replied to my emails. 😢,1,2025-10-26,True,12,would not recommend anyone customer support never replied email,-0.3632,0.136,0.603,0.262,Negative,Trust
REV01671,Beauty & Personal Care,Electric Trimmer,Absolutely loved this product! It looks even better than the pictures online. ❤️,5,2025-04-26,True,2,absolutely loved product look even better picture online,0.8118,0.381,0.619,0.0,Positive,None Detected
REV01423,Books & Media,Biography,Exceeded my expectations. It's comfortable and fits perfectly. 👍,4,2024-01-03,False,1,exceeded expectation comfortable fit perfectly,0.8176,0.484,0.516,0.0,Positive,Anticipation
REV01014,Home & Kitchen,Blender,Fantastic value for the price. Setup was simple and took less than five minutes. ✨,5,2025-06-09,False,11,fantastic value price setup simple took less five minute,0.8074,0.409,0.591,0.0,Positive,None Detected
REV00086,Books & Media,Kids Story Set,This is exactly what I needed. The color and finish look great in person.,5,2024-10-13,True,0,exactly needed color finish look great person,0.6249,0.24,0.76,0.0,Positive,None Detected
REV00593,Electronics,Smartwatch,This was a complete waste of time. It stopped working after just one week. 💔,2,2025-11-03,True,8,complete waste time stopped working one week,-0.3818,0.175,0.5,0.325,Negative,Disgust
REV01292,Books & Media,Self-Help Book,This is exactly what I needed. It looks even better than the pictures online. 👍,4,2024-05-06,True,1,exactly needed look even better picture online,0.4404,0.162,0.838,0.0,Positive,None Detected
REV00808,Fashion,Sunglasses,This is exactly what I needed. It looks even better than the pictures online. ✨,4,2024-06-26,True,3,exactly needed look even better picture online,0.6369,0.286,0.714,0.0,Positive,None Detected
REV01158,Home & Kitchen,Bedsheet Set,This is exactly what I needed. The build quality feels premium and sturdy.,5,2025-10-12,True,0,exactly needed build quality feel premium sturdy,0.0,0.0,1.0,0.0,Neutral,None Detected
REV01732,Sports & Outdoors,Camping Tent,Fantastic value for the price. Setup was simple and took less than five minutes. 🔥,5,2024-09-08,True,2,fantastic value price setup simple took less five minute,0.5574,0.294,0.588,0.118,Positive,None Detected
REV00278,Beauty & Personal Care,Moisturizer Cream,"Five stars, no doubt. My family loves it just as much as I do. ❤️",5,2025-11-09,False,1,five star doubt family love much,0.7013,0.293,0.707,0.0,Positive,Joy
REV00852,Beauty & Personal Care,Lip Balm Set,"Five stars, no doubt. It's comfortable and fits perfectly.",4,2025-07-26,True,2,five star doubt comfortable fit perfectly,0.8628,0.616,0.384,0.0,Positive,Trust
REV00229,Fashion,Running Shoes,Really disappointed with this purchase. The instructions were confusing and unclear.,1,2025-07-04,True,1,really disappointed purchase instruction confusing unclear,-0.7425,0.0,0.523,0.477,Negative,Anger
REV01241,Sports & Outdoors,Water Bottle,A decent option if you're on a budget. Shipping took the standard amount of time.,3,2025-03-11,True,6,decent option youre budget shipping took standard amount time,0.0,0.0,1.0,0.0,Neutral,Trust
REV01321,Sports & Outdoors,Camping Tent,"It works as described, no complaints, no excitement. The design is simple but functional. 🙂",3,2025-11-18,True,0,work described complaint excitement design simple functional,0.5886,0.309,0.606,0.085,Positive,Anger
REV01261,Books & Media,Biography,Couldn't be happier with this purchase. The color and finish look great in person. ✨,5,2024-12-31,True,0,couldnt happier purchase color finish look great person,0.5609,0.302,0.567,0.131,Positive,None Detected
REV01035,Beauty & Personal Care,Sunscreen Lotion,I want a refund immediately. It arrived late and the box was damaged. 😢,2,2024-04-06,True,1,want refund immediately arrived late box damaged,-0.6908,0.067,0.622,0.311,Negative,Anticipation
REV00449,Home & Kitchen,Vacuum Cleaner,Average quality for the price. It's comparable to other products in this price range. 🤷,3,2024-10-16,True,6,average quality price comparable product price range,0.0,0.0,1.0,0.0,Neutral,None Detected
REV00081,Home & Kitchen,Vacuum Cleaner,Absolutely loved this product! The color and finish look great in person. ❤️,4,2025-07-06,False,3,absolutely loved product color finish look great person,0.862,0.417,0.583,0.0,Positive,None Detected
REV01489,Beauty & Personal Care,Sunscreen Lotion,WORKS LIKE A CHARM. THE BUILD QUALITY FEELS PREMIUM AND STURDY. ❤️,5,2024-01-10,False,0,work like charm build quality feel premium sturdy,0.7695,0.377,0.623,0.0,Positive,None Detected
REV01109,Books & Media,Cookbook,"WORKS LIKE A CHARM. DELIVERY WAS SUPER FAST, ARRIVED A DAY EARLY. 😊",5,2024-03-30,False,0,work like charm delivery super fast arrived day early,0.9538,0.59,0.41,0.0,Positive,None Detected
REV00066,Home & Kitchen,Electric Kettle,Exceeded my expectations. The packaging was neat and nothing was damaged. ✨,4,2025-10-02,True,0,exceeded expectation packaging neat nothing damaged,0.5337,0.33,0.55,0.12,Positive,Anticipation
REV00905,Home & Kitchen,Blender,Middle of the road experience. It's comparable to other products in this price range. 🙂,3,2024-06-22,True,0,middle road experience comparable product price range,0.4033,0.145,0.855,0.0,Positive,None Detected
REV00304,Sports & Outdoors,Water Bottle,"Not bad, but not great either. It does what it says, just don't expect much extra.",3,2024-08-16,False,1,not bad not great either say dont expect much extra,-0.5448,0.095,0.687,0.218,Negative,Anger
REV00220,Sports & Outdoors,Dumbbell Set,Couldn't be happier with this purchase. My family loves it just as much as I do. ❤️,5,2024-06-10,True,0,couldnt happier purchase family love much,0.2321,0.165,0.712,0.124,Positive,Joy
REV00990,Electronics,Smartwatch,"Five stars, no doubt. The color and finish look great in person. ❤️",5,2025-11-20,True,5,five star doubt color finish look great person,0.7359,0.341,0.659,0.0,Positive,Trust
REV00948,Fashion,Cotton T-Shirt,I'm so impressed with the quality. Customer service was quick to respond when I had a question. ❤️ even though customer service was slow to respond.,4,2024-07-23,True,3,impressed quality customer service quick respond question even though customer service slow respond,0.5256,0.115,0.885,0.0,Positive,None Detected
REV00568,Beauty & Personal Care,Hair Dryer,Couldn't be happier with this purchase. It looks even better than the pictures online. ❤️,5,2024-08-29,True,0,couldnt happier purchase look even better picture online,0.032,0.147,0.712,0.141,Neutral,None Detected
REV00550,Home & Kitchen,Blender,Works like a charm. My family loves it just as much as I do.,5,2025-11-07,False,1,work like charm family love much,0.836,0.447,0.553,0.0,Positive,Joy
REV00002,Fashion,Sunglasses,Couldn't be happier with this purchase. The build quality feels premium and sturdy. ✨,5,2024-01-07,True,2,couldnt happier purchase build quality feel premium sturdy,-0.122,0.135,0.703,0.163,Negative,None Detected
REV00734,Books & Media,Fiction Novel,"highly recommend this to everyone. delivery was super fast, arrived a day early. ❤️",5,2024-02-28,True,1,highly recommend everyone delivery super fast arrived day early,0.7713,0.34,0.66,0.0,Positive,Trust
REV00642,Home & Kitchen,Blender,"I'm so impressed with the quality. Delivery was super fast, arrived a day early. 😊 although the price is a bit high for what you get.",4,2024-12-29,True,0,impressed quality delivery super fast arrived day early although price bit high get,0.923,0.338,0.662,0.0,Positive,None Detected
REV00060,Sports & Outdoors,Yoga Mat,Best purchase I've made this year. The build quality feels premium and sturdy. 🔥,5,2025-04-09,True,2,best purchase ive made year build quality feel premium sturdy,0.4215,0.226,0.645,0.129,Positive,None Detected
REV01502,Home & Kitchen,Non-Stick Pan Set,"It's fine, meets basic expectations. It does what it says, just don't expect much extra. 🙂",3,2025-11-07,True,2,fine meet basic expectation say dont expect much extra,0.5434,0.22,0.78,0.0,Positive,Anticipation
REV00250,Electronics,Smartwatch,I'm so impressed with the quality. Setup was simple and took less than five minutes. ✨,5,2025-02-01,True,12,impressed quality setup simple took less five minute,0.6901,0.289,0.711,0.0,Positive,None Detected
REV01304,Beauty & Personal Care,Moisturizer Cream,This broke within a few days of use. Customer support never replied to my emails.,1,2025-07-21,True,0,broke within day use customer support never replied email,-0.0258,0.146,0.703,0.151,Neutral,Fear
REV00122,Fashion,Sunglasses,Couldn't be happier with this purchase. It's comfortable and fits perfectly. 🔥 even though customer service was slow to respond.,5,2024-03-05,True,1,couldnt happier purchase comfortable fit perfectly even though customer service slow respond,0.5145,0.262,0.558,0.18,Positive,None Detected
REV00214,Electronics,Power Bank,Highly recommend this to everyone. Battery life lasts way longer than advertised. 😊,4,2024-12-25,False,6,highly recommend everyone battery life last way longer advertised,0.8313,0.386,0.614,0.0,Positive,Trust
REV01065,Sports & Outdoors,Resistance Bands,Couldn't be happier with this purchase. Battery life lasts way longer than advertised. 😊,5,2025-02-27,True,1,couldnt happier purchase battery life last way longer advertised,0.498,0.252,0.631,0.117,Positive,None Detected
REV00029,Fashion,Leather Wallet,Really disappointed with this purchase. Customer support never replied to my emails. 😢,1,2025-12-19,True,0,really disappointed purchase customer support never replied email,-0.5849,0.134,0.545,0.322,Negative,Anger
REV00555,Home & Kitchen,Air Fryer,This is exactly what I needed. Battery life lasts way longer than advertised.,5,2025-05-27,False,0,exactly needed battery life last way longer advertised,0.0,0.0,1.0,0.0,Neutral,None Detected
REV01253,Beauty & Personal Care,Hair Dryer,Average quality for the price. Shipping took the standard amount of time. 🤷,3,2024-07-25,False,0,average quality price shipping took standard amount time,0.0,0.0,1.0,0.0,Neutral,Anticipation
REV01431,Beauty & Personal Care,Moisturizer Cream,Absolutely loved this product! Battery life lasts way longer than advertised. 🔥,5,2025-07-04,False,0,absolutely loved product battery life last way longer advertised,0.474,0.266,0.592,0.142,Positive,None Detected
REV01313,Home & Kitchen,Bedsheet Set,I'm so impressed with the quality. It's comfortable and fits perfectly. 👍,4,2025-11-10,True,9,impressed quality comfortable fit perfectly,0.8977,0.521,0.479,0.0,Positive,None Detected
REV01714,Home & Kitchen,Air Fryer,Couldn't be happier with this purchase. My family loves it just as much as I do. 🔥,4,2024-03-23,True,2,couldnt happier purchase family love much,-0.122,0.162,0.612,0.226,Negative,Joy
REV01661,Home & Kitchen,Non-Stick Pan Set,Couldn't be happier with this purchase. The build quality feels premium and sturdy. even though customer service was slow to respond.,4,2025-01-10,True,0,couldnt happier purchase build quality feel premium sturdy even though customer service slow respond,-0.4168,0.0,0.878,0.122,Negative,None Detected
REV01067,Beauty & Personal Care,Moisturizer Cream,This is exactly what I needed. My family loves it just as much as I do. 👍,4,2024-04-02,True,2,exactly needed family love much,0.5719,0.179,0.821,0.0,Positive,Joy
REV00406,Home & Kitchen,Non-Stick Pan Set,"Five stars, no doubt. Battery life lasts way longer than advertised. ✨",5,2025-09-30,True,5,five star doubt battery life last way longer advertised,0.5283,0.306,0.694,0.0,Positive,Trust
REV01748,Books & Media,Cookbook,"Five stars, no doubt. It looks even better than the pictures online. ❤️ although the price is a bit high for what you get.",5,2025-03-04,True,0,five star doubt look even better picture online although price bit high get,0.6136,0.179,0.821,0.0,Positive,Trust
REV00635,Beauty & Personal Care,Face Serum,This is exactly what I needed. The build quality feels premium and sturdy. ❤️,4,2024-02-14,False,1,exactly needed build quality feel premium sturdy,0.0,0.0,1.0,0.0,Neutral,None Detected
REV01374,Books & Media,Self-Help Book,Best purchase I've made this year. Battery life lasts way longer than advertised. 🔥,4,2025-07-21,True,0,best purchase ive made year battery life last way longer advertised,0.4215,0.226,0.645,0.129,Positive,None Detected
REV00411,Sports & Outdoors,Water Bottle,EXCEEDED MY EXPECTATIONS. CUSTOMER SERVICE WAS QUICK TO RESPOND WHEN I HAD A QUESTION. 👍,5,2025-02-06,True,0,exceeded expectation customer service quick respond question,0.0,0.0,1.0,0.0,Neutral,None Detected
REV01334,Books & Media,Cookbook,Really disappointed with this purchase. There was a strange smell straight out of the box.,2,2025-10-28,True,3,really disappointed purchase strange smell straight box,-0.5095,0.1,0.629,0.272,Negative,Anger
REV01784,Fashion,Running Shoes,Fantastic value for the price. Setup was simple and took less than five minutes. but the delivery experience could definitely be better.,4,2025-07-05,True,3,fantastic value price setup simple took less five minute delivery experience could definitely better,0.886,0.388,0.612,0.0,Positive,Anticipation
REV01397,Sports & Outdoors,Camping Tent,Fantastic value for the price. The build quality feels premium and sturdy. 👍 although the price is a bit high for what you get.,4,2024-06-09,False,0,fantastic value price build quality feel premium sturdy although price bit high get,0.7184,0.207,0.793,0.0,Positive,None Detected
REV00154,Books & Media,Comic Collection,Fantastic value for the price. Battery life lasts way longer than advertised. 🔥,4,2025-01-23,False,1,fantastic value price battery life last way longer advertised,0.5574,0.326,0.543,0.13,Positive,None Detected
REV01377,Beauty & Personal Care,Lip Balm Set,Does the job but nothing extraordinary. Good enough for occasional use.,3,2025-08-07,False,1,job nothing extraordinary good enough occasional use,-0.4782,0.0,0.763,0.237,Negative,Surprise
REV00338,Fashion,Running Shoes,Highly recommend this to everyone. Battery life lasts way longer than advertised. 👍 but the delivery experience could definitely be better.,4,2024-02-10,False,12,highly recommend everyone battery life last way longer advertised delivery experience could definitely better,0.8518,0.329,0.671,0.0,Positive,Trust
REV00424,Books & Media,Kids Story Set,I regret buying this. The instructions were confusing and unclear. 💔,1,2024-09-13,True,17,regret buying instruction confusing unclear,-0.5574,0.2,0.333,0.467,Negative,Sadness
REV01486,Books & Media,Kids Story Set,"FIVE STARS, NO DOUBT. IT LOOKS EVEN BETTER THAN THE PICTURES ONLINE. ❤️",4,2024-05-18,True,0,five star doubt look even better picture online,0.6949,0.337,0.573,0.09,Positive,None Detected
REV00833,Sports & Outdoors,Water Bottle,I'm so impressed with the quality. The packaging was neat and nothing was damaged. 👍 but I wish it came in more color options.,5,2024-04-19,True,5,impressed quality packaging neat nothing damaged wish came color option,0.8151,0.31,0.69,0.0,Positive,None Detected
REV01316,Books & Media,Fiction Novel,I'm so impressed with the quality. It's comfortable and fits perfectly. ❤️,5,2025-07-08,True,3,impressed quality comfortable fit perfectly,0.8977,0.521,0.479,0.0,Positive,None Detected
REV01115,Books & Media,Fiction Novel,"It's exactly what was advertised, nothing more. Some features could be improved in future versions.",3,2025-05-20,True,1,exactly advertised nothing feature could improved future version,0.4767,0.181,0.819,0.0,Positive,None Detected
REV01060,Home & Kitchen,Non-Stick Pan Set,"Extremely poor quality. I found scratches on it right out of the packaging. 😢 On the plus side, it did arrive quickly.",1,2025-08-15,True,6,extremely poor quality found scratch right packaging plus side arrive quickly,-0.7574,0.0,0.764,0.236,Negative,Joy
REV00470,Home & Kitchen,Bedsheet Set,Very frustrating experience overall. The instructions were confusing and unclear. 💔,2,2025-12-07,False,2,frustrating experience overall instruction confusing unclear,-0.6115,0.196,0.327,0.476,Negative,Trust
REV01059,Fashion,Sunglasses,Couldn't be happier with this purchase. The packaging was neat and nothing was damaged.,4,2024-09-26,True,2,couldnt happier purchase packaging neat nothing damaged,0.3879,0.282,0.573,0.145,Positive,None Detected
REV01728,Books & Media,Kids Story Set,Exceeded my expectations. The color and finish look great in person. 🔥,5,2025-01-28,True,0,exceeded expectation color finish look great person,0.4019,0.248,0.606,0.145,Positive,Anticipation
REV01409,Home & Kitchen,Electric Kettle,Works like a charm. Customer service was quick to respond when I had a question. 👍,4,2025-08-07,False,0,work like charm customer service quick respond question,0.6369,0.257,0.743,0.0,Positive,None Detected
REV00094,Sports & Outdoors,Resistance Bands,I'm so impressed with the quality. The packaging was neat and nothing was damaged. 🔥,5,2024-11-16,True,2,impressed quality packaging neat nothing damaged,0.87,0.496,0.504,0.0,Positive,None Detected
REV01383,Sports & Outdoors,Dumbbell Set,One of the worst products I've bought online. The instructions were confusing and unclear. 😢,2,2024-04-16,True,9,one worst product ive bought online instruction confusing unclear,-0.8779,0.0,0.519,0.481,Negative,Trust
REV00495,Electronics,Power Bank,Reasonable purchase overall. There are better alternatives but this works fine too. 🙂,3,2025-09-18,False,5,reasonable purchase overall better alternative work fine,0.7724,0.391,0.609,0.0,Positive,None Detected
REV01116,Books & Media,Self-Help Book,Couldn't be happier with this purchase. The packaging was neat and nothing was damaged. 😊,5,2025-01-05,True,0,couldnt happier purchase packaging neat nothing damaged,0.4854,0.304,0.506,0.19,Positive,None Detected
REV01097,Fashion,Cotton T-Shirt,Couldn't be happier with this purchase. Customer service was quick to respond when I had a question.,5,2024-05-13,True,2,couldnt happier purchase customer service quick respond question,-0.4168,0.0,0.852,0.148,Negative,None Detected
REV01727,Books & Media,Biography,Works like a charm. The build quality feels premium and sturdy. 🔥 but I wish it came in more color options.,5,2025-03-12,True,1,work like charm build quality feel premium sturdy wish came color option,0.6652,0.277,0.658,0.066,Positive,None Detected
REV00694,Electronics,USB-C Hub,This is exactly what I needed. The packaging was neat and nothing was damaged.,5,2024-09-15,True,0,exactly needed packaging neat nothing damaged,0.6604,0.311,0.689,0.0,Positive,None Detected
REV00749,Books & Media,Comic Collection,I'm so impressed with the quality. It looks even better than the pictures online. ❤️,4,2024-12-25,True,1,impressed quality look even better picture online,0.7425,0.31,0.69,0.0,Positive,None Detected
REV01066,Books & Media,Fiction Novel,Would not recommend this to anyone. The stitching came apart almost immediately. 👎,2,2025-12-18,False,0,would not recommend anyone stitching came apart almost immediately,-0.2755,0.0,0.86,0.14,Negative,Trust
REV01600,Fashion,Backpack,I regret buying this. It arrived late and the box was damaged. 😡,2,2025-06-07,True,1,regret buying arrived late box damaged,-0.6908,0.0,0.678,0.322,Negative,Sadness
REV00055,Beauty & Personal Care,Electric Trimmer,"Middle of the road experience. It does what it says, just don't expect much extra.",3,2024-01-15,True,0,middle road experience say dont expect much extra,0.0,0.0,1.0,0.0,Neutral,Anticipation
REV01108,Sports & Outdoors,Cycling Helmet,This is exactly what I needed. Battery life lasts way longer than advertised. 👍,5,2025-11-18,True,1,exactly needed battery life last way longer advertised,0.0,0.0,1.0,0.0,Neutral,None Detected
REV01080,Home & Kitchen,Vacuum Cleaner,Absolutely loved this product! Customer service was quick to respond when I had a question. 👍,4,2025-10-03,True,4,absolutely loved product customer service quick respond question,0.6689,0.219,0.781,0.0,Positive,None Detected
REV00907,Sports & Outdoors,Water Bottle,"It's fine, meets basic expectations. Some features could be improved in future versions. 🤷",3,2025-03-31,True,0,fine meet basic expectation feature could improved future version,0.5994,0.274,0.726,0.0,Positive,Anticipation
REV00569,Fashion,Cotton T-Shirt,Couldn't be happier with this purchase. My family loves it just as much as I do. 😊 but the delivery experience could definitely be better.,5,2025-03-09,True,2,couldnt happier purchase family love much delivery experience could definitely better,0.8971,0.356,0.595,0.049,Positive,Joy
REV00339,Home & Kitchen,Air Fryer,This broke within a few days of use. The size was completely different from what was described. 😢,2,2024-03-20,True,1,broke within day use size completely different described,-0.7096,0.0,0.742,0.258,Negative,Fear
REV00723,Fashion,Sunglasses,I'm so impressed with the quality. Customer service was quick to respond when I had a question. 😊,5,2025-03-09,False,0,impressed quality customer service quick respond question,0.8553,0.331,0.669,0.0,Positive,None Detected
REV01538,Electronics,Smartwatch,Exceeded my expectations. It looks even better than the pictures online. 🔥,4,2025-09-07,True,6,exceeded expectation look even better picture online,0.128,0.19,0.654,0.157,Positive,Anticipation
REV00245,Beauty & Personal Care,Electric Trimmer,Exceeded my expectations. The color and finish look great in person. ✨,5,2024-04-04,False,6,exceeded expectation color finish look great person,0.7506,0.39,0.61,0.0,Positive,Anticipation
REV01023,Beauty & Personal Care,Face Serum,Absolutely loved this product! The packaging was neat and nothing was damaged. 🔥,5,2025-10-29,True,3,absolutely loved product packaging neat nothing damaged,0.8985,0.57,0.43,0.0,Positive,None Detected
REV00581,Sports & Outdoors,Dumbbell Set,"Five stars, no doubt. Delivery was super fast, arrived a day early. ❤️",5,2025-03-08,False,0,five star doubt delivery super fast arrived day early,0.7193,0.334,0.666,0.0,Positive,Trust
REV01734,Electronics,Smartwatch,I'm so impressed with the quality. Battery life lasts way longer than advertised. 😊,4,2024-08-04,True,3,impressed quality battery life last way longer advertised,0.8553,0.385,0.615,0.0,Positive,None Detected
REV01348,Sports & Outdoors,Yoga Mat,Works like a charm. The packaging was neat and nothing was damaged. ❤️,5,2024-11-28,True,2,work like charm packaging neat nothing damaged,0.8627,0.515,0.485,0.0,Positive,None Detected
REV00355,Sports & Outdoors,Water Bottle,"It's fine, meets basic expectations. Good enough for occasional use. 🙂",3,2024-10-09,True,3,fine meet basic expectation good enough occasional use,0.7305,0.417,0.583,0.0,Positive,Anticipation
REV01220,Electronics,Power Bank,"Five stars, no doubt. Customer service was quick to respond when I had a question.",4,2025-03-04,False,0,five star doubt customer service quick respond question,0.2755,0.131,0.869,0.0,Positive,Trust
REV01104,Books & Media,Fiction Novel,"A decent option if you're on a budget. Packaging was standard, nothing memorable.",3,2025-09-28,False,5,decent option youre budget packaging standard nothing memorable,0.0,0.0,1.0,0.0,Neutral,Trust
REV00286,Books & Media,Fiction Novel,"Five stars, no doubt. The build quality feels premium and sturdy. 😊",4,2024-03-31,True,4,five star doubt build quality feel premium sturdy,0.797,0.384,0.616,0.0,Positive,Trust
REV01407,Sports & Outdoors,Yoga Mat,I'm so impressed with the quality. Battery life lasts way longer than advertised.,5,2024-05-30,False,0,impressed quality battery life last way longer advertised,0.5256,0.22,0.78,0.0,Positive,None Detected
REV01284,Books & Media,Self-Help Book,"Not bad, but not great either. Packaging was standard, nothing memorable.",3,2025-01-22,True,0,not bad not great either packaging standard nothing memorable,-0.5448,0.125,0.586,0.289,Negative,Anger
REV01494,Books & Media,Comic Collection,I regret buying this. It stopped working after just one week. 👎,1,2024-01-03,True,2,regret buying stopped working one week,-0.5719,0.0,0.701,0.299,Negative,Sadness
REV00313,Beauty & Personal Care,Face Serum,"Works like a charm. Delivery was super fast, arrived a day early. 😊",4,2024-09-13,True,1,work like charm delivery super fast arrived day early,0.9337,0.557,0.443,0.0,Positive,None Detected
REV00296,Home & Kitchen,Vacuum Cleaner,"Not worth the money at all. It arrived late and the box was damaged. 😡 On the plus side, it did arrive quickly.",2,2024-10-01,False,3,not worth money arrived late box damaged plus side arrive quickly,-0.5523,0.0,0.828,0.172,Negative,Anticipation
REV01743,Beauty & Personal Care,Sunscreen Lotion,I'm so impressed with the quality. My family loves it just as much as I do.,4,2024-07-09,False,2,impressed quality family love much,0.796,0.336,0.664,0.0,Positive,Joy
REV00812,Books & Media,Self-Help Book,"Highly recommend this to everyone. Delivery was super fast, arrived a day early. 👍",4,2024-04-19,True,9,highly recommend everyone delivery super fast arrived day early,0.7713,0.34,0.66,0.0,Positive,Trust
REV01018,Books & Media,Comic Collection,I'm so impressed with the quality. The color and finish look great in person. ❤️,4,2024-04-13,True,1,impressed quality color finish look great person,0.8173,0.349,0.651,0.0,Positive,None Detected
REV01741,Beauty & Personal Care,Hair Dryer,Would not recommend this to anyone. The instructions were confusing and unclear. 😡,2,2025-03-08,True,2,would not recommend anyone instruction confusing unclear,-0.6136,0.0,0.647,0.353,Negative,Trust
REV01036,Beauty & Personal Care,Face Serum,Exceeded my expectations. It's comfortable and fits perfectly.,5,2025-05-31,True,2,exceeded expectation comfortable fit perfectly,0.8176,0.556,0.444,0.0,Positive,Anticipation
REV00927,Fashion,Sunglasses,Fantastic value for the price. It's comfortable and fits perfectly. 🔥,5,2024-03-24,False,5,fantastic value price comfortable fit perfectly,0.9022,0.616,0.274,0.11,Positive,None Detected
REV01355,Sports & Outdoors,Cycling Helmet,One of the worst products I've bought online. The material feels cheap and flimsy. 😢,1,2024-06-20,True,1,one worst product ive bought online material feel cheap flimsy,-0.802,0.0,0.66,0.34,Negative,None Detected
REV00664,Beauty & Personal Care,Hair Dryer,Reasonable purchase overall. Shipping took the standard amount of time. 🤷,3,2025-07-20,True,4,reasonable purchase overall shipping took standard amount time,0.0,0.0,1.0,0.0,Neutral,Anticipation
REV01133,Sports & Outdoors,Yoga Mat,Highly recommend this to everyone. Battery life lasts way longer than advertised. ✨,4,2024-05-23,True,2,highly recommend everyone battery life last way longer advertised,0.624,0.316,0.684,0.0,Positive,Trust
REV00591,Books & Media,Kids Story Set,Couldn't be happier with this purchase. It's comfortable and fits perfectly. ❤️ but I wish it came in more color options.,5,2025-05-14,True,1,couldnt happier purchase comfortable fit perfectly wish came color option,0.7515,0.294,0.639,0.067,Positive,None Detected
REV00673,Fashion,Cotton T-Shirt,Fantastic value for the price. My family loves it just as much as I do. 🔥 although it took longer to arrive than promised.,5,2024-06-14,True,1,fantastic value price family love much although took longer arrive promised,0.8689,0.363,0.565,0.071,Positive,Joy
REV00132,Home & Kitchen,Electric Kettle,I want a refund immediately. It arrived late and the box was damaged.,2,2024-07-09,True,2,want refund immediately arrived late box damaged,-0.3818,0.086,0.724,0.191,Negative,Anticipation
REV01721,Books & Media,Comic Collection,"Highly recommend this to everyone. Delivery was super fast, arrived a day early.",4,2025-06-24,True,2,highly recommend everyone delivery super fast arrived day early,0.7713,0.378,0.622,0.0,Positive,Trust
REV00689,Electronics,Bluetooth Speaker,Couldn't be happier with this purchase. It's comfortable and fits perfectly. 👍,4,2025-05-07,True,2,couldnt happier purchase comfortable fit perfectly,0.6931,0.37,0.493,0.137,Positive,None Detected
REV00626,Home & Kitchen,Bedsheet Set,This is exactly what I needed. Battery life lasts way longer than advertised.,5,2024-04-01,True,1,exactly needed battery life last way longer advertised,0.0,0.0,1.0,0.0,Neutral,None Detected
REV00862,Fashion,Backpack,Average quality for the price. It's comparable to other products in this price range.,3,2025-11-05,True,0,average quality price comparable product price range,0.0,0.0,1.0,0.0,Neutral,None Detected
REV01188,Beauty & Personal Care,Sunscreen Lotion,This is exactly what I needed. The build quality feels premium and sturdy. ✨,5,2024-01-22,True,0,exactly needed build quality feel premium sturdy,0.3182,0.15,0.85,0.0,Positive,None Detected
REV00645,Beauty & Personal Care,Electric Trimmer,Would not recommend this to anyone. It stopped working after just one week. 👎,1,2024-12-05,False,0,would not recommend anyone stopped working one week,-0.4606,0.0,0.764,0.236,Negative,Trust
REV00527,Electronics,Wireless Earbuds,Best purchase I've made this year. The build quality feels premium and sturdy. 🔥,5,2024-12-16,True,4,best purchase ive made year build quality feel premium sturdy,0.4215,0.226,0.645,0.129,Positive,None Detected
REV00499,Books & Media,Comic Collection,this is exactly what i needed. it looks even better than the pictures online. 👍,5,2025-08-07,True,0,exactly needed look even better picture online,0.4404,0.162,0.838,0.0,Positive,None Detected
REV01639,Electronics,Power Bank,Exceeded my expectations. The build quality feels premium and sturdy. ❤️,5,2025-04-10,True,1,exceeded expectation build quality feel premium sturdy,0.0,0.0,1.0,0.0,Neutral,Anticipation
REV00784,Home & Kitchen,Air Fryer,Highly recommend this to everyone. The build quality feels premium and sturdy. ❤️,5,2024-05-12,True,0,highly recommend everyone build quality feel premium sturdy,0.4201,0.177,0.823,0.0,Positive,Trust
REV00128,Books & Media,Biography,One of the worst products I've bought online. There was a strange smell straight out of the box. 👎,2,2024-03-21,True,2,one worst product ive bought online strange smell straight box,-0.6124,0.077,0.685,0.238,Negative,Anger
REV00251,Fashion,Denim Jacket,i'm so impressed with the quality. the color and finish look great in person. ❤️,5,2025-07-30,False,2,impressed quality color finish look great person,0.8173,0.349,0.651,0.0,Positive,None Detected
REV00596,Electronics,Wireless Earbuds,Extremely poor quality. The size was completely different from what was described. 😢,1,2024-04-26,True,2,extremely poor quality size completely different described,-0.7574,0.0,0.649,0.351,Negative,None Detected
REV00953,Electronics,Smartwatch,"Five stars, no doubt. Setup was simple and took less than five minutes. 👍",5,2025-02-12,True,0,five star doubt setup simple took less five minute,0.2755,0.131,0.869,0.0,Positive,Trust
REV00163,Books & Media,Kids Story Set,Absolutely loved this product! Setup was simple and took less than five minutes.,5,2025-12-21,True,4,absolutely loved product setup simple took less five minute,0.6689,0.272,0.728,0.0,Positive,None Detected
REV00825,Home & Kitchen,Non-Stick Pan Set,this is exactly what i needed. the build quality feels premium and sturdy. ✨,5,2024-12-20,True,3,exactly needed build quality feel premium sturdy,0.3182,0.15,0.85,0.0,Positive,None Detected
REV01451,Electronics,Wireless Earbuds,Very frustrating experience overall. I found scratches on it right out of the packaging. 💔,2,2025-04-05,True,4,frustrating experience overall found scratch right packaging,-0.2716,0.179,0.553,0.268,Negative,Joy
REV00444,Home & Kitchen,Electric Kettle,Works like a charm. Battery life lasts way longer than advertised. 🔥,5,2024-04-14,True,0,work like charm battery life last way longer advertised,0.4215,0.313,0.542,0.145,Positive,None Detected
REV00098,Sports & Outdoors,Water Bottle,COULDN'T BE HAPPIER WITH THIS PURCHASE. IT'S COMFORTABLE AND FITS PERFECTLY. 😊,4,2024-12-25,True,1,couldnt happier purchase comfortable fit perfectly,0.9126,0.511,0.376,0.113,Positive,None Detected
REV00353,Electronics,Wireless Earbuds,I regret buying this. It doesn't match the pictures shown online at all.,1,2025-02-14,True,13,regret buying doesnt match picture shown online,-0.4215,0.0,0.811,0.189,Negative,Sadness
REV00429,Sports & Outdoors,Camping Tent,"very frustrating experience overall. i found scratches on it right out of the packaging. 👎 on the plus side, it did arrive quickly.",1,2024-11-01,True,1,frustrating experience overall found scratch right packaging plus side arrive quickly,-0.4927,0.0,0.878,0.122,Negative,Joy
REV01272,Home & Kitchen,Blender,I'm so impressed with the quality. The build quality feels premium and sturdy. 👍,5,2025-12-12,True,2,impressed quality build quality feel premium sturdy,0.5256,0.195,0.805,0.0,Positive,None Detected
REV00832,Sports & Outdoors,Water Bottle,Works like a charm. Battery life lasts way longer than advertised. ❤️,5,2025-01-29,False,2,work like charm battery life last way longer advertised,0.6369,0.321,0.679,0.0,Positive,None Detected
REV00674,Electronics,Laptop Stand,EXCEEDED MY EXPECTATIONS. CUSTOMER SERVICE WAS QUICK TO RESPOND WHEN I HAD A QUESTION. ❤️ BUT I WISH IT CAME IN MORE COLOR OPTIONS.,4,2024-02-05,False,1,exceeded expectation customer service quick respond question wish came color option,0.6858,0.162,0.838,0.0,Positive,None Detected
REV00507,Fashion,Sunglasses,Absolutely loved this product! Setup was simple and took less than five minutes. 🔥,5,2024-10-25,True,0,absolutely loved product setup simple took less five minute,0.474,0.237,0.635,0.127,Positive,None Detected
REV00656,Sports & Outdoors,Camping Tent,Would not recommend this to anyone. The stitching came apart almost immediately. 😡,1,2024-11-20,True,6,would not recommend anyone stitching came apart almost immediately,-0.2755,0.0,0.86,0.14,Negative,Trust
REV01003,Electronics,Smartwatch,"It's fine, meets basic expectations. Packaging was standard, nothing memorable.",3,2024-08-03,True,4,fine meet basic expectation packaging standard nothing memorable,0.2023,0.167,0.833,0.0,Positive,Anticipation
REV00331,Electronics,Bluetooth Speaker,"Couldn't be happier with this purchase. Delivery was super fast, arrived a day early. 👍",4,2025-01-08,False,12,couldnt happier purchase delivery super fast arrived day early,0.2787,0.189,0.677,0.134,Positive,None Detected
REV01353,Electronics,Wireless Earbuds,"Five stars, no doubt. Customer service was quick to respond when I had a question. 🔥",5,2025-09-11,True,4,five star doubt customer service quick respond question,-0.0747,0.114,0.756,0.13,Negative,Trust
REV00337,Fashion,Leather Wallet,I regret buying this. Customer support never replied to my emails.,1,2024-08-12,True,2,regret buying customer support never replied email,-0.0258,0.186,0.621,0.193,Neutral,Sadness
REV00700,Electronics,Wireless Earbuds,I'm so impressed with the quality. It's comfortable and fits perfectly. 😊,4,2025-09-10,True,3,impressed quality comfortable fit perfectly,0.9509,0.606,0.394,0.0,Positive,None Detected
REV01328,Beauty & Personal Care,Moisturizer Cream,"Works like a charm. Delivery was super fast, arrived a day early. 👍",5,2024-06-14,True,1,work like charm delivery super fast arrived day early,0.8442,0.453,0.547,0.0,Positive,None Detected
REV00327,Fashion,Sunglasses,I'm so impressed with the quality. Customer service was quick to respond when I had a question.,4,2025-10-25,True,4,impressed quality customer service quick respond question,0.5256,0.175,0.825,0.0,Positive,None Detected
REV00940,Home & Kitchen,Blender,"It's fine, meets basic expectations. Some features could be improved in future versions.",3,2025-09-13,True,2,fine meet basic expectation feature could improved future version,0.5994,0.308,0.692,0.0,Positive,Anticipation
REV00089,Sports & Outdoors,Dumbbell Set,couldn't be happier with this purchase. it looks even better than the pictures online. 👍,5,2024-09-13,True,1,couldnt happier purchase look even better picture online,0.032,0.147,0.712,0.141,Neutral,None Detected
REV00112,Books & Media,Comic Collection,"Extremely poor quality. It arrived late and the box was damaged. 😢 On the plus side, it did arrive quickly.",2,2024-06-02,True,1,extremely poor quality arrived late box damaged plus side arrive quickly,-0.8553,0.0,0.657,0.343,Negative,Sadness
REV00622,Home & Kitchen,Vacuum Cleaner,Exceeded my expectations. The build quality feels premium and sturdy. 👍,5,2024-10-02,True,5,exceeded expectation build quality feel premium sturdy,0.0,0.0,1.0,0.0,Neutral,Anticipation
REV00350,Books & Media,Kids Story Set,This was a complete waste of time. The size was completely different from what was described.,2,2025-07-24,True,1,complete waste time size completely different described,-0.4215,0.0,0.843,0.157,Negative,Disgust
REV01411,Beauty & Personal Care,Sunscreen Lotion,Exceeded my expectations. Setup was simple and took less than five minutes. ✨,5,2025-08-27,True,0,exceeded expectation setup simple took less five minute,0.3182,0.161,0.839,0.0,Positive,Anticipation
REV00455,Books & Media,Cookbook,"Not bad, but not great either. Good enough for occasional use.",3,2024-04-01,True,1,not bad not great either good enough occasional use,-0.7667,0.11,0.458,0.432,Negative,Anger
REV01391,Sports & Outdoors,Resistance Bands,I want a refund immediately. There was a strange smell straight out of the box. 💔,1,2025-01-15,True,5,want refund immediately strange smell straight box,0.3612,0.305,0.494,0.202,Positive,Anticipation
REV00306,Home & Kitchen,Blender,"This broke within a few days of use. There was a strange smell straight out of the box. 😡 On the plus side, it did arrive quickly.",1,2025-09-17,True,4,broke within day use strange smell straight box plus side arrive quickly,-0.4019,0.06,0.794,0.146,Negative,Fear
REV01791,Electronics,Bluetooth Speaker,"This is exactly what I needed. Delivery was super fast, arrived a day early. 🔥",4,2025-05-21,True,5,exactly needed delivery super fast arrived day early,0.3612,0.202,0.674,0.124,Positive,None Detected
REV01636,Fashion,Leather Wallet,Average quality for the price. The design is simple but functional. 🙂,3,2025-10-17,True,0,average quality price design simple functional,0.5515,0.215,0.785,0.0,Positive,None Detected
REV00070,Beauty & Personal Care,Electric Trimmer,Works like a charm. Setup was simple and took less than five minutes. 😊,4,2025-07-05,True,10,work like charm setup simple took less five minute,0.8807,0.444,0.556,0.0,Positive,None Detected
REV00530,Electronics,Laptop Stand,I'm so impressed with the quality. The color and finish look great in person. 👍,4,2024-12-22,True,2,impressed quality color finish look great person,0.8173,0.349,0.651,0.0,Positive,None Detected
REV00202,Beauty & Personal Care,Electric Trimmer,"This is exactly what I needed. Delivery was super fast, arrived a day early. 😊 but the delivery experience could definitely be better.",4,2025-02-04,True,5,exactly needed delivery super fast arrived day early delivery experience could definitely better,0.9161,0.386,0.614,0.0,Positive,Anticipation
REV00936,Electronics,Laptop Stand,best purchase i've made this year. customer service was quick to respond when i had a question. 👍,5,2024-11-30,True,0,best purchase ive made year customer service quick respond question,0.6369,0.189,0.811,0.0,Positive,None Detected
REV01534,Fashion,Denim Jacket,I want a refund immediately. It doesn't match the pictures shown online at all. 💔,1,2024-10-12,False,10,want refund immediately doesnt match picture shown online,0.34,0.255,0.602,0.144,Positive,Anticipation
REV01278,Books & Media,Kids Story Set,Really disappointed with this purchase. Customer support never replied to my emails. 😢,1,2024-06-12,True,9,really disappointed purchase customer support never replied email,-0.5849,0.134,0.545,0.322,Negative,Anger
REV01467,Books & Media,Comic Collection,"This broke within a few days of use. Customer support never replied to my emails. 😢 On the plus side, it did arrive quickly.",1,2025-09-09,False,2,broke within day use customer support never replied email plus side arrive quickly,-0.4939,0.088,0.719,0.193,Negative,Fear
REV00332,Beauty & Personal Care,Hair Dryer,Absolutely loved this product! Battery life lasts way longer than advertised. 👍,4,2024-12-05,False,0,absolutely loved product battery life last way longer advertised,0.6689,0.272,0.728,0.0,Positive,None Detected
REV00147,Electronics,Power Bank,"Five stars, no doubt. Battery life lasts way longer than advertised. ✨",5,2024-05-20,True,1,five star doubt battery life last way longer advertised,0.5283,0.306,0.694,0.0,Positive,Trust
REV00061,Fashion,Cotton T-Shirt,Couldn't be happier with this purchase. It looks even better than the pictures online. 🔥 but the delivery experience could definitely be better.,5,2024-11-10,True,6,couldnt happier purchase look even better picture online delivery experience could definitely better,0.7758,0.302,0.582,0.116,Positive,Anticipation
REV01154,Sports & Outdoors,Yoga Mat,Very frustrating experience overall. The material feels cheap and flimsy. 😢,1,2024-04-29,True,2,frustrating experience overall material feel cheap flimsy,-0.7425,0.0,0.614,0.386,Negative,None Detected
REV00525,Home & Kitchen,Bedsheet Set,"Five stars, no doubt. Delivery was super fast, arrived a day early. ✨",5,2024-06-15,True,0,five star doubt delivery super fast arrived day early,0.8079,0.454,0.546,0.0,Positive,Trust
REV00920,Home & Kitchen,Electric Kettle,Absolutely loved this product! It looks even better than the pictures online.,5,2024-05-14,False,0,absolutely loved product look even better picture online,0.8118,0.425,0.575,0.0,Positive,None Detected
REV00489,Home & Kitchen,Electric Kettle,THIS IS EXACTLY WHAT I NEEDED. THE BUILD QUALITY FEELS PREMIUM AND STURDY. ✨,4,2024-08-12,True,0,exactly needed build quality feel premium sturdy,0.3182,0.15,0.85,0.0,Positive,None Detected
REV00911,Beauty & Personal Care,Hair Dryer,"It's fine, meets basic expectations. Packaging was standard, nothing memorable. 🤷",3,2024-03-31,False,0,fine meet basic expectation packaging standard nothing memorable,0.2023,0.141,0.859,0.0,Positive,Anticipation
REV01694,Fashion,Sunglasses,"It's exactly what was advertised, nothing more. There are better alternatives but this works fine too. 🤷",3,2024-06-19,True,2,exactly advertised nothing better alternative work fine,0.5076,0.211,0.789,0.0,Positive,None Detected
REV01006,Beauty & Personal Care,Sunscreen Lotion,One of the worst products I've bought online. The instructions were confusing and unclear. 😡,1,2024-10-07,True,0,one worst product ive bought online instruction confusing unclear,-0.7906,0.0,0.619,0.381,Negative,Trust
REV00235,Electronics,Smartwatch,"It's an okay product, nothing special. I might consider other brands next time. 🤷",3,2025-11-02,True,9,okay product nothing special might consider brand next time,-0.092,0.111,0.758,0.132,Negative,Joy
REV00472,Electronics,Laptop Stand,Exceeded my expectations. The build quality feels premium and sturdy. ✨,5,2025-09-11,True,5,exceeded expectation build quality feel premium sturdy,0.3182,0.187,0.813,0.0,Positive,Anticipation
REV00314,Electronics,USB-C Hub,Highly recommend this to everyone. It looks even better than the pictures online. ✨ but I wish it came in more color options.,4,2025-07-28,True,4,highly recommend everyone look even better picture online wish came color option,0.7933,0.323,0.677,0.0,Positive,Trust
REV01255,Beauty & Personal Care,Hair Dryer,Absolutely loved this product! The build quality feels premium and sturdy.,5,2025-03-12,True,6,absolutely loved product build quality feel premium sturdy,0.6689,0.31,0.69,0.0,Positive,None Detected
REV01517,Electronics,Power Bank,This is exactly what I needed. The packaging was neat and nothing was damaged. 👍,5,2025-10-24,True,0,exactly needed packaging neat nothing damaged,0.6604,0.279,0.721,0.0,Positive,None Detected
REV01760,Sports & Outdoors,Cycling Helmet,Really disappointed with this purchase. Customer support never replied to my emails. 💔,1,2025-10-21,True,0,really disappointed purchase customer support never replied email,0.1045,0.295,0.427,0.278,Positive,Anger
REV00328,Electronics,Laptop Stand,Works like a charm. Customer service was quick to respond when I had a question. 😊 although it took longer to arrive than promised.,4,2024-12-18,True,0,work like charm customer service quick respond question although took longer arrive promised,0.9136,0.373,0.627,0.0,Positive,Anticipation
REV00565,Beauty & Personal Care,Electric Trimmer,Best purchase I've made this year. The packaging was neat and nothing was damaged. 🔥,4,2025-10-03,True,0,best purchase ive made year packaging neat nothing damaged,0.892,0.514,0.486,0.0,Positive,None Detected
REV01469,Beauty & Personal Care,Face Serum,"Five stars, no doubt. The packaging was neat and nothing was damaged. ✨ although it took longer to arrive than promised.",5,2024-01-19,False,2,five star doubt packaging neat nothing damaged although took longer arrive promised,0.7937,0.358,0.572,0.07,Positive,Anticipation
REV00738,Beauty & Personal Care,Moisturizer Cream,This is exactly what I needed. Customer service was quick to respond when I had a question. ❤️,4,2024-10-24,True,3,exactly needed customer service quick respond question,0.0,0.0,1.0,0.0,Neutral,None Detected
REV00480,Home & Kitchen,Vacuum Cleaner,Not worth the money at all. It doesn't match the pictures shown online at all. 👎,2,2025-07-07,True,4,not worth money doesnt match picture shown online,-0.1695,0.0,0.906,0.094,Negative,Anger
REV01372,Sports & Outdoors,Cycling Helmet,"IT'S AN OKAY PRODUCT, NOTHING SPECIAL. THE DESIGN IS SIMPLE BUT FUNCTIONAL.",3,2025-06-23,False,0,okay product nothing special design simple functional,-0.0462,0.111,0.765,0.125,Neutral,None Detected
REV00729,Sports & Outdoors,Cycling Helmet,Exceeded my expectations. Battery life lasts way longer than advertised. even though customer service was slow to respond.,5,2024-08-15,True,3,exceeded expectation battery life last way longer advertised even though customer service slow respond,0.0,0.0,1.0,0.0,Neutral,Anticipation
REV00473,Books & Media,Comic Collection,Middle of the road experience. The design is simple but functional. 🙂,3,2024-10-10,True,0,middle road experience design simple functional,0.5515,0.215,0.785,0.0,Positive,None Detected
REV00133,Beauty & Personal Care,Sunscreen Lotion,Exceeded my expectations. Setup was simple and took less than five minutes. ❤️,5,2024-05-18,False,4,exceeded expectation setup simple took less five minute,0.0,0.0,1.0,0.0,Neutral,Anticipation
REV00551,Books & Media,Biography,This was a complete waste of time. I found scratches on it right out of the packaging.,1,2025-04-18,True,10,complete waste time found scratch right packaging,-0.4215,0.0,0.851,0.149,Negative,Disgust
REV01329,Beauty & Personal Care,Sunscreen Lotion,Works like a charm. Customer service was quick to respond when I had a question. 😊,5,2025-05-18,True,5,work like charm customer service quick respond question,0.8807,0.412,0.588,0.0,Positive,None Detected
REV00965,Sports & Outdoors,Cycling Helmet,Exceeded my expectations. Customer service was quick to respond when I had a question. 😊,5,2025-04-10,True,0,exceeded expectation customer service quick respond question,0.7184,0.261,0.739,0.0,Positive,Anticipation
REV00807,Electronics,Power Bank,Absolutely loved this product! The build quality feels premium and sturdy. 😊,4,2025-08-08,False,1,absolutely loved product build quality feel premium sturdy,0.8881,0.446,0.554,0.0,Positive,None Detected
REV00299,Books & Media,Comic Collection,Best purchase I've made this year. My family loves it just as much as I do. 🔥 but I wish it came in more color options.,5,2025-06-21,True,0,best purchase ive made year family love much wish came color option,0.7783,0.264,0.683,0.053,Positive,Joy
REV01345,Fashion,Backpack,Works like a charm. The color and finish look great in person. ❤️,4,2025-08-09,False,1,work like charm color finish look great person,0.8519,0.458,0.542,0.0,Positive,None Detected
REV00546,Home & Kitchen,Vacuum Cleaner,Couldn't be happier with this purchase. The packaging was neat and nothing was damaged. ❤️,5,2025-11-14,True,3,couldnt happier purchase packaging neat nothing damaged,0.3879,0.255,0.614,0.131,Positive,None Detected
REV01390,Home & Kitchen,Non-Stick Pan Set,Absolutely loved this product! It looks even better than the pictures online.,4,2025-02-19,False,0,absolutely loved product look even better picture online,0.8118,0.425,0.575,0.0,Positive,None Detected
REV01037,Sports & Outdoors,Dumbbell Set,Average quality for the price. It's a bit bulkier than I expected. 🙂,3,2025-06-27,True,6,average quality price bit bulkier expected,0.4033,0.162,0.838,0.0,Positive,Anticipation
REV00697,Beauty & Personal Care,Lip Balm Set,This was a complete waste of time. The instructions were confusing and unclear. 👎,2,2025-08-03,False,2,complete waste time instruction confusing unclear,-0.6908,0.0,0.642,0.358,Negative,Disgust
REV01762,Beauty & Personal Care,Lip Balm Set,Reasonable purchase overall. It's comparable to other products in this price range. 🤷,3,2025-08-01,False,0,reasonable purchase overall comparable product price range,0.0,0.0,1.0,0.0,Neutral,None Detected
REV00348,Books & Media,Comic Collection,Very frustrating experience overall. It arrived late and the box was damaged. 💔,2,2025-02-22,True,2,frustrating experience overall arrived late box damaged,-0.6115,0.18,0.427,0.393,Negative,Sadness
REV01648,Fashion,Backpack,"Five stars, no doubt. Customer service was quick to respond when I had a question. 😊",5,2024-10-28,True,0,five star doubt customer service quick respond question,0.797,0.323,0.677,0.0,Positive,Trust
REV01358,Electronics,Smartwatch,This was a complete waste of time. There was a strange smell straight out of the box. 👎,1,2024-04-28,True,1,complete waste time strange smell straight box,-0.4019,0.084,0.711,0.204,Negative,Disgust
REV01729,Beauty & Personal Care,Face Serum,Works like a charm. It looks even better than the pictures online. 🔥,4,2024-01-08,True,3,work like charm look even better picture online,0.6908,0.415,0.462,0.123,Positive,None Detected
REV01555,Fashion,Denim Jacket,Fantastic value for the price. The packaging was neat and nothing was damaged.,4,2025-10-26,True,2,fantastic value price packaging neat nothing damaged,0.8861,0.559,0.441,0.0,Positive,None Detected
REV01254,Fashion,Denim Jacket,This is exactly what I needed. Battery life lasts way longer than advertised. 👍,5,2024-09-15,True,1,exactly needed battery life last way longer advertised,0.0,0.0,1.0,0.0,Neutral,None Detected
REV01291,Home & Kitchen,Air Fryer,This was a complete waste of time. The material feels cheap and flimsy. 😢,2,2024-09-20,True,6,complete waste time material feel cheap flimsy,-0.7096,0.0,0.688,0.312,Negative,Disgust
REV00225,Beauty & Personal Care,Hair Dryer,"Exceeded my expectations. Delivery was super fast, arrived a day early. 👍",4,2024-10-10,True,0,exceeded expectation delivery super fast arrived day early,0.5994,0.245,0.755,0.0,Positive,Anticipation
REV00710,Fashion,Cotton T-Shirt,This is exactly what I needed. The color and finish look great in person. although the price is a bit high for what you get.,4,2025-11-26,False,8,exactly needed color finish look great person although price bit high get,0.6249,0.146,0.854,0.0,Positive,None Detected
REV00666,Sports & Outdoors,Yoga Mat,Best purchase I've made this year. Battery life lasts way longer than advertised. 🔥,4,2024-07-30,True,3,best purchase ive made year battery life last way longer advertised,0.4215,0.226,0.645,0.129,Positive,None Detected
REV01666,Home & Kitchen,Air Fryer,ABSOLUTELY LOVED THIS PRODUCT! IT LOOKS EVEN BETTER THAN THE PICTURES ONLINE.,4,2025-06-05,False,4,absolutely loved product look even better picture online,0.8118,0.425,0.575,0.0,Positive,None Detected
REV00731,Sports & Outdoors,Camping Tent,"Couldn't be happier with this purchase. Delivery was super fast, arrived a day early. 😊",4,2025-06-28,True,3,couldnt happier purchase delivery super fast arrived day early,0.7978,0.358,0.542,0.1,Positive,None Detected
REV01325,Electronics,Laptop Stand,Best purchase I've made this year. The build quality feels premium and sturdy. 🔥 but I wish it came in more color options.,4,2025-08-10,False,1,best purchase ive made year build quality feel premium sturdy wish came color option,0.6652,0.221,0.718,0.061,Positive,None Detected
REV00709,Home & Kitchen,Vacuum Cleaner,ONE OF THE WORST PRODUCTS I'VE BOUGHT ONLINE. I FOUND SCRATCHES ON IT RIGHT OUT OF THE PACKAGING. 💔,1,2024-04-28,True,0,one worst product ive bought online found scratch right packaging,-0.5766,0.144,0.584,0.272,Negative,None Detected
REV00857,Electronics,Laptop Stand,EXCEEDED MY EXPECTATIONS. IT LOOKS EVEN BETTER THAN THE PICTURES ONLINE. 👍 ALTHOUGH THE PRICE IS A BIT HIGH FOR WHAT YOU GET.,5,2024-08-28,False,1,exceeded expectation look even better picture online although price bit high get,0.5622,0.136,0.864,0.0,Positive,None Detected
REV01764,Sports & Outdoors,Water Bottle,Absolutely loved this product! The color and finish look great in person. 👍,5,2024-09-07,True,4,absolutely loved product color finish look great person,0.862,0.417,0.583,0.0,Positive,None Detected
REV01470,Electronics,Wireless Earbuds,This is exactly what I needed. It looks even better than the pictures online.,5,2025-04-26,False,0,exactly needed look even better picture online,0.4404,0.182,0.818,0.0,Positive,None Detected
REV01147,Beauty & Personal Care,Face Serum,AVERAGE QUALITY FOR THE PRICE. IT'S A BIT BULKIER THAN I EXPECTED. 🙂,3,2024-01-14,True,2,average quality price bit bulkier expected,0.4033,0.162,0.838,0.0,Positive,None Detected
REV01142,Home & Kitchen,Non-Stick Pan Set,Works like a charm. The build quality feels premium and sturdy. ❤️ but the delivery experience could definitely be better.,4,2025-02-04,True,0,work like charm build quality feel premium sturdy delivery experience could definitely better,0.875,0.393,0.607,0.0,Positive,Anticipation
REV01265,Home & Kitchen,Blender,This broke within a few days of use. It stopped working after just one week. 😡,1,2025-05-16,False,18,broke within day use stopped working one week,-0.5719,0.0,0.761,0.239,Negative,Fear
REV01070,Fashion,Backpack,middle of the road experience. i might consider other brands next time. 🙂,3,2024-06-30,False,5,middle road experience might consider brand next time,0.4033,0.162,0.838,0.0,Positive,Anticipation
REV01568,Books & Media,Kids Story Set,"middle of the road experience. packaging was standard, nothing memorable. 🙂",3,2025-12-08,True,2,middle road experience packaging standard nothing memorable,-0.3101,0.0,0.841,0.159,Negative,Joy
REV00945,Books & Media,Biography,This is exactly what I needed. The build quality feels premium and sturdy. 😊,5,2025-09-15,True,14,exactly needed build quality feel premium sturdy,0.7184,0.273,0.727,0.0,Positive,None Detected
REV00233,Electronics,Wireless Earbuds,"Five stars, no doubt. The packaging was neat and nothing was damaged. ❤️",5,2024-02-26,True,1,five star doubt packaging neat nothing damaged,0.7591,0.406,0.594,0.0,Positive,Trust
REV01201,Beauty & Personal Care,Hair Dryer,Absolutely loved this product! It looks even better than the pictures online. 🔥,4,2024-11-05,True,0,absolutely loved product look even better picture online,0.7171,0.373,0.505,0.121,Positive,None Detected
REV00777,Books & Media,Self-Help Book,"Couldn't be happier with this purchase. Delivery was super fast, arrived a day early. 🔥",5,2025-03-02,True,6,couldnt happier purchase delivery super fast arrived day early,-0.0711,0.185,0.569,0.246,Negative,None Detected
REV00501,Books & Media,Cookbook,"It's exactly what was advertised, nothing more. Some features could be improved in future versions. 🤷",3,2025-12-02,True,2,exactly advertised nothing feature could improved future version,0.4767,0.162,0.838,0.0,Positive,None Detected
REV00950,Sports & Outdoors,Cycling Helmet,Best purchase I've made this year. It's comfortable and fits perfectly. ✨,4,2025-12-17,False,4,best purchase ive made year comfortable fit perfectly,0.9325,0.636,0.364,0.0,Positive,None Detected
REV01009,Books & Media,Biography,I'm so impressed with the quality. Setup was simple and took less than five minutes. ✨,4,2024-04-23,True,6,impressed quality setup simple took less five minute,0.6901,0.289,0.711,0.0,Positive,None Detected
REV00996,Sports & Outdoors,Yoga Mat,Absolutely loved this product! My family loves it just as much as I do. ✨,5,2024-08-21,True,0,absolutely loved product family love much,0.8881,0.466,0.534,0.0,Positive,Joy
REV01560,Fashion,Leather Wallet,A decent option if you're on a budget. There are better alternatives but this works fine too.,3,2024-11-18,True,0,decent option youre budget better alternative work fine,0.4854,0.217,0.783,0.0,Positive,Trust
REV00859,Beauty & Personal Care,Moisturizer Cream,This was a complete waste of time. The size was completely different from what was described. 😡,1,2025-03-02,False,3,complete waste time size completely different described,-0.4215,0.0,0.859,0.141,Negative,Disgust
REV00743,Fashion,Cotton T-Shirt,Absolutely loved this product! Customer service was quick to respond when I had a question. 🔥,4,2024-09-29,True,1,absolutely loved product customer service quick respond question,0.474,0.215,0.67,0.115,Positive,None Detected
REV00362,Electronics,Wireless Earbuds,"Not worth the money at all. It doesn't match the pictures shown online at all. On the plus side, it did arrive quickly.",1,2025-08-11,False,4,not worth money doesnt match picture shown online plus side arrive quickly,-0.1695,0.0,0.93,0.07,Negative,Anticipation
REV01566,Home & Kitchen,Electric Kettle,Couldn't be happier with this purchase. My family loves it just as much as I do. ❤️,5,2025-11-04,True,5,couldnt happier purchase family love much,0.2321,0.165,0.712,0.124,Positive,Joy
REV01416,Books & Media,Cookbook,Couldn't be happier with this purchase. The packaging was neat and nothing was damaged. 😊,4,2025-01-30,True,3,couldnt happier purchase packaging neat nothing damaged,0.4854,0.304,0.506,0.19,Positive,None Detected
REV00352,Beauty & Personal Care,Lip Balm Set,"Best purchase I've made this year. Delivery was super fast, arrived a day early. 👍",4,2025-02-02,False,0,best purchase ive made year delivery super fast arrived day early,0.8442,0.367,0.633,0.0,Positive,None Detected
REV01327,Fashion,Leather Wallet,Highly recommend this to everyone. It's comfortable and fits perfectly. 😊,4,2024-09-13,False,0,highly recommend everyone comfortable fit perfectly,0.9459,0.62,0.38,0.0,Positive,Trust
REV00811,Books & Media,Fiction Novel,Fantastic value for the price. Battery life lasts way longer than advertised. 👍,4,2025-01-22,True,0,fantastic value price battery life last way longer advertised,0.7184,0.333,0.667,0.0,Positive,None Detected
REV01507,Books & Media,Biography,Average quality for the price. Some features could be improved in future versions. 🙂,3,2024-08-22,True,1,average quality price feature could improved future version,0.701,0.293,0.707,0.0,Positive,None Detected
REV00324,Books & Media,Biography,exceeded my expectations. customer service was quick to respond when i had a question. 😊,4,2024-08-21,False,3,exceeded expectation customer service quick respond question,0.7184,0.261,0.739,0.0,Positive,Anticipation
REV01700,Books & Media,Fiction Novel,reasonable purchase overall. shipping took the standard amount of time. 🙂,3,2024-12-03,True,2,reasonable purchase overall shipping took standard amount time,0.4033,0.184,0.816,0.0,Positive,Anticipation
REV01359,Home & Kitchen,Air Fryer,I'm so impressed with the quality. The build quality feels premium and sturdy. ❤️,5,2024-10-17,True,10,impressed quality build quality feel premium sturdy,0.5256,0.195,0.805,0.0,Positive,None Detected
REV00821,Electronics,Wireless Earbuds,Best purchase I've made this year. Battery life lasts way longer than advertised. 🔥,4,2024-05-05,True,5,best purchase ive made year battery life last way longer advertised,0.4215,0.226,0.645,0.129,Positive,None Detected
REV01798,Beauty & Personal Care,Lip Balm Set,"Five stars, no doubt. The packaging was neat and nothing was damaged. ❤️",4,2024-03-09,True,3,five star doubt packaging neat nothing damaged,0.7591,0.406,0.594,0.0,Positive,Trust
REV00543,Beauty & Personal Care,Electric Trimmer,Fantastic value for the price. The color and finish look great in person. 🔥,5,2025-01-10,True,1,fantastic value price color finish look great person,0.8271,0.449,0.444,0.107,Positive,None Detected
REV01751,Fashion,Leather Wallet,"It's fine, meets basic expectations. There are better alternatives but this works fine too.",3,2025-10-20,True,4,fine meet basic expectation better alternative work fine,0.5499,0.335,0.665,0.0,Positive,Anticipation
REV00526,Fashion,Sunglasses,I'm so impressed with the quality. It looks even better than the pictures online. ✨,5,2024-04-26,True,2,impressed quality look even better picture online,0.8221,0.417,0.583,0.0,Positive,None Detected
REV01793,Fashion,Denim Jacket,Highly recommend this to everyone. Battery life lasts way longer than advertised. 🔥,4,2024-01-12,True,1,highly recommend everyone battery life last way longer advertised,0.101,0.172,0.679,0.148,Positive,Trust
REV01243,Beauty & Personal Care,Electric Trimmer,Highly recommend this to everyone. The packaging was neat and nothing was damaged. 😊 even though customer service was slow to respond.,4,2024-04-12,True,11,highly recommend everyone packaging neat nothing damaged even though customer service slow respond,0.828,0.323,0.606,0.072,Positive,Trust
REV00459,Books & Media,Biography,Reasonable purchase overall. Good enough for occasional use. 🤷,3,2024-08-19,True,8,reasonable purchase overall good enough occasional use,0.4404,0.244,0.756,0.0,Positive,Surprise
REV00478,Electronics,Power Bank,"Fantastic value for the price. Delivery was super fast, arrived a day early. ✨",4,2025-10-24,True,1,fantastic value price delivery super fast arrived day early,0.9042,0.55,0.45,0.0,Positive,None Detected
REV00651,Electronics,Wireless Earbuds,I regret buying this. Customer support never replied to my emails. 👎,1,2024-02-17,True,8,regret buying customer support never replied email,-0.0258,0.164,0.667,0.17,Neutral,Sadness
REV00959,Home & Kitchen,Non-Stick Pan Set,This is exactly what I needed. Battery life lasts way longer than advertised. ❤️,5,2025-08-23,True,2,exactly needed battery life last way longer advertised,0.0,0.0,1.0,0.0,Neutral,None Detected
REV01107,Fashion,Sunglasses,Really disappointed with this purchase. The stitching came apart almost immediately. 😡,1,2025-01-19,True,9,really disappointed purchase stitching came apart almost immediately,-0.5256,0.0,0.78,0.22,Negative,Anger
REV00014,Home & Kitchen,Vacuum Cleaner,A DECENT OPTION IF YOU'RE ON A BUDGET. I MIGHT CONSIDER OTHER BRANDS NEXT TIME.,3,2024-01-08,True,2,decent option youre budget might consider brand next time,0.0,0.0,1.0,0.0,Neutral,None Detected
REV01528,Home & Kitchen,Non-Stick Pan Set,I'm so impressed with the quality. Battery life lasts way longer than advertised.,5,2025-11-14,False,10,impressed quality battery life last way longer advertised,0.5256,0.22,0.78,0.0,Positive,None Detected
REV00974,Home & Kitchen,Blender,This is exactly what I needed. My family loves it just as much as I do. ✨ even though customer service was slow to respond.,4,2025-06-29,True,0,exactly needed family love much even though customer service slow respond,0.7184,0.207,0.793,0.0,Positive,Joy
REV01268,Fashion,Denim Jacket,Best purchase I've made this year. Setup was simple and took less than five minutes. 🔥 but I wish it came in more color options.,5,2025-10-04,True,5,best purchase ive made year setup simple took less five minute wish came color option,0.6652,0.206,0.737,0.057,Positive,None Detected
REV00369,Sports & Outdoors,Camping Tent,"Five stars, no doubt. The build quality feels premium and sturdy. 🔥 although it took longer to arrive than promised.",4,2024-12-29,True,5,five star doubt build quality feel premium sturdy although took longer arrive promised,0.2982,0.192,0.708,0.1,Positive,Anticipation
REV00984,Beauty & Personal Care,Hair Dryer,Average quality for the price. I might consider other brands next time.,3,2024-09-07,True,1,average quality price might consider brand next time,0.0,0.0,1.0,0.0,Neutral,Anticipation
REV00342,Beauty & Personal Care,Moisturizer Cream,"It's fine, meets basic expectations. Good enough for occasional use. 🙂",3,2024-05-17,True,3,fine meet basic expectation good enough occasional use,0.7305,0.417,0.583,0.0,Positive,Anticipation
REV00971,Home & Kitchen,Blender,This broke within a few days of use. I found scratches on it right out of the packaging. 👎,1,2024-07-09,True,1,broke within day use found scratch right packaging,-0.4215,0.0,0.872,0.128,Negative,Fear
REV00707,Books & Media,Comic Collection,Does the job but nothing extraordinary. Shipping took the standard amount of time. 🤷,3,2024-09-20,True,0,job nothing extraordinary shipping took standard amount time,0.0,0.0,1.0,0.0,Neutral,Anticipation
REV00692,Books & Media,Cookbook,Works like a charm. My family loves it just as much as I do.,5,2024-02-05,False,0,work like charm family love much,0.836,0.447,0.553,0.0,Positive,Joy
REV00280,Books & Media,Cookbook,I'm so impressed with the quality. Customer service was quick to respond when I had a question. ✨,5,2025-11-28,True,2,impressed quality customer service quick respond question,0.6901,0.262,0.738,0.0,Positive,None Detected
REV01364,Electronics,Laptop Stand,I regret buying this. It doesn't match the pictures shown online at all. 💔,1,2024-11-24,True,0,regret buying doesnt match picture shown online,-0.1779,0.19,0.543,0.267,Negative,Sadness
REV01589,Electronics,Power Bank,Highly recommend this to everyone. The build quality feels premium and sturdy.,5,2024-12-29,True,6,highly recommend everyone build quality feel premium sturdy,0.4201,0.202,0.798,0.0,Positive,Trust
REV01705,Home & Kitchen,Bedsheet Set,"It's fine, meets basic expectations. There are better alternatives but this works fine too. 🤷",3,2024-03-30,True,0,fine meet basic expectation better alternative work fine,0.5499,0.299,0.701,0.0,Positive,Anticipation
REV00963,Electronics,Smartwatch,"Five stars, no doubt. Customer service was quick to respond when I had a question. ✨",5,2024-11-06,True,0,five star doubt customer service quick respond question,0.5283,0.24,0.76,0.0,Positive,Trust
REV00401,Electronics,Laptop Stand,Highly recommend this to everyone. The build quality feels premium and sturdy.,5,2025-03-20,True,0,highly recommend everyone build quality feel premium sturdy,0.4201,0.202,0.798,0.0,Positive,Trust
REV00336,Sports & Outdoors,Water Bottle,Does the job but nothing extraordinary. There are better alternatives but this works fine too. 🤷,3,2024-06-18,True,6,job nothing extraordinary better alternative work fine,0.7227,0.287,0.713,0.0,Positive,None Detected
REV00169,Fashion,Backpack,this is exactly what i needed. battery life lasts way longer than advertised. 🔥,5,2024-12-22,True,3,exactly needed battery life last way longer advertised,-0.34,0.0,0.844,0.156,Negative,Anger
REV00595,Books & Media,Biography,Average quality for the price. The design is simple but functional. 🙂,3,2024-08-28,True,3,average quality price design simple functional,0.5515,0.215,0.785,0.0,Positive,None Detected
REV01153,Home & Kitchen,Blender,Best purchase I've made this year. The color and finish look great in person. 👍,5,2025-05-28,True,1,best purchase ive made year color finish look great person,0.8519,0.372,0.628,0.0,Positive,None Detected
REV00482,Books & Media,Kids Story Set,Average quality for the price. Good enough for occasional use. 🙂,3,2025-09-25,True,1,average quality price good enough occasional use,0.6534,0.327,0.673,0.0,Positive,Surprise
REV00506,Beauty & Personal Care,Face Serum,Does the job but nothing extraordinary. There are better alternatives but this works fine too. 🙂,3,2025-05-23,True,13,job nothing extraordinary better alternative work fine,0.8628,0.391,0.609,0.0,Positive,None Detected
REV00179,Fashion,Leather Wallet,Would not recommend this to anyone. I found scratches on it right out of the packaging. 😢,1,2025-05-24,True,2,would not recommend anyone found scratch right packaging,-0.6381,0.0,0.754,0.246,Negative,Trust
REV01430,Sports & Outdoors,Camping Tent,I regret buying this. The material feels cheap and flimsy. 😢,1,2025-09-20,True,0,regret buying material feel cheap flimsy,-0.7096,0.0,0.629,0.371,Negative,Sadness
REV01475,Sports & Outdoors,Dumbbell Set,I'm so impressed with the quality. The build quality feels premium and sturdy. 😊,4,2025-12-18,False,8,impressed quality build quality feel premium sturdy,0.8553,0.385,0.615,0.0,Positive,None Detected
REV00942,Books & Media,Biography,Fantastic value for the price. Customer service was quick to respond when I had a question. 🔥,5,2025-12-31,True,4,fantastic value price customer service quick respond question,0.5574,0.268,0.625,0.107,Positive,None Detected
REV00366,Home & Kitchen,Vacuum Cleaner,I regret buying this. The stitching came apart almost immediately. 👎,2,2025-01-25,True,5,regret buying stitching came apart almost immediately,-0.4215,0.0,0.797,0.203,Negative,Sadness
REV00776,Sports & Outdoors,Cycling Helmet,I'm so impressed with the quality. It looks even better than the pictures online. 👍 but the delivery experience could definitely be better.,5,2025-03-10,True,2,impressed quality look even better picture online delivery experience could definitely better,0.8897,0.366,0.634,0.0,Positive,Anticipation
REV01433,Beauty & Personal Care,Hair Dryer,Best purchase I've made this year. The packaging was neat and nothing was damaged. ❤️,4,2024-01-10,True,2,best purchase ive made year packaging neat nothing damaged,0.8627,0.425,0.575,0.0,Positive,None Detected
REV00998,Fashion,Denim Jacket,i'm so impressed with the quality. the color and finish look great in person. ✨,5,2025-03-28,True,3,impressed quality color finish look great person,0.8687,0.449,0.551,0.0,Positive,None Detected
REV00320,Home & Kitchen,Electric Kettle,"It's fine, meets basic expectations. Good enough for occasional use.",3,2024-12-20,True,1,fine meet basic expectation good enough occasional use,0.5719,0.37,0.63,0.0,Positive,Anticipation
REV01587,Fashion,Denim Jacket,I want a refund immediately. It stopped working after just one week. 👎,2,2024-02-18,True,0,want refund immediately stopped working one week,-0.1531,0.086,0.789,0.125,Negative,Anticipation
REV01651,Sports & Outdoors,Cycling Helmet,Works like a charm. The color and finish look great in person.,4,2025-10-16,True,17,work like charm color finish look great person,0.8519,0.508,0.492,0.0,Positive,None Detected
REV00903,Books & Media,Comic Collection,Fantastic value for the price. The packaging was neat and nothing was damaged. ❤️,4,2024-12-15,True,4,fantastic value price packaging neat nothing damaged,0.8861,0.509,0.491,0.0,Positive,None Detected
REV01298,Home & Kitchen,Air Fryer,THIS BROKE WITHIN A FEW DAYS OF USE. THE SIZE WAS COMPLETELY DIFFERENT FROM WHAT WAS DESCRIBED. 👎,2,2024-06-10,False,4,broke within day use size completely different described,-0.5473,0.0,0.836,0.164,Negative,None Detected
REV01553,Beauty & Personal Care,Face Serum,Average quality for the price. Shipping took the standard amount of time. 🙂,3,2025-09-27,True,1,average quality price shipping took standard amount time,0.4033,0.162,0.838,0.0,Positive,Anticipation
REV01232,Sports & Outdoors,Dumbbell Set,Works like a charm. It's comfortable and fits perfectly. ❤️,4,2025-11-02,True,2,work like charm comfortable fit perfectly,0.9136,0.645,0.355,0.0,Positive,None Detected
REV00356,Home & Kitchen,Bedsheet Set,This is exactly what I needed. The packaging was neat and nothing was damaged. ✨,5,2025-08-19,True,2,exactly needed packaging neat nothing damaged,0.5337,0.279,0.62,0.101,Positive,None Detected
REV00716,Books & Media,Fiction Novel,Couldn't be happier with this purchase. Customer service was quick to respond when I had a question. 🔥,4,2024-01-10,True,2,couldnt happier purchase customer service quick respond question,-0.6341,0.0,0.756,0.244,Negative,None Detected
REV00285,Fashion,Denim Jacket,I'm so impressed with the quality. Battery life lasts way longer than advertised. 🔥,5,2024-03-23,True,1,impressed quality battery life last way longer advertised,0.2484,0.191,0.674,0.135,Positive,None Detected
REV00607,Home & Kitchen,Bedsheet Set,One of the worst products I've bought online. I found scratches on it right out of the packaging. 😡,2,2024-05-07,True,4,one worst product ive bought online found scratch right packaging,-0.6249,0.0,0.823,0.177,Negative,Joy
REV01077,Sports & Outdoors,Yoga Mat,Absolutely loved this product! Setup was simple and took less than five minutes. 🔥,5,2025-06-20,False,5,absolutely loved product setup simple took less five minute,0.474,0.237,0.635,0.127,Positive,None Detected
REV01191,Books & Media,Self-Help Book,Fantastic value for the price. The build quality feels premium and sturdy. 🔥,5,2024-09-18,True,5,fantastic value price build quality feel premium sturdy,0.5574,0.326,0.543,0.13,Positive,None Detected
REV00521,Books & Media,Comic Collection,Highly recommend this to everyone. The packaging was neat and nothing was damaged. 👍,4,2024-03-09,True,4,highly recommend everyone packaging neat nothing damaged,0.8019,0.406,0.594,0.0,Positive,Trust
REV01213,Sports & Outdoors,Camping Tent,"It works as described, no complaints, no excitement. There are better alternatives but this works fine too. 🤷",3,2025-11-09,True,6,work described complaint excitement better alternative work fine,0.5282,0.314,0.608,0.079,Positive,Anger
REV00611,Beauty & Personal Care,Electric Trimmer,Couldn't be happier with this purchase. My family loves it just as much as I do.,5,2024-05-27,True,0,couldnt happier purchase family love much,0.2321,0.181,0.684,0.136,Positive,Joy
REV00393,Books & Media,Self-Help Book,"it's an okay product, nothing special. it's a bit bulkier than i expected.",3,2025-03-01,False,7,okay product nothing special bit bulkier expected,-0.092,0.125,0.726,0.149,Negative,Joy
REV01146,Books & Media,Comic Collection,Absolutely loved this product! My family loves it just as much as I do. 👍 although the price is a bit high for what you get.,4,2024-01-24,True,0,absolutely loved product family love much although price bit high get,0.8475,0.247,0.753,0.0,Positive,Joy
REV01005,Beauty & Personal Care,Lip Balm Set,This was a complete waste of time. It stopped working after just one week. 😢,1,2024-11-18,True,2,complete waste time stopped working one week,-0.7783,0.0,0.625,0.375,Negative,Disgust
REV00783,Home & Kitchen,Non-Stick Pan Set,Works like a charm. It looks even better than the pictures online.,5,2025-05-10,True,1,work like charm look even better picture online,0.7964,0.474,0.526,0.0,Positive,None Detected
REV01557,Books & Media,Comic Collection,Couldn't be happier with this purchase. Battery life lasts way longer than advertised. 👍,5,2024-12-23,True,0,couldnt happier purchase battery life last way longer advertised,-0.4168,0.0,0.835,0.165,Negative,None Detected
REV01601,Electronics,USB-C Hub,"Five stars, no doubt. It's comfortable and fits perfectly. 👍",4,2025-08-19,True,2,five star doubt comfortable fit perfectly,0.8628,0.546,0.454,0.0,Positive,Trust
REV01184,Electronics,Bluetooth Speaker,Very frustrating experience overall. The size was completely different from what was described. 😢,2,2024-08-30,True,2,frustrating experience overall size completely different described,-0.7425,0.0,0.674,0.326,Negative,None Detected
REV01354,Fashion,Leather Wallet,Really disappointed with this purchase. The size was completely different from what was described. 😢,2,2024-05-20,False,0,really disappointed purchase size completely different described,-0.7574,0.0,0.683,0.317,Negative,Anger
REV01312,Electronics,USB-C Hub,Fantastic value for the price. Customer service was quick to respond when I had a question.,4,2025-11-09,True,7,fantastic value price customer service quick respond question,0.7184,0.3,0.7,0.0,Positive,None Detected
REV00658,Electronics,Wireless Earbuds,Exceeded my expectations. Battery life lasts way longer than advertised. 😊,4,2024-10-08,True,3,exceeded expectation battery life last way longer advertised,0.7184,0.316,0.684,0.0,Positive,Anticipation
REV00199,Sports & Outdoors,Yoga Mat,Fantastic value for the price. It looks even better than the pictures online. 🔥,5,2024-05-22,True,1,fantastic value price look even better picture online,0.7579,0.418,0.469,0.113,Positive,None Detected
REV01274,Fashion,Denim Jacket,Really disappointed with this purchase. I found scratches on it right out of the packaging.,1,2024-05-19,False,1,really disappointed purchase found scratch right packaging,-0.5256,0.0,0.805,0.195,Negative,Anger
REV01062,Sports & Outdoors,Yoga Mat,Fantastic value for the price. The color and finish look great in person. 🔥,5,2024-02-28,False,1,fantastic value price color finish look great person,0.8271,0.449,0.444,0.107,Positive,None Detected
REV00136,Sports & Outdoors,Dumbbell Set,"Couldn't be happier with this purchase. Delivery was super fast, arrived a day early. 😊",5,2024-03-16,True,4,couldnt happier purchase delivery super fast arrived day early,0.7978,0.358,0.542,0.1,Positive,None Detected
REV00198,Books & Media,Biography,Couldn't be happier with this purchase. It looks even better than the pictures online. ❤️,4,2025-07-12,True,8,couldnt happier purchase look even better picture online,0.032,0.147,0.712,0.141,Neutral,None Detected
REV00647,Fashion,Leather Wallet,Couldn't be happier with this purchase. It looks even better than the pictures online. 👍,4,2024-01-07,True,3,couldnt happier purchase look even better picture online,0.032,0.147,0.712,0.141,Neutral,None Detected
REV01744,Home & Kitchen,Air Fryer,Highly recommend this to everyone. It's comfortable and fits perfectly. ❤️,4,2025-02-07,True,0,highly recommend everyone comfortable fit perfectly,0.8832,0.534,0.466,0.0,Positive,Trust
REV00194,Home & Kitchen,Vacuum Cleaner,"It's an okay product, nothing special. Packaging was standard, nothing memorable. 🤷",3,2025-08-08,True,0,okay product nothing special packaging standard nothing memorable,-0.092,0.125,0.726,0.149,Negative,Joy
REV00417,Books & Media,Comic Collection,This was a complete waste of time. Customer support never replied to my emails. 👎,2,2024-08-24,True,0,complete waste time customer support never replied email,-0.0258,0.138,0.718,0.144,Neutral,Disgust
REV01508,Fashion,Running Shoes,"Highly recommend this to everyone. Delivery was super fast, arrived a day early. ❤️",4,2024-04-22,True,1,highly recommend everyone delivery super fast arrived day early,0.7713,0.34,0.66,0.0,Positive,Trust
REV01311,Fashion,Leather Wallet,This is exactly what I needed. The color and finish look great in person. ✨,5,2025-03-03,False,6,exactly needed color finish look great person,0.7506,0.33,0.67,0.0,Positive,None Detected
REV01550,Electronics,Bluetooth Speaker,"EXTREMELY POOR QUALITY. THE SIZE WAS COMPLETELY DIFFERENT FROM WHAT WAS DESCRIBED. ON THE PLUS SIDE, IT DID ARRIVE QUICKLY.",1,2024-03-20,True,1,extremely poor quality size completely different described plus side arrive quickly,-0.5256,0.0,0.848,0.152,Negative,None Detected
REV00542,Home & Kitchen,Bedsheet Set,This is exactly what I needed. My family loves it just as much as I do. 😊,4,2024-06-09,True,6,exactly needed family love much,0.8658,0.35,0.65,0.0,Positive,Joy
REV00288,Books & Media,Self-Help Book,I'm so impressed with the quality. It looks even better than the pictures online.,5,2024-02-16,True,8,impressed quality look even better picture online,0.7425,0.344,0.656,0.0,Positive,None Detected
REV00735,Home & Kitchen,Blender,Fantastic value for the price. The build quality feels premium and sturdy. 🔥,5,2025-06-29,True,4,fantastic value price build quality feel premium sturdy,0.5574,0.326,0.543,0.13,Positive,None Detected
REV00757,Electronics,Laptop Stand,Fantastic value for the price. It's comfortable and fits perfectly.,5,2024-08-17,True,0,fantastic value price comfortable fit perfectly,0.926,0.692,0.308,0.0,Positive,None Detected
REV01652,Beauty & Personal Care,Face Serum,Fantastic value for the price. The build quality feels premium and sturdy. ❤️,4,2024-09-29,True,1,fantastic value price build quality feel premium sturdy,0.7184,0.333,0.667,0.0,Positive,None Detected
REV01424,Beauty & Personal Care,Sunscreen Lotion,"Best purchase I've made this year. Delivery was super fast, arrived a day early. ❤️ even though customer service was slow to respond.",5,2024-07-08,False,0,best purchase ive made year delivery super fast arrived day early even though customer service slow respond,0.8442,0.269,0.731,0.0,Positive,None Detected
REV01533,Beauty & Personal Care,Face Serum,Exceeded my expectations. My family loves it just as much as I do. 👍,5,2024-12-15,False,0,exceeded expectation family love much,0.5719,0.209,0.791,0.0,Positive,Anticipation
REV01139,Home & Kitchen,Electric Kettle,Works like a charm. Battery life lasts way longer than advertised. ✨,5,2025-02-06,True,2,work like charm battery life last way longer advertised,0.7579,0.455,0.545,0.0,Positive,None Detected
REV00019,Fashion,Leather Wallet,"It's an okay product, nothing special. There are better alternatives but this works fine too. 🤷",3,2025-07-23,True,0,okay product nothing special better alternative work fine,0.4536,0.277,0.643,0.081,Positive,Joy
REV00646,Sports & Outdoors,Camping Tent,Couldn't be happier with this purchase. Setup was simple and took less than five minutes. 🔥,4,2025-10-16,True,0,couldnt happier purchase setup simple took less five minute,-0.6341,0.0,0.73,0.27,Negative,None Detected
REV00435,Beauty & Personal Care,Moisturizer Cream,Absolutely loved this product! Battery life lasts way longer than advertised. ❤️,5,2024-11-03,True,8,absolutely loved product battery life last way longer advertised,0.6689,0.272,0.728,0.0,Positive,None Detected
REV01380,Electronics,Smartwatch,This is exactly what I needed. The build quality feels premium and sturdy.,5,2025-04-16,True,0,exactly needed build quality feel premium sturdy,0.0,0.0,1.0,0.0,Neutral,None Detected
REV00962,Beauty & Personal Care,Hair Dryer,Best purchase I've made this year. The packaging was neat and nothing was damaged.,4,2025-02-18,False,1,best purchase ive made year packaging neat nothing damaged,0.8627,0.466,0.534,0.0,Positive,None Detected
REV00844,Home & Kitchen,Non-Stick Pan Set,Exceeded my expectations. It looks even better than the pictures online. 🔥,5,2025-06-23,True,2,exceeded expectation look even better picture online,0.128,0.19,0.654,0.157,Positive,Anticipation
REV01749,Home & Kitchen,Blender,Fantastic value for the price. The packaging was neat and nothing was damaged. ❤️,5,2025-04-30,True,6,fantastic value price packaging neat nothing damaged,0.8861,0.509,0.491,0.0,Positive,None Detected
REV00446,Fashion,Running Shoes,Fantastic value for the price. The build quality feels premium and sturdy. 😊,5,2025-12-07,True,5,fantastic value price build quality feel premium sturdy,0.9001,0.48,0.52,0.0,Positive,None Detected
REV01605,Fashion,Running Shoes,I'm so impressed with the quality. Customer service was quick to respond when I had a question. 😊,4,2024-10-15,True,2,impressed quality customer service quick respond question,0.8553,0.331,0.669,0.0,Positive,None Detected
REV01562,Books & Media,Kids Story Set,Extremely poor quality. Customer support never replied to my emails.,1,2024-07-02,True,1,extremely poor quality customer support never replied email,-0.1761,0.192,0.568,0.241,Negative,None Detected
REV00760,Electronics,USB-C Hub,"It's an okay product, nothing special. It's comparable to other products in this price range. 🙂",3,2025-08-20,True,7,okay product nothing special comparable product price range,0.3289,0.211,0.686,0.103,Positive,Joy
REV01114,Home & Kitchen,Non-Stick Pan Set,Average quality for the price. There are better alternatives but this works fine too.,3,2024-09-13,False,2,average quality price better alternative work fine,0.4854,0.257,0.743,0.0,Positive,None Detected
REV00725,Home & Kitchen,Blender,Works like a charm. It's comfortable and fits perfectly. 👍,5,2024-05-17,True,3,work like charm comfortable fit perfectly,0.9136,0.645,0.355,0.0,Positive,None Detected
REV01511,Fashion,Sunglasses,Does the job but nothing extraordinary. There are better alternatives but this works fine too. 🤷,3,2024-02-28,True,1,job nothing extraordinary better alternative work fine,0.7227,0.287,0.713,0.0,Positive,None Detected
REV01295,Electronics,Smartwatch,"It's fine, meets basic expectations. Some features could be improved in future versions. 🙂",3,2025-06-20,False,3,fine meet basic expectation feature could improved future version,0.7655,0.369,0.631,0.0,Positive,Anticipation
REV00793,Home & Kitchen,Vacuum Cleaner,Fantastic value for the price. It's comfortable and fits perfectly. 🔥 but the delivery experience could definitely be better.,5,2024-12-02,True,0,fantastic value price comfortable fit perfectly delivery experience could definitely better,0.9253,0.541,0.402,0.057,Positive,Anticipation
REV00787,Home & Kitchen,Vacuum Cleaner,Best purchase I've made this year. Battery life lasts way longer than advertised. ❤️,5,2024-08-01,False,5,best purchase ive made year battery life last way longer advertised,0.6369,0.231,0.769,0.0,Positive,None Detected
REV00827,Electronics,Wireless Earbuds,"It's fine, meets basic expectations. Some features could be improved in future versions. 🙂",3,2024-03-31,True,1,fine meet basic expectation feature could improved future version,0.7655,0.369,0.631,0.0,Positive,Anticipation
REV01620,Sports & Outdoors,Water Bottle,Absolutely loved this product! My family loves it just as much as I do. ❤️,4,2025-03-24,True,2,absolutely loved product family love much,0.8475,0.369,0.631,0.0,Positive,Joy
REV01432,Sports & Outdoors,Cycling Helmet,Highly recommend this to everyone. Battery life lasts way longer than advertised. 👍,5,2024-09-21,True,2,highly recommend everyone battery life last way longer advertised,0.4201,0.177,0.823,0.0,Positive,Trust
REV01148,Electronics,USB-C Hub,Not worth the money at all. The size was completely different from what was described. 😢,1,2025-12-07,True,0,not worth money size completely different described,-0.5812,0.0,0.759,0.241,Negative,Anger
REV00310,Home & Kitchen,Vacuum Cleaner,"Five stars, no doubt. Setup was simple and took less than five minutes. 🔥",5,2025-07-14,False,4,five star doubt setup simple took less five minute,-0.0747,0.128,0.727,0.145,Negative,Trust
REV00487,Beauty & Personal Care,Face Serum,Absolutely loved this product! The build quality feels premium and sturdy. 👍,5,2025-05-02,True,0,absolutely loved product build quality feel premium sturdy,0.6689,0.272,0.728,0.0,Positive,None Detected
REV01381,Books & Media,Fiction Novel,Really disappointed with this purchase. It arrived late and the box was damaged.,2,2024-02-12,True,0,really disappointed purchase arrived late box damaged,-0.7425,0.0,0.636,0.364,Negative,Sadness
REV00878,Electronics,Wireless Earbuds,Best purchase I've made this year. My family loves it just as much as I do. 👍,5,2025-02-11,True,4,best purchase ive made year family love much,0.836,0.331,0.669,0.0,Positive,Joy
REV00693,Home & Kitchen,Bedsheet Set,Absolutely loved this product! Customer service was quick to respond when I had a question. ❤️,5,2024-06-14,True,1,absolutely loved product customer service quick respond question,0.6689,0.219,0.781,0.0,Positive,None Detected
REV00491,Electronics,USB-C Hub,"Five stars, no doubt. Setup was simple and took less than five minutes. 👍",4,2025-07-04,True,4,five star doubt setup simple took less five minute,0.2755,0.131,0.869,0.0,Positive,Trust
REV00559,Electronics,USB-C Hub,Very frustrating experience overall. The material feels cheap and flimsy. 😡,2,2025-01-06,False,6,frustrating experience overall material feel cheap flimsy,-0.4927,0.0,0.775,0.225,Negative,None Detected
REV01655,Electronics,USB-C Hub,Couldn't be happier with this purchase. The color and finish look great in person.,4,2025-03-11,False,1,couldnt happier purchase color finish look great person,0.3235,0.217,0.636,0.147,Positive,None Detected
REV01558,Beauty & Personal Care,Electric Trimmer,"Not bad, but not great either. Good enough for occasional use.",3,2025-03-06,False,6,not bad not great either good enough occasional use,-0.7667,0.11,0.458,0.432,Negative,Anger
REV01794,Home & Kitchen,Blender,"five stars, no doubt. it looks even better than the pictures online. 🔥",4,2025-12-24,True,4,five star doubt look even better picture online,0.3839,0.288,0.574,0.138,Positive,Trust
REV00561,Fashion,Cotton T-Shirt,I'm so impressed with the quality. Customer service was quick to respond when I had a question. 🔥,5,2025-05-18,True,9,impressed quality customer service quick respond question,0.2484,0.156,0.734,0.11,Positive,None Detected
REV01487,Home & Kitchen,Blender,"Five stars, no doubt. The build quality feels premium and sturdy. 😊",5,2024-08-07,False,3,five star doubt build quality feel premium sturdy,0.797,0.384,0.616,0.0,Positive,Trust
REV01800,Fashion,Sunglasses,Exceeded my expectations. The build quality feels premium and sturdy. ✨,4,2024-08-29,True,3,exceeded expectation build quality feel premium sturdy,0.3182,0.187,0.813,0.0,Positive,Anticipation
REV00873,Electronics,Smartwatch,"fantastic value for the price. delivery was super fast, arrived a day early. ✨",4,2025-09-19,False,1,fantastic value price delivery super fast arrived day early,0.9042,0.55,0.45,0.0,Positive,Anticipation
REV00031,Home & Kitchen,Electric Kettle,Works like a charm. The packaging was neat and nothing was damaged.,4,2024-09-28,True,0,work like charm packaging neat nothing damaged,0.8627,0.57,0.43,0.0,Positive,None Detected
REV01711,Electronics,Bluetooth Speaker,I'm so impressed with the quality. The build quality feels premium and sturdy. ❤️,5,2024-06-01,True,2,impressed quality build quality feel premium sturdy,0.5256,0.195,0.805,0.0,Positive,None Detected
REV01128,Electronics,Bluetooth Speaker,"Five stars, no doubt. The color and finish look great in person. 🔥",5,2024-07-23,False,2,five star doubt color finish look great person,0.5873,0.334,0.537,0.129,Positive,Trust
REV00554,Home & Kitchen,Non-Stick Pan Set,Absolutely loved this product! Setup was simple and took less than five minutes. ❤️,4,2024-03-26,True,4,absolutely loved product setup simple took less five minute,0.6689,0.243,0.757,0.0,Positive,None Detected
REV00764,Books & Media,Biography,"Does the job but nothing extraordinary. It does what it says, just don't expect much extra. 🙂",3,2024-01-14,True,1,job nothing extraordinary say dont expect much extra,0.5515,0.165,0.835,0.0,Positive,Anticipation
REV01421,Home & Kitchen,Electric Kettle,Works like a charm. It's comfortable and fits perfectly. 😊,4,2024-11-05,True,4,work like charm comfortable fit perfectly,0.9565,0.7,0.3,0.0,Positive,None Detected
REV01392,Fashion,Denim Jacket,Highly recommend this to everyone. My family loves it just as much as I do. 😊 even though customer service was slow to respond.,5,2025-06-10,True,4,highly recommend everyone family love much even though customer service slow respond,0.9099,0.342,0.658,0.0,Positive,Trust
REV00775,Electronics,Bluetooth Speaker,This broke within a few days of use. It doesn't match the pictures shown online at all. 👎,1,2025-04-16,True,3,broke within day use doesnt match picture shown online,-0.4215,0.0,0.865,0.135,Negative,Fear
REV00130,Home & Kitchen,Blender,This is exactly what I needed. Setup was simple and took less than five minutes.,4,2025-11-26,True,0,exactly needed setup simple took less five minute,0.0,0.0,1.0,0.0,Neutral,None Detected
REV00636,Fashion,Running Shoes,Highly recommend this to everyone. The packaging was neat and nothing was damaged. ✨,5,2024-08-19,False,5,highly recommend everyone packaging neat nothing damaged,0.7381,0.407,0.496,0.097,Positive,Trust
REV00556,Sports & Outdoors,Resistance Bands,Couldn't be happier with this purchase. It's comfortable and fits perfectly. ❤️,5,2025-02-03,False,0,couldnt happier purchase comfortable fit perfectly,0.6931,0.37,0.493,0.137,Positive,None Detected
REV00849,Fashion,Backpack,Would not recommend this to anyone. The instructions were confusing and unclear.,1,2025-02-12,False,0,would not recommend anyone instruction confusing unclear,-0.6136,0.0,0.6,0.4,Negative,Trust
REV01125,Sports & Outdoors,Camping Tent,Couldn't be happier with this purchase. Battery life lasts way longer than advertised.,4,2025-08-30,True,0,couldnt happier purchase battery life last way longer advertised,-0.4168,0.0,0.812,0.188,Negative,None Detected
REV00456,Sports & Outdoors,Water Bottle,This is exactly what I needed. Customer service was quick to respond when I had a question. ❤️ although it took longer to arrive than promised.,4,2024-02-01,True,0,exactly needed customer service quick respond question although took longer arrive promised,0.3612,0.088,0.912,0.0,Positive,Anticipation
REV00164,Books & Media,Self-Help Book,Highly recommend this to everyone. Battery life lasts way longer than advertised. ✨,4,2025-12-19,True,2,highly recommend everyone battery life last way longer advertised,0.624,0.316,0.684,0.0,Positive,Trust
REV01765,Electronics,Smartwatch,"Five stars, no doubt. Battery life lasts way longer than advertised. ❤️",5,2024-02-04,True,1,five star doubt battery life last way longer advertised,0.2755,0.15,0.85,0.0,Positive,Trust
REV01790,Beauty & Personal Care,Sunscreen Lotion,"Five stars, no doubt. My family loves it just as much as I do. 🔥",5,2024-07-03,True,2,five star doubt family love much,0.5283,0.287,0.594,0.119,Positive,Joy
REV01335,Fashion,Running Shoes,Couldn't be happier with this purchase. Customer service was quick to respond when I had a question. ❤️,5,2025-11-29,True,1,couldnt happier purchase customer service quick respond question,-0.4168,0.0,0.866,0.134,Negative,None Detected
REV00043,Beauty & Personal Care,Hair Dryer,Highly recommend this to everyone. The packaging was neat and nothing was damaged. 🔥 even though customer service was slow to respond.,4,2025-09-29,True,1,highly recommend everyone packaging neat nothing damaged even though customer service slow respond,0.8495,0.362,0.638,0.0,Positive,Trust
REV01696,Beauty & Personal Care,Moisturizer Cream,I'm so impressed with the quality. The color and finish look great in person. 😊,4,2024-04-04,True,6,impressed quality color finish look great person,0.9259,0.474,0.526,0.0,Positive,None Detected
REV00886,Electronics,Bluetooth Speaker,"HIGHLY RECOMMEND THIS TO EVERYONE. DELIVERY WAS SUPER FAST, ARRIVED A DAY EARLY. 👍",4,2025-10-30,False,4,highly recommend everyone delivery super fast arrived day early,0.8718,0.406,0.594,0.0,Positive,None Detected
REV01737,Books & Media,Cookbook,This is exactly what I needed. It looks even better than the pictures online. 👍,4,2024-11-29,True,3,exactly needed look even better picture online,0.4404,0.162,0.838,0.0,Positive,None Detected
REV01510,Books & Media,Fiction Novel,Would not recommend this to anyone. Customer support never replied to my emails. 👎,1,2024-07-17,True,4,would not recommend anyone customer support never replied email,0.1506,0.152,0.73,0.118,Positive,Trust
REV00282,Fashion,Backpack,This broke within a few days of use. It doesn't match the pictures shown online at all. 😢,2,2024-05-11,True,0,broke within day use doesnt match picture shown online,-0.7096,0.0,0.742,0.258,Negative,Fear
REV00934,Books & Media,Comic Collection,Would not recommend this to anyone. It arrived late and the box was damaged.,1,2025-08-24,True,0,would not recommend anyone arrived late box damaged,-0.6136,0.0,0.705,0.295,Negative,Trust
REV01629,Electronics,Laptop Stand,Highly recommend this to everyone. The color and finish look great in person. 👍,5,2024-02-23,True,0,highly recommend everyone color finish look great person,0.7841,0.347,0.653,0.0,Positive,Trust
REV00960,Sports & Outdoors,Dumbbell Set,I'm so impressed with the quality. Battery life lasts way longer than advertised. ❤️,4,2024-05-21,True,1,impressed quality battery life last way longer advertised,0.5256,0.195,0.805,0.0,Positive,None Detected
REV01365,Home & Kitchen,Blender,"Not bad, but not great either. I might consider other brands next time. 🙂",3,2025-06-07,False,1,not bad not great either might consider brand next time,0.0115,0.239,0.567,0.194,Neutral,Anger
REV01029,Books & Media,Self-Help Book,Highly recommend this to everyone. My family loves it just as much as I do. 🔥,4,2024-04-08,True,1,highly recommend everyone family love much,0.624,0.297,0.594,0.11,Positive,Trust
REV01124,Electronics,Wireless Earbuds,I want a refund immediately. There was a strange smell straight out of the box. 💔,1,2025-05-02,True,5,want refund immediately strange smell straight box,0.3612,0.305,0.494,0.202,Positive,Anticipation
REV00171,Fashion,Denim Jacket,Fantastic value for the price. Battery life lasts way longer than advertised. 👍,4,2024-01-17,True,1,fantastic value price battery life last way longer advertised,0.7184,0.333,0.667,0.0,Positive,None Detected
REV01773,Fashion,Cotton T-Shirt,Absolutely loved this product! It looks even better than the pictures online. 👍,5,2024-05-22,True,0,absolutely loved product look even better picture online,0.8118,0.381,0.619,0.0,Positive,None Detected
REV01310,Home & Kitchen,Air Fryer,Works like a charm. Setup was simple and took less than five minutes. ✨,5,2024-08-16,True,1,work like charm setup simple took less five minute,0.7579,0.405,0.595,0.0,Positive,None Detected
REV01068,Beauty & Personal Care,Hair Dryer,I'm so impressed with the quality. Battery life lasts way longer than advertised.,5,2025-07-24,True,6,impressed quality battery life last way longer advertised,0.5256,0.22,0.78,0.0,Positive,None Detected
REV00997,Beauty & Personal Care,Hair Dryer,Absolutely loved this product! The color and finish look great in person. ❤️,4,2025-06-19,True,0,absolutely loved product color finish look great person,0.862,0.417,0.583,0.0,Positive,None Detected
REV00239,Books & Media,Biography,this was a complete waste of time. it arrived late and the box was damaged. 👎,1,2024-08-25,False,2,complete waste time arrived late box damaged,-0.6908,0.0,0.725,0.275,Negative,Disgust
REV00402,Electronics,Smartwatch,couldn't be happier with this purchase. the build quality feels premium and sturdy.,4,2024-08-14,True,2,couldnt happier purchase build quality feel premium sturdy,-0.4168,0.0,0.812,0.188,Negative,None Detected
REV00597,Electronics,Laptop Stand,I'm so impressed with the quality. My family loves it just as much as I do. ❤️,4,2025-12-07,False,2,impressed quality family love much,0.796,0.307,0.693,0.0,Positive,Joy
REV00513,Home & Kitchen,Bedsheet Set,Highly recommend this to everyone. My family loves it just as much as I do. ❤️,5,2025-03-28,True,1,highly recommend everyone family love much,0.7574,0.302,0.698,0.0,Positive,Trust
REV01373,Books & Media,Self-Help Book,I'm so impressed with the quality. My family loves it just as much as I do.,4,2024-06-01,True,4,impressed quality family love much,0.796,0.336,0.664,0.0,Positive,Joy
REV00380,Beauty & Personal Care,Electric Trimmer,couldn't be happier with this purchase. my family loves it just as much as i do. 👍,5,2025-03-24,True,4,couldnt happier purchase family love much,0.2321,0.165,0.712,0.124,Positive,Joy
REV00924,Beauty & Personal Care,Hair Dryer,Very frustrating experience overall. The material feels cheap and flimsy. 💔,2,2025-10-07,False,0,frustrating experience overall material feel cheap flimsy,-0.2716,0.215,0.462,0.323,Negative,None Detected
REV01342,Sports & Outdoors,Camping Tent,This broke within a few days of use. The material feels cheap and flimsy. 💔,1,2025-11-10,False,1,broke within day use material feel cheap flimsy,-0.1779,0.182,0.563,0.255,Negative,Fear
REV00156,Home & Kitchen,Blender,Highly recommend this to everyone. Customer service was quick to respond when I had a question. 😊,4,2024-02-23,True,0,highly recommend everyone customer service quick respond question,0.8313,0.328,0.672,0.0,Positive,Trust
REV01393,Fashion,Running Shoes,This is exactly what I needed. It's comfortable and fits perfectly. 👍 but I wish it came in more color options.,5,2024-01-14,True,0,exactly needed comfortable fit perfectly wish came color option,0.8074,0.304,0.696,0.0,Positive,None Detected
REV00891,Home & Kitchen,Air Fryer,Not worth the money at all. I found scratches on it right out of the packaging. 💔,1,2025-10-19,True,6,not worth money found scratch right packaging,0.1114,0.175,0.626,0.199,Positive,Joy
REV01039,Books & Media,Fiction Novel,"It's exactly what was advertised, nothing more. Good enough for occasional use. 🤷",3,2025-06-18,False,1,exactly advertised nothing good enough occasional use,-0.3865,0.0,0.832,0.168,Negative,Surprise
REV00926,Beauty & Personal Care,Electric Trimmer,"It works as described, no complaints, no excitement. Packaging was standard, nothing memorable.",3,2024-01-06,True,5,work described complaint excitement packaging standard nothing memorable,0.1326,0.247,0.596,0.157,Positive,Joy
REV01233,Books & Media,Biography,Exceeded my expectations. Battery life lasts way longer than advertised.,4,2024-10-26,True,0,exceeded expectation battery life last way longer advertised,0.0,0.0,1.0,0.0,Neutral,Anticipation
REV00531,Sports & Outdoors,Resistance Bands,COULDN'T BE HAPPIER WITH THIS PURCHASE. IT LOOKS EVEN BETTER THAN THE PICTURES ONLINE. ✨,5,2025-07-04,True,12,couldnt happier purchase look even better picture online,0.3848,0.279,0.565,0.156,Positive,None Detected
REV01481,Books & Media,Cookbook,"Not bad, but not great either. It does what it says, just don't expect much extra.",3,2025-10-07,False,1,not bad not great either say dont expect much extra,-0.5448,0.095,0.687,0.218,Negative,Anger
REV00766,Home & Kitchen,Bedsheet Set,Exceeded my expectations. It looks even better than the pictures online. 👍,4,2024-02-27,True,2,exceeded expectation look even better picture online,0.4404,0.195,0.805,0.0,Positive,Anticipation
REV01287,Electronics,Bluetooth Speaker,"Highly recommend this to everyone. Delivery was super fast, arrived a day early. 🔥",4,2025-01-17,True,1,highly recommend everyone delivery super fast arrived day early,0.6478,0.333,0.547,0.119,Positive,Trust
REV01004,Fashion,Cotton T-Shirt,Best purchase I've made this year. It looks even better than the pictures online. 🔥,4,2025-10-31,True,4,best purchase ive made year look even better picture online,0.6908,0.33,0.558,0.112,Positive,None Detected
REV00951,Sports & Outdoors,Resistance Bands,"HIGHLY RECOMMEND THIS TO EVERYONE. DELIVERY WAS SUPER FAST, ARRIVED A DAY EARLY. ✨",4,2024-05-23,True,0,highly recommend everyone delivery super fast arrived day early,0.9041,0.504,0.496,0.0,Positive,None Detected
REV01276,Books & Media,Cookbook,Fantastic value for the price. Customer service was quick to respond when I had a question.,4,2024-02-01,True,0,fantastic value price customer service quick respond question,0.7184,0.3,0.7,0.0,Positive,None Detected
REV01412,Fashion,Sunglasses,This is exactly what I needed. It's comfortable and fits perfectly. ✨,5,2025-11-11,True,0,exactly needed comfortable fit perfectly,0.8689,0.521,0.479,0.0,Positive,None Detected
REV01224,Beauty & Personal Care,Lip Balm Set,A decent option if you're on a budget. I might consider other brands next time. 🙂,3,2025-08-03,False,0,decent option youre budget might consider brand next time,0.4033,0.137,0.863,0.0,Positive,Trust
REV01402,Sports & Outdoors,Camping Tent,Couldn't be happier with this purchase. My family loves it just as much as I do. 🔥,5,2025-03-25,True,9,couldnt happier purchase family love much,-0.122,0.162,0.612,0.226,Negative,Joy
REV00983,Books & Media,Fiction Novel,Best purchase I've made this year. My family loves it just as much as I do.,4,2024-09-07,True,2,best purchase ive made year family love much,0.836,0.361,0.639,0.0,Positive,Joy
REV00814,Books & Media,Self-Help Book,"It's fine, meets basic expectations. There are better alternatives but this works fine too. 🤷",3,2024-07-01,True,2,fine meet basic expectation better alternative work fine,0.5499,0.299,0.701,0.0,Positive,Anticipation
REV01061,Sports & Outdoors,Resistance Bands,Fantastic value for the price. It's comfortable and fits perfectly. ❤️ although it took longer to arrive than promised.,5,2024-08-17,True,2,fantastic value price comfortable fit perfectly although took longer arrive promised,0.9432,0.516,0.484,0.0,Positive,Anticipation
REV00685,Beauty & Personal Care,Sunscreen Lotion,A decent option if you're on a budget. The design is simple but functional. 🤷,3,2024-05-24,False,0,decent option youre budget design simple functional,0.0,0.0,1.0,0.0,Neutral,Trust
REV00801,Books & Media,Kids Story Set,"It's an okay product, nothing special. It's comparable to other products in this price range. 🤷",3,2025-04-11,True,1,okay product nothing special comparable product price range,-0.092,0.099,0.783,0.118,Negative,Joy
REV01182,Beauty & Personal Care,Lip Balm Set,Reasonable purchase overall. Good enough for occasional use. 🙂,3,2024-02-25,True,1,reasonable purchase overall good enough occasional use,0.6534,0.373,0.627,0.0,Positive,Surprise
REV00410,Electronics,Wireless Earbuds,One of the worst products I've bought online. The size was completely different from what was described. 😢,1,2024-11-19,True,1,one worst product ive bought online size completely different described,-0.802,0.0,0.702,0.298,Negative,None Detected
REV00238,Sports & Outdoors,Cycling Helmet,I'm so impressed with the quality. It's comfortable and fits perfectly. 👍,4,2024-12-09,True,14,impressed quality comfortable fit perfectly,0.8977,0.521,0.479,0.0,Positive,None Detected
REV00297,Electronics,Bluetooth Speaker,A decent option if you're on a budget. The design is simple but functional. 🙂,3,2025-03-07,True,1,decent option youre budget design simple functional,0.5515,0.182,0.818,0.0,Positive,Trust
REV00201,Home & Kitchen,Bedsheet Set,This broke within a few days of use. The stitching came apart almost immediately. 😡,2,2025-10-22,True,6,broke within day use stitching came apart almost immediately,-0.4215,0.0,0.843,0.157,Negative,Fear
REV00376,Beauty & Personal Care,Sunscreen Lotion,This broke within a few days of use. The size was completely different from what was described. 😢,2,2024-01-11,True,8,broke within day use size completely different described,-0.7096,0.0,0.742,0.258,Negative,Fear
REV01617,Sports & Outdoors,Resistance Bands,"It's fine, meets basic expectations. It does what it says, just don't expect much extra.",3,2024-06-03,True,0,fine meet basic expectation say dont expect much extra,0.2023,0.114,0.886,0.0,Positive,Anticipation
REV00100,Books & Media,Cookbook,COULDN'T BE HAPPIER WITH THIS PURCHASE. THE COLOR AND FINISH LOOK GREAT IN PERSON. 😊,5,2025-09-13,True,4,couldnt happier purchase color finish look great person,0.8183,0.372,0.515,0.114,Positive,None Detected
REV00687,Sports & Outdoors,Dumbbell Set,Highly recommend this to everyone. Setup was simple and took less than five minutes. ✨,5,2025-02-11,True,2,highly recommend everyone setup simple took less five minute,0.624,0.281,0.719,0.0,Positive,Trust
REV00648,Electronics,Bluetooth Speaker,Absolutely loved this product! It's comfortable and fits perfectly. 😊 but I wish it came in more color options.,5,2024-07-21,True,0,absolutely loved product comfortable fit perfectly wish came color option,0.9215,0.472,0.528,0.0,Positive,None Detected
REV00110,Sports & Outdoors,Resistance Bands,I'm so impressed with the quality. Battery life lasts way longer than advertised. ✨,5,2024-03-27,True,5,impressed quality battery life last way longer advertised,0.6901,0.322,0.678,0.0,Positive,None Detected
REV00180,Books & Media,Biography,"five stars, no doubt. it looks even better than the pictures online. ❤️",5,2024-10-29,True,2,five star doubt look even better picture online,0.6136,0.295,0.705,0.0,Positive,Trust
REV00623,Beauty & Personal Care,Sunscreen Lotion,"This is exactly what I needed. Delivery was super fast, arrived a day early. 🔥 but the delivery experience could definitely be better.",5,2025-07-22,True,2,exactly needed delivery super fast arrived day early delivery experience could definitely better,0.8462,0.322,0.622,0.056,Positive,Anticipation
REV00421,Beauty & Personal Care,Sunscreen Lotion,Very frustrating experience overall. The stitching came apart almost immediately.,1,2024-02-13,False,3,frustrating experience overall stitching came apart almost immediately,-0.4927,0.0,0.738,0.262,Negative,Anticipation
REV00631,Fashion,Leather Wallet,"It's an okay product, nothing special. It's a bit bulkier than I expected.",3,2025-10-02,True,4,okay product nothing special bit bulkier expected,-0.092,0.125,0.726,0.149,Negative,Joy
REV01351,Electronics,Bluetooth Speaker,Highly recommend this to everyone. My family loves it just as much as I do. 😊,4,2025-03-05,True,11,highly recommend everyone family love much,0.9099,0.438,0.562,0.0,Positive,Trust
REV01778,Sports & Outdoors,Camping Tent,This broke within a few days of use. There was a strange smell straight out of the box.,2,2025-05-04,True,2,broke within day use strange smell straight box,-0.4019,0.088,0.698,0.214,Negative,Fear
REV01739,Fashion,Sunglasses,"Five stars, no doubt. Battery life lasts way longer than advertised.",5,2024-12-03,False,2,five star doubt battery life last way longer advertised,0.2755,0.174,0.826,0.0,Positive,Trust
REV00135,Books & Media,Comic Collection,Best purchase I've made this year. Battery life lasts way longer than advertised. ✨,4,2025-08-09,True,1,best purchase ive made year battery life last way longer advertised,0.7579,0.351,0.649,0.0,Positive,None Detected
REV00486,Fashion,Backpack,"Five stars, no doubt. It's comfortable and fits perfectly. 👍",5,2024-06-10,True,8,five star doubt comfortable fit perfectly,0.8628,0.546,0.454,0.0,Positive,Trust
REV00888,Beauty & Personal Care,Lip Balm Set,Works like a charm. It looks even better than the pictures online. 🔥 although the price is a bit high for what you get.,5,2024-10-09,True,1,work like charm look even better picture online although price bit high get,0.6908,0.266,0.656,0.079,Positive,None Detected
REV00053,Beauty & Personal Care,Face Serum,Exceeded my expectations. Setup was simple and took less than five minutes. 👍,5,2025-07-17,True,0,exceeded expectation setup simple took less five minute,0.0,0.0,1.0,0.0,Neutral,Anticipation
REV01258,Books & Media,Cookbook,works like a charm. setup was simple and took less than five minutes. although it took longer to arrive than promised.,4,2024-10-16,True,7,work like charm setup simple took less five minute although took longer arrive promised,0.7717,0.3,0.7,0.0,Positive,Anticipation
REV00330,Sports & Outdoors,Cycling Helmet,"Works like a charm. Delivery was super fast, arrived a day early. ❤️",5,2025-11-18,True,2,work like charm delivery super fast arrived day early,0.8442,0.453,0.547,0.0,Positive,None Detected
REV00969,Electronics,Wireless Earbuds,A decent option if you're on a budget. It's comparable to other products in this price range. 🙂,3,2024-03-21,True,5,decent option youre budget comparable product price range,0.4033,0.125,0.875,0.0,Positive,Trust
REV00737,Electronics,Laptop Stand,Fantastic value for the price. Customer service was quick to respond when I had a question.,5,2024-12-27,False,1,fantastic value price customer service quick respond question,0.7184,0.3,0.7,0.0,Positive,None Detected
REV00755,Sports & Outdoors,Yoga Mat,best purchase i've made this year. the color and finish look great in person. ❤️,4,2025-05-21,True,4,best purchase ive made year color finish look great person,0.8519,0.372,0.628,0.0,Positive,None Detected
REV01024,Books & Media,Self-Help Book,One of the worst products I've bought online. It doesn't match the pictures shown online at all. 😡,1,2025-08-01,True,3,one worst product ive bought online doesnt match picture shown online,-0.6249,0.0,0.814,0.186,Negative,None Detected
REV01349,Home & Kitchen,Vacuum Cleaner,Highly recommend this to everyone. Setup was simple and took less than five minutes. 👍 even though customer service was slow to respond.,5,2024-04-25,False,1,highly recommend everyone setup simple took less five minute even though customer service slow respond,0.4201,0.108,0.892,0.0,Positive,Trust
REV00023,Home & Kitchen,Vacuum Cleaner,A decent option if you're on a budget. Shipping took the standard amount of time. 🙂,3,2024-09-28,True,3,decent option youre budget shipping took standard amount time,0.4033,0.137,0.863,0.0,Positive,Trust
REV00785,Electronics,Bluetooth Speaker,This is exactly what I needed. It's comfortable and fits perfectly. 😊,4,2024-06-14,True,1,exactly needed comfortable fit perfectly,0.926,0.529,0.471,0.0,Positive,None Detected
REV00474,Books & Media,Comic Collection,Extremely poor quality. The size was completely different from what was described. 👎,2,2024-09-28,True,6,extremely poor quality size completely different described,-0.5256,0.0,0.793,0.207,Negative,None Detected
REV00609,Fashion,Cotton T-Shirt,This was a complete waste of time. The size was completely different from what was described.,1,2025-01-04,True,3,complete waste time size completely different described,-0.4215,0.0,0.843,0.157,Negative,Disgust
REV01203,Fashion,Backpack,Exceeded my expectations. Setup was simple and took less than five minutes. ❤️ but I wish it came in more color options.,5,2025-06-08,True,2,exceeded expectation setup simple took less five minute wish came color option,0.5499,0.139,0.861,0.0,Positive,Anticipation
REV01797,Books & Media,Comic Collection,"This is exactly what I needed. Delivery was super fast, arrived a day early. ❤️",4,2025-01-19,True,2,exactly needed delivery super fast arrived day early,0.5994,0.206,0.794,0.0,Positive,None Detected
REV00290,Beauty & Personal Care,Face Serum,I'm so impressed with the quality. It looks even better than the pictures online.,4,2024-02-08,True,0,impressed quality look even better picture online,0.7425,0.344,0.656,0.0,Positive,None Detected
REV00468,Sports & Outdoors,Dumbbell Set,"It works as described, no complaints, no excitement. There are better alternatives but this works fine too. 🤷",3,2025-01-26,True,0,work described complaint excitement better alternative work fine,0.5282,0.314,0.608,0.079,Positive,Anger
REV00605,Sports & Outdoors,Resistance Bands,Reasonable purchase overall. It's comparable to other products in this price range.,3,2024-05-09,True,17,reasonable purchase overall comparable product price range,0.0,0.0,1.0,0.0,Neutral,None Detected
REV00067,Electronics,Smartwatch,This was a complete waste of time. I found scratches on it right out of the packaging. 👎,2,2024-09-02,True,1,complete waste time found scratch right packaging,-0.4215,0.0,0.865,0.135,Negative,Disgust
REV00452,Home & Kitchen,Blender,"It's fine, meets basic expectations. The design is simple but functional.",3,2025-09-02,True,2,fine meet basic expectation design simple functional,0.1027,0.123,0.877,0.0,Positive,Anticipation
REV01788,Fashion,Backpack,Exceeded my expectations. It looks even better than the pictures online. 👍,5,2025-03-21,True,1,exceeded expectation look even better picture online,0.4404,0.195,0.805,0.0,Positive,Anticipation
REV01041,Electronics,Power Bank,I regret buying this. Customer support never replied to my emails. 💔,1,2025-10-23,True,0,regret buying customer support never replied email,0.25,0.317,0.413,0.271,Positive,Sadness
REV01337,Books & Media,Comic Collection,I'm so impressed with the quality. It's comfortable and fits perfectly. 🔥,5,2025-09-12,True,0,impressed quality comfortable fit perfectly,0.8588,0.512,0.376,0.113,Positive,None Detected
REV00144,Sports & Outdoors,Cycling Helmet,Fantastic value for the price. Setup was simple and took less than five minutes. 🔥 but I wish it came in more color options.,4,2025-05-21,True,2,fantastic value price setup simple took less five minute wish came color option,0.705,0.258,0.684,0.058,Positive,None Detected
REV01429,Sports & Outdoors,Camping Tent,A decent option if you're on a budget. It's comparable to other products in this price range.,3,2024-05-19,True,0,decent option youre budget comparable product price range,0.0,0.0,1.0,0.0,Neutral,Trust
REV00717,Sports & Outdoors,Yoga Mat,Best purchase I've made this year. The packaging was neat and nothing was damaged. 🔥,4,2024-04-30,False,3,best purchase ive made year packaging neat nothing damaged,0.892,0.514,0.486,0.0,Positive,None Detected
REV01192,Home & Kitchen,Electric Kettle,Highly recommend this to everyone. My family loves it just as much as I do. 👍,5,2025-01-25,True,1,highly recommend everyone family love much,0.7574,0.302,0.698,0.0,Positive,Trust
REV01368,Fashion,Denim Jacket,Couldn't be happier with this purchase. The color and finish look great in person. ✨,5,2025-08-22,True,4,couldnt happier purchase color finish look great person,0.5609,0.302,0.567,0.131,Positive,None Detected
REV01440,Electronics,USB-C Hub,Works like a charm. It looks even better than the pictures online. ✨,4,2025-03-15,True,0,work like charm look even better picture online,0.8555,0.536,0.464,0.0,Positive,None Detected
REV00533,Sports & Outdoors,Dumbbell Set,"This is exactly what I needed. Delivery was super fast, arrived a day early. ❤️ although the price is a bit high for what you get.",4,2024-03-25,True,4,exactly needed delivery super fast arrived day early although price bit high get,0.5994,0.13,0.87,0.0,Positive,None Detected
REV01145,Beauty & Personal Care,Lip Balm Set,Absolutely loved this product! Setup was simple and took less than five minutes. 😊,4,2024-07-28,True,0,absolutely loved product setup simple took less five minute,0.8881,0.411,0.589,0.0,Positive,None Detected
REV00683,Electronics,Smartwatch,Couldn't be happier with this purchase. My family loves it just as much as I do.,5,2025-02-28,True,0,couldnt happier purchase family love much,0.2321,0.181,0.684,0.136,Positive,Joy
REV00090,Electronics,USB-C Hub,ABSOLUTELY LOVED THIS PRODUCT! CUSTOMER SERVICE WAS QUICK TO RESPOND WHEN I HAD A QUESTION. 😊,5,2024-04-26,True,0,absolutely loved product customer service quick respond question,0.9178,0.413,0.587,0.0,Positive,None Detected
REV01602,Home & Kitchen,Electric Kettle,"It's exactly what was advertised, nothing more. It does what it says, just don't expect much extra. 🙂",3,2024-02-13,True,5,exactly advertised nothing say dont expect much extra,0.4033,0.125,0.875,0.0,Positive,Anticipation
REV01132,Electronics,Wireless Earbuds,"Five stars, no doubt. It's comfortable and fits perfectly. 🔥",5,2025-02-09,True,1,five star doubt comfortable fit perfectly,0.8025,0.534,0.333,0.133,Positive,Trust
REV00624,Fashion,Cotton T-Shirt,"Very frustrating experience overall. The instructions were confusing and unclear. 💔 On the plus side, it did arrive quickly.",2,2024-09-08,True,0,frustrating experience overall instruction confusing unclear plus side arrive quickly,-0.6115,0.143,0.51,0.347,Negative,Trust
REV01577,Books & Media,Self-Help Book,Fantastic value for the price. My family loves it just as much as I do. ❤️ even though customer service was slow to respond.,5,2025-01-10,False,1,fantastic value price family love much even though customer service slow respond,0.8658,0.306,0.694,0.0,Positive,Joy
REV01518,Fashion,Leather Wallet,"It's fine, meets basic expectations. The design is simple but functional. 🙂",3,2024-09-18,True,0,fine meet basic expectation design simple functional,0.6073,0.292,0.708,0.0,Positive,Anticipation
REV01495,Beauty & Personal Care,Moisturizer Cream,BEST PURCHASE I'VE MADE THIS YEAR. BATTERY LIFE LASTS WAY LONGER THAN ADVERTISED. ❤️ BUT THE DELIVERY EXPERIENCE COULD DEFINITELY BE BETTER.,5,2025-02-04,True,5,best purchase ive made year battery life last way longer advertised delivery experience could definitely better,0.9269,0.386,0.614,0.0,Positive,None Detected
REV01584,Books & Media,Biography,Highly recommend this to everyone. It's comfortable and fits perfectly. 🔥,5,2024-09-23,True,0,highly recommend everyone comfortable fit perfectly,0.8357,0.523,0.355,0.122,Positive,Trust
REV00831,Sports & Outdoors,Dumbbell Set,"I'm so impressed with the quality. Delivery was super fast, arrived a day early. 😊",4,2024-12-14,True,2,impressed quality delivery super fast arrived day early,0.923,0.47,0.53,0.0,Positive,None Detected
REV00141,Books & Media,Cookbook,Fantastic value for the price. It looks even better than the pictures online.,5,2024-12-14,True,1,fantastic value price look even better picture online,0.836,0.471,0.529,0.0,Positive,None Detected
REV00463,Home & Kitchen,Electric Kettle,Best purchase I've made this year. The build quality feels premium and sturdy.,4,2024-06-22,True,0,best purchase ive made year build quality feel premium sturdy,0.6369,0.259,0.741,0.0,Positive,None Detected
REV00912,Books & Media,Comic Collection,i'm so impressed with the quality. the build quality feels premium and sturdy. 🔥 although it took longer to arrive than promised.,4,2024-08-28,True,4,impressed quality build quality feel premium sturdy although took longer arrive promised,0.5413,0.216,0.696,0.088,Positive,Anticipation
REV01444,Electronics,USB-C Hub,WORKS LIKE A CHARM. THE BUILD QUALITY FEELS PREMIUM AND STURDY. 😊,4,2025-09-15,False,1,work like charm build quality feel premium sturdy,0.913,0.514,0.486,0.0,Positive,None Detected
REV01653,Fashion,Leather Wallet,Reasonable purchase overall. The design is simple but functional.,3,2024-01-31,True,1,reasonable purchase overall design simple functional,0.0,0.0,1.0,0.0,Neutral,None Detected
REV00943,Books & Media,Fiction Novel,I regret buying this. It arrived late and the box was damaged. 💔,2,2024-10-11,False,1,regret buying arrived late box damaged,-0.5574,0.183,0.435,0.383,Negative,Sadness
REV01175,Sports & Outdoors,Water Bottle,"Five stars, no doubt. Setup was simple and took less than five minutes. 🔥",4,2025-09-11,True,0,five star doubt setup simple took less five minute,-0.0747,0.128,0.727,0.145,Negative,Trust
REV01443,Books & Media,Comic Collection,"I regret buying this. It doesn't match the pictures shown online at all. 👎 On the plus side, it did arrive quickly.",1,2025-05-01,True,8,regret buying doesnt match picture shown online plus side arrive quickly,-0.4215,0.0,0.887,0.113,Negative,Sadness
REV00614,Fashion,Denim Jacket,Couldn't be happier with this purchase. The packaging was neat and nothing was damaged. 😊,4,2025-07-14,True,0,couldnt happier purchase packaging neat nothing damaged,0.4854,0.304,0.506,0.19,Positive,None Detected
REV01149,Electronics,USB-C Hub,"It's an okay product, nothing special. Good enough for occasional use. 🤷",3,2024-10-20,True,0,okay product nothing special good enough occasional use,-0.4145,0.115,0.604,0.282,Negative,Joy
REV01445,Fashion,Cotton T-Shirt,Works like a charm. It's comfortable and fits perfectly. 👍,5,2025-12-17,True,5,work like charm comfortable fit perfectly,0.9136,0.645,0.355,0.0,Positive,None Detected
REV01166,Home & Kitchen,Bedsheet Set,"It's exactly what was advertised, nothing more. Shipping took the standard amount of time. 🤷",3,2024-09-26,False,0,exactly advertised nothing shipping took standard amount time,0.0,0.0,1.0,0.0,Neutral,Anticipation
REV01419,Electronics,Power Bank,Absolutely loved this product! The color and finish look great in person. 😊 although the price is a bit high for what you get.,5,2025-01-01,True,0,absolutely loved product color finish look great person although price bit high get,0.9391,0.378,0.622,0.0,Positive,None Detected
REV01046,Sports & Outdoors,Water Bottle,"FIVE STARS, NO DOUBT. IT LOOKS EVEN BETTER THAN THE PICTURES ONLINE.",5,2024-10-09,False,10,five star doubt look even better picture online,0.6136,0.334,0.666,0.0,Positive,None Detected
REV00519,Electronics,Wireless Earbuds,This is exactly what I needed. Setup was simple and took less than five minutes. 🔥,4,2024-10-23,True,3,exactly needed setup simple took less five minute,-0.34,0.0,0.862,0.138,Negative,None Detected
REV01767,Fashion,Leather Wallet,Best purchase I've made this year. The color and finish look great in person. 🔥 although it took longer to arrive than promised.,4,2024-04-02,True,1,best purchase ive made year color finish look great person although took longer arrive promised,0.8555,0.335,0.59,0.075,Positive,Anticipation
REV01215,Beauty & Personal Care,Sunscreen Lotion,I'm so impressed with the quality. The packaging was neat and nothing was damaged. 🔥,4,2025-01-20,False,6,impressed quality packaging neat nothing damaged,0.87,0.496,0.504,0.0,Positive,None Detected
REV01554,Sports & Outdoors,Water Bottle,Fantastic value for the price. The packaging was neat and nothing was damaged. 😊,5,2024-03-22,True,0,fantastic value price packaging neat nothing damaged,0.8985,0.499,0.415,0.086,Positive,None Detected
REV00054,Books & Media,Biography,Highly recommend this to everyone. Setup was simple and took less than five minutes. ❤️,4,2024-07-15,True,4,highly recommend everyone setup simple took less five minute,0.4201,0.157,0.843,0.0,Positive,Trust
REV01101,Sports & Outdoors,Resistance Bands,Fantastic value for the price. Setup was simple and took less than five minutes.,5,2024-02-10,True,0,fantastic value price setup simple took less five minute,0.7184,0.333,0.667,0.0,Positive,None Detected
REV01774,Books & Media,Self-Help Book,This was a complete waste of time. It stopped working after just one week. 😡,1,2024-05-09,True,1,complete waste time stopped working one week,-0.5719,0.0,0.749,0.251,Negative,Disgust
REV01330,Books & Media,Kids Story Set,Reasonable purchase overall. It's a bit bulkier than I expected. 🤷,3,2025-06-11,True,3,reasonable purchase overall bit bulkier expected,0.0,0.0,1.0,0.0,Neutral,Anticipation
REV00819,Books & Media,Biography,This is exactly what I needed. My family loves it just as much as I do. 🔥,4,2024-12-27,True,0,exactly needed family love much,0.3182,0.175,0.711,0.114,Positive,Joy
REV00730,Electronics,Wireless Earbuds,"Average quality for the price. It does what it says, just don't expect much extra.",3,2025-08-08,False,3,average quality price say dont expect much extra,0.0,0.0,1.0,0.0,Neutral,Anticipation
REV00640,Beauty & Personal Care,Face Serum,"This was a complete waste of time. The stitching came apart almost immediately. 💔 On the plus side, it did arrive quickly.",2,2025-02-24,True,2,complete waste time stitching came apart almost immediately plus side arrive quickly,-0.1742,0.133,0.677,0.19,Negative,Anticipation
REV01167,Books & Media,Cookbook,Fantastic value for the price. The packaging was neat and nothing was damaged. ✨,4,2025-11-11,True,3,fantastic value price packaging neat nothing damaged,0.8571,0.51,0.402,0.088,Positive,None Detected
REV01051,Books & Media,Cookbook,Exceeded my expectations. Setup was simple and took less than five minutes. 🔥,5,2024-09-11,True,2,exceeded expectation setup simple took less five minute,-0.34,0.0,0.833,0.167,Negative,Anticipation
REV01579,Fashion,Sunglasses,Best purchase I've made this year. The color and finish look great in person. 👍 although the price is a bit high for what you get.,5,2024-08-23,True,0,best purchase ive made year color finish look great person although price bit high get,0.8519,0.249,0.751,0.0,Positive,None Detected
REV01672,Books & Media,Cookbook,Works like a charm. It looks even better than the pictures online.,5,2024-01-09,True,0,work like charm look even better picture online,0.7964,0.474,0.526,0.0,Positive,None Detected
REV00957,Fashion,Denim Jacket,Highly recommend this to everyone. Setup was simple and took less than five minutes. 😊,5,2025-01-18,True,1,highly recommend everyone setup simple took less five minute,0.8313,0.355,0.645,0.0,Positive,Trust
REV00026,Home & Kitchen,Blender,Fantastic value for the price. Setup was simple and took less than five minutes. 😊 but I wish it came in more color options.,5,2025-03-28,True,4,fantastic value price setup simple took less five minute wish came color option,0.8608,0.334,0.666,0.0,Positive,None Detected
REV00078,Home & Kitchen,Blender,Highly recommend this to everyone. The packaging was neat and nothing was damaged.,5,2025-08-08,True,0,highly recommend everyone packaging neat nothing damaged,0.8019,0.451,0.549,0.0,Positive,Trust
REV00249,Home & Kitchen,Blender,works like a charm. battery life lasts way longer than advertised. 🔥,4,2024-08-26,False,0,work like charm battery life last way longer advertised,0.4215,0.313,0.542,0.145,Positive,Anger
REV01427,Sports & Outdoors,Dumbbell Set,Middle of the road experience. The design is simple but functional. 🙂,3,2025-12-12,True,7,middle road experience design simple functional,0.5515,0.215,0.785,0.0,Positive,None Detected
REV01252,Books & Media,Self-Help Book,This is exactly what I needed. Customer service was quick to respond when I had a question. 👍,4,2024-04-19,True,9,exactly needed customer service quick respond question,0.0,0.0,1.0,0.0,Neutral,None Detected
REV01699,Home & Kitchen,Vacuum Cleaner,I'm so impressed with the quality. The build quality feels premium and sturdy. 😊 although it took longer to arrive than promised.,5,2024-05-01,False,5,impressed quality build quality feel premium sturdy although took longer arrive promised,0.8977,0.351,0.649,0.0,Positive,Anticipation
REV00970,Books & Media,Comic Collection,highly recommend this to everyone. the packaging was neat and nothing was damaged. 🔥 even though customer service was slow to respond.,4,2025-08-07,True,0,highly recommend everyone packaging neat nothing damaged even though customer service slow respond,0.8495,0.362,0.638,0.0,Positive,Trust
REV00273,Beauty & Personal Care,Hair Dryer,This is exactly what I needed. My family loves it just as much as I do. ✨,4,2024-05-18,True,1,exactly needed family love much,0.7184,0.286,0.714,0.0,Positive,Joy
REV01016,Books & Media,Fiction Novel,A decent option if you're on a budget. Shipping took the standard amount of time. 🙂,3,2025-03-18,False,2,decent option youre budget shipping took standard amount time,0.4033,0.137,0.863,0.0,Positive,Trust
REV00241,Fashion,Cotton T-Shirt,Highly recommend this to everyone. Battery life lasts way longer than advertised. 🔥,4,2025-08-21,True,3,highly recommend everyone battery life last way longer advertised,0.101,0.172,0.679,0.148,Positive,Trust
REV00906,Home & Kitchen,Blender,Exceeded my expectations. It looks even better than the pictures online.,5,2024-02-10,False,4,exceeded expectation look even better picture online,0.4404,0.225,0.775,0.0,Positive,Anticipation
REV00311,Books & Media,Comic Collection,"It's exactly what was advertised, nothing more. It's a bit bulkier than I expected. 🙂",3,2025-12-28,True,0,exactly advertised nothing bit bulkier expected,0.4033,0.145,0.855,0.0,Positive,Anticipation
REV00985,Electronics,Wireless Earbuds,Absolutely loved this product! The packaging was neat and nothing was damaged. ✨,4,2024-05-03,True,0,absolutely loved product packaging neat nothing damaged,0.8372,0.474,0.432,0.094,Positive,None Detected
REV01078,Sports & Outdoors,Camping Tent,Really disappointed with this purchase. It stopped working after just one week. 😡,2,2025-08-07,True,0,really disappointed purchase stopped working one week,-0.6478,0.0,0.694,0.306,Negative,Anger
REV00395,Fashion,Denim Jacket,Works like a charm. It looks even better than the pictures online. ✨,4,2025-01-01,True,8,work like charm look even better picture online,0.8555,0.536,0.464,0.0,Positive,None Detected
REV01267,Electronics,USB-C Hub,Does the job but nothing extraordinary. Good enough for occasional use. 🙂,3,2024-07-02,True,0,job nothing extraordinary good enough occasional use,0.0144,0.173,0.657,0.17,Neutral,Surprise
REV01597,Electronics,Wireless Earbuds,"Five stars, no doubt. The packaging was neat and nothing was damaged. 👍 although it took longer to arrive than promised.",5,2025-04-19,True,1,five star doubt packaging neat nothing damaged although took longer arrive promised,0.8408,0.358,0.642,0.0,Positive,Anticipation
REV01723,Fashion,Running Shoes,COULDN'T BE HAPPIER WITH THIS PURCHASE. MY FAMILY LOVES IT JUST AS MUCH AS I DO. ✨,5,2024-08-02,True,3,couldnt happier purchase family love much,0.529,0.28,0.582,0.138,Positive,None Detected
REV01087,Home & Kitchen,Blender,Does the job but nothing extraordinary. It's a bit bulkier than I expected. 🙂,3,2024-09-08,True,5,job nothing extraordinary bit bulkier expected,0.5515,0.192,0.808,0.0,Positive,Anticipation
REV01673,Sports & Outdoors,Yoga Mat,"Five stars, no doubt. It looks even better than the pictures online. ✨",4,2024-09-27,True,3,five star doubt look even better picture online,0.7438,0.422,0.578,0.0,Positive,Trust
REV01766,Beauty & Personal Care,Sunscreen Lotion,"It's exactly what was advertised, nothing more. It does what it says, just don't expect much extra.",3,2024-06-15,True,4,exactly advertised nothing say dont expect much extra,0.0,0.0,1.0,0.0,Neutral,Anticipation
REV01180,Home & Kitchen,Non-Stick Pan Set,This is exactly what I needed. My family loves it just as much as I do.,4,2025-01-20,False,0,exactly needed family love much,0.5719,0.198,0.802,0.0,Positive,Joy
REV00279,Home & Kitchen,Blender,Very frustrating experience overall. The stitching came apart almost immediately. 😢,2,2024-09-24,True,0,frustrating experience overall stitching came apart almost immediately,-0.7197,0.0,0.624,0.376,Negative,Anticipation
REV01667,Home & Kitchen,Bedsheet Set,This was a complete waste of time. The size was completely different from what was described. 💔,2,2025-02-25,True,0,complete waste time size completely different described,-0.1779,0.167,0.598,0.235,Negative,Disgust
REV00586,Sports & Outdoors,Resistance Bands,Fantastic value for the price. My family loves it just as much as I do. ✨,4,2025-09-10,True,11,fantastic value price family love much,0.9001,0.5,0.5,0.0,Positive,Joy
REV00765,Books & Media,Self-Help Book,Best purchase I've made this year. It looks even better than the pictures online. 😊,5,2025-07-09,True,2,best purchase ive made year look even better picture online,0.9201,0.466,0.534,0.0,Positive,None Detected
REV00274,Sports & Outdoors,Water Bottle,REALLY DISAPPOINTED WITH THIS PURCHASE. CUSTOMER SUPPORT NEVER REPLIED TO MY EMAILS. 👎,2,2025-01-12,False,3,really disappointed purchase customer support never replied email,-0.3455,0.169,0.591,0.239,Negative,None Detected
REV00379,Sports & Outdoors,Resistance Bands,Highly recommend this to everyone. Setup was simple and took less than five minutes.,4,2025-10-14,True,2,highly recommend everyone setup simple took less five minute,0.4201,0.177,0.823,0.0,Positive,Trust
REV00307,Electronics,Power Bank,I'm so impressed with the quality. My family loves it just as much as I do. 👍,4,2025-04-06,True,0,impressed quality family love much,0.796,0.307,0.693,0.0,Positive,Joy
REV00063,Books & Media,Cookbook,"Middle of the road experience. Packaging was standard, nothing memorable. 🙂",3,2025-11-19,False,1,middle road experience packaging standard nothing memorable,-0.3101,0.0,0.841,0.159,Negative,Joy
REV00261,Beauty & Personal Care,Lip Balm Set,Absolutely loved this product! The packaging was neat and nothing was damaged.,4,2025-12-14,True,1,absolutely loved product packaging neat nothing damaged,0.8717,0.524,0.476,0.0,Positive,None Detected
REV01588,Beauty & Personal Care,Sunscreen Lotion,Really disappointed with this purchase. It stopped working after just one week. 😢,1,2024-03-16,True,0,really disappointed purchase stopped working one week,-0.8122,0.0,0.567,0.433,Negative,Anger
REV00503,Sports & Outdoors,Resistance Bands,I'm so impressed with the quality. Customer service was quick to respond when I had a question. ❤️,5,2024-08-02,True,3,impressed quality customer service quick respond question,0.5256,0.159,0.841,0.0,Positive,None Detected
REV01064,Books & Media,Fiction Novel,This is exactly what I needed. It looks even better than the pictures online.,5,2025-02-20,True,0,exactly needed look even better picture online,0.4404,0.182,0.818,0.0,Positive,None Detected
REV01136,Books & Media,Kids Story Set,Really disappointed with this purchase. The material feels cheap and flimsy. 👎,2,2025-01-31,True,1,really disappointed purchase material feel cheap flimsy,-0.5256,0.0,0.78,0.22,Negative,Anger
REV00820,Books & Media,Self-Help Book,Fantastic value for the price. Customer service was quick to respond when I had a question. 😊,5,2025-06-27,True,7,fantastic value price customer service quick respond question,0.9001,0.414,0.586,0.0,Positive,None Detected
REV01479,Sports & Outdoors,Resistance Bands,Couldn't be happier with this purchase. The packaging was neat and nothing was damaged. 👍,5,2024-09-19,True,5,couldnt happier purchase packaging neat nothing damaged,0.3879,0.255,0.614,0.131,Positive,None Detected
REV00253,Fashion,Cotton T-Shirt,Best purchase I've made this year. Battery life lasts way longer than advertised. 😊 although it took longer to arrive than promised.,5,2024-03-15,True,0,best purchase ive made year battery life last way longer advertised although took longer arrive promised,0.9136,0.366,0.634,0.0,Positive,Anticipation
REV00715,Books & Media,Cookbook,Highly recommend this to everyone. It looks even better than the pictures online.,5,2025-12-27,True,6,highly recommend everyone look even better picture online,0.6901,0.341,0.659,0.0,Positive,Trust
REV01583,Beauty & Personal Care,Face Serum,Very frustrating experience overall. The material feels cheap and flimsy. 😡,1,2024-02-29,True,2,frustrating experience overall material feel cheap flimsy,-0.4927,0.0,0.775,0.225,Negative,None Detected
REV00215,Sports & Outdoors,Resistance Bands,This is exactly what I needed. Customer service was quick to respond when I had a question. ✨ but the delivery experience could definitely be better.,4,2024-06-21,True,0,exactly needed customer service quick respond question delivery experience could definitely better,0.8422,0.282,0.718,0.0,Positive,Anticipation
REV00876,Books & Media,Biography,Works like a charm. Customer service was quick to respond when I had a question. 😊,4,2024-02-29,True,0,work like charm customer service quick respond question,0.8807,0.412,0.588,0.0,Positive,None Detected
REV01509,Home & Kitchen,Blender,Couldn't be happier with this purchase. It looks even better than the pictures online. but the delivery experience could definitely be better.,5,2024-10-10,False,1,couldnt happier purchase look even better picture online delivery experience could definitely better,0.8157,0.32,0.616,0.065,Positive,Anticipation
REV01564,Sports & Outdoors,Water Bottle,"Five stars, no doubt. The color and finish look great in person. 🔥",5,2024-10-26,True,0,five star doubt color finish look great person,0.5873,0.334,0.537,0.129,Positive,Trust
REV01447,Home & Kitchen,Bedsheet Set,"Five stars, no doubt. Setup was simple and took less than five minutes. ❤️",5,2025-09-09,True,3,five star doubt setup simple took less five minute,0.2755,0.131,0.869,0.0,Positive,Trust
REV00326,Electronics,Bluetooth Speaker,This broke within a few days of use. It arrived late and the box was damaged. 😢,1,2025-11-07,True,2,broke within day use arrived late box damaged,-0.8316,0.0,0.63,0.37,Negative,Sadness
REV01222,Books & Media,Self-Help Book,Highly recommend this to everyone. Battery life lasts way longer than advertised.,5,2025-11-18,True,5,highly recommend everyone battery life last way longer advertised,0.4201,0.202,0.798,0.0,Positive,Trust
REV01537,Sports & Outdoors,Camping Tent,I'm so impressed with the quality. The color and finish look great in person.,4,2025-05-21,False,0,impressed quality color finish look great person,0.8173,0.384,0.616,0.0,Positive,None Detected
REV00069,Beauty & Personal Care,Moisturizer Cream,Fantastic value for the price. It looks even better than the pictures online. 🔥,4,2024-10-09,True,3,fantastic value price look even better picture online,0.7579,0.418,0.469,0.113,Positive,None Detected
REV00896,Sports & Outdoors,Camping Tent,Would not recommend this to anyone. There was a strange smell straight out of the box. 👎,2,2025-03-31,True,4,would not recommend anyone strange smell straight box,-0.2523,0.091,0.721,0.188,Negative,Trust
REV01500,Beauty & Personal Care,Electric Trimmer,Average quality for the price. There are better alternatives but this works fine too. 🙂,3,2024-01-09,False,6,average quality price better alternative work fine,0.7724,0.355,0.645,0.0,Positive,None Detected
REV01212,Sports & Outdoors,Camping Tent,"Highly recommend this to everyone. Delivery was super fast, arrived a day early. 👍",5,2024-04-10,True,1,highly recommend everyone delivery super fast arrived day early,0.7713,0.34,0.66,0.0,Positive,Trust
REV00397,Sports & Outdoors,Camping Tent,"Five stars, no doubt. The packaging was neat and nothing was damaged.",4,2024-09-17,True,2,five star doubt packaging neat nothing damaged,0.7591,0.455,0.545,0.0,Positive,Trust
REV01305,Sports & Outdoors,Cycling Helmet,I'm so impressed with the quality. Battery life lasts way longer than advertised. ❤️,5,2024-08-05,True,0,impressed quality battery life last way longer advertised,0.5256,0.195,0.805,0.0,Positive,None Detected
REV00065,Beauty & Personal Care,Electric Trimmer,Extremely poor quality. It arrived late and the box was damaged. 👎,1,2025-04-10,True,2,extremely poor quality arrived late box damaged,-0.7425,0.0,0.636,0.364,Negative,Sadness
REV00855,Home & Kitchen,Blender,FANTASTIC VALUE FOR THE PRICE. BATTERY LIFE LASTS WAY LONGER THAN ADVERTISED. 😊 ALTHOUGH IT TOOK LONGER TO ARRIVE THAN PROMISED.,4,2025-05-22,True,3,fantastic value price battery life last way longer advertised although took longer arrive promised,0.9493,0.455,0.545,0.0,Positive,None Detected
REV01140,Home & Kitchen,Vacuum Cleaner,Absolutely loved this product! My family loves it just as much as I do. ✨,5,2024-04-19,True,0,absolutely loved product family love much,0.8881,0.466,0.534,0.0,Positive,Joy
REV01386,Books & Media,Comic Collection,Really disappointed with this purchase. It stopped working after just one week.,1,2025-04-09,True,0,really disappointed purchase stopped working one week,-0.6478,0.0,0.654,0.346,Negative,Anger
REV00364,Books & Media,Fiction Novel,I want a refund immediately. It arrived late and the box was damaged.,2,2024-09-22,True,4,want refund immediately arrived late box damaged,-0.3818,0.086,0.724,0.191,Negative,Anticipation
REV00129,Fashion,Sunglasses,Highly recommend this to everyone. Battery life lasts way longer than advertised. 😊 even though customer service was slow to respond.,5,2024-02-13,True,3,highly recommend everyone battery life last way longer advertised even though customer service slow respond,0.8313,0.286,0.714,0.0,Positive,Trust
REV00761,Books & Media,Comic Collection,One of the worst products I've bought online. The size was completely different from what was described.,1,2025-02-08,True,8,one worst product ive bought online size completely different described,-0.6249,0.0,0.796,0.204,Negative,None Detected
REV00441,Electronics,Power Bank,"It's exactly what was advertised, nothing more. Some features could be improved in future versions. 🤷",3,2024-11-13,True,3,exactly advertised nothing feature could improved future version,0.4767,0.162,0.838,0.0,Positive,None Detected
REV01219,Sports & Outdoors,Yoga Mat,Couldn't be happier with this purchase. Setup was simple and took less than five minutes. 👍 although it took longer to arrive than promised.,4,2024-08-17,True,1,couldnt happier purchase setup simple took less five minute although took longer arrive promised,-0.0711,0.088,0.813,0.098,Negative,Anticipation
REV01763,Fashion,Sunglasses,Really disappointed with this purchase. Customer support never replied to my emails. 👎,2,2024-02-03,True,0,really disappointed purchase customer support never replied email,-0.1761,0.149,0.663,0.188,Negative,Anger
REV01756,Fashion,Leather Wallet,Absolutely loved this product! Battery life lasts way longer than advertised. although the price is a bit high for what you get.,4,2024-10-13,True,0,absolutely loved product battery life last way longer advertised although price bit high get,0.6689,0.176,0.824,0.0,Positive,None Detected
REV01044,Electronics,Laptop Stand,"Very frustrating experience overall. It doesn't match the pictures shown online at all. 👎 On the plus side, it did arrive quickly.",2,2025-01-25,False,3,frustrating experience overall doesnt match picture shown online plus side arrive quickly,-0.4927,0.0,0.873,0.127,Negative,Anticipation
REV01249,Sports & Outdoors,Camping Tent,Couldn't be happier with this purchase. It looks even better than the pictures online. 🔥,4,2024-05-19,True,6,couldnt happier purchase look even better picture online,-0.3129,0.144,0.598,0.258,Negative,None Detected
REV01593,Sports & Outdoors,Cycling Helmet,WORKS LIKE A CHARM. THE COLOR AND FINISH LOOK GREAT IN PERSON. ✨ HTTP://EXAMPLE-SHOP.COM/REVIEW,4,2025-12-01,True,2,work like charm color finish look great person,0.93,0.58,0.42,0.0,Positive,None Detected
REV00564,Books & Media,Fiction Novel,Very frustrating experience overall. The instructions were confusing and unclear. 😢,1,2024-10-15,True,1,frustrating experience overall instruction confusing unclear,-0.8479,0.0,0.44,0.56,Negative,Trust
REV00703,Beauty & Personal Care,Sunscreen Lotion,THIS IS EXACTLY WHAT I NEEDED. IT LOOKS EVEN BETTER THAN THE PICTURES ONLINE. 😊,5,2024-11-29,True,1,exactly needed look even better picture online,0.8636,0.376,0.624,0.0,Positive,None Detected
REV00243,Books & Media,Cookbook,Couldn't be happier with this purchase. The build quality feels premium and sturdy. 👍,4,2025-11-24,True,6,couldnt happier purchase build quality feel premium sturdy,-0.4168,0.0,0.835,0.165,Negative,None Detected
REV01100,Books & Media,Fiction Novel,Highly recommend this to everyone. Setup was simple and took less than five minutes. 😊,4,2025-02-23,True,1,highly recommend everyone setup simple took less five minute,0.8313,0.355,0.645,0.0,Positive,Trust
REV01399,Home & Kitchen,Vacuum Cleaner,One of the worst products I've bought online. The instructions were confusing and unclear. 😡,1,2025-08-25,True,2,one worst product ive bought online instruction confusing unclear,-0.7906,0.0,0.619,0.381,Negative,Trust
REV01676,Fashion,Sunglasses,does the job but nothing extraordinary. some features could be improved in future versions.,3,2025-07-11,False,1,job nothing extraordinary feature could improved future version,0.631,0.242,0.758,0.0,Positive,None Detected
REV00360,Home & Kitchen,Non-Stick Pan Set,This was a complete waste of time. It arrived late and the box was damaged. 💔,2,2025-08-10,True,3,complete waste time arrived late box damaged,-0.5574,0.162,0.5,0.338,Negative,Disgust
REV01248,Electronics,USB-C Hub,Absolutely loved this product! My family loves it just as much as I do. 👍,4,2025-02-21,True,2,absolutely loved product family love much,0.8475,0.369,0.631,0.0,Positive,Joy
REV00370,Sports & Outdoors,Cycling Helmet,"Fantastic value for the price. Delivery was super fast, arrived a day early. 🔥",4,2025-03-07,True,1,fantastic value price delivery super fast arrived day early,0.8176,0.444,0.448,0.108,Positive,None Detected
REV01650,Home & Kitchen,Vacuum Cleaner,"Five stars, no doubt. The color and finish look great in person. ❤️",4,2024-03-14,True,4,five star doubt color finish look great person,0.7359,0.341,0.659,0.0,Positive,Trust
REV00795,Electronics,Laptop Stand,This is exactly what I needed. The build quality feels premium and sturdy. ❤️,4,2025-03-09,True,3,exactly needed build quality feel premium sturdy,0.0,0.0,1.0,0.0,Neutral,None Detected
REV01031,Electronics,Smartwatch,Would not recommend this to anyone. The size was completely different from what was described. 👎,1,2024-09-30,True,2,would not recommend anyone size completely different described,-0.2755,0.0,0.883,0.117,Negative,Trust
REV01273,Electronics,Smartwatch,This broke within a few days of use. It arrived late and the box was damaged.,1,2025-07-05,False,2,broke within day use arrived late box damaged,-0.6908,0.0,0.711,0.289,Negative,Sadness
REV01384,Home & Kitchen,Non-Stick Pan Set,"Exceeded my expectations. Delivery was super fast, arrived a day early. ❤️ although it took longer to arrive than promised.",4,2025-11-11,True,0,exceeded expectation delivery super fast arrived day early although took longer arrive promised,0.7506,0.252,0.748,0.0,Positive,Anticipation
REV01315,Books & Media,Cookbook,Exceeded my expectations. It's comfortable and fits perfectly. 🔥,4,2025-03-12,True,1,exceeded expectation comfortable fit perfectly,0.7269,0.472,0.377,0.151,Positive,Anticipation
REV01660,Home & Kitchen,Bedsheet Set,works like a charm. my family loves it just as much as i do. 👍,5,2025-08-04,True,4,work like charm family love much,0.836,0.406,0.594,0.0,Positive,Joy
REV00537,Books & Media,Biography,This was a complete waste of time. The stitching came apart almost immediately.,1,2025-02-18,False,0,complete waste time stitching came apart almost immediately,-0.4215,0.0,0.811,0.189,Negative,Anticipation
REV01008,Beauty & Personal Care,Electric Trimmer,"Exceeded my expectations. Delivery was super fast, arrived a day early. 👍",4,2025-11-06,True,1,exceeded expectation delivery super fast arrived day early,0.5994,0.245,0.755,0.0,Positive,Anticipation
REV01530,Electronics,Power Bank,Very frustrating experience overall. The instructions were confusing and unclear. 👎,1,2025-10-23,True,9,frustrating experience overall instruction confusing unclear,-0.7264,0.0,0.559,0.441,Negative,Trust
REV01513,Sports & Outdoors,Yoga Mat,One of the worst products I've bought online. It arrived late and the box was damaged. 💔,1,2024-01-30,True,1,one worst product ive bought online arrived late box damaged,-0.7096,0.148,0.495,0.357,Negative,Sadness
REV01420,Sports & Outdoors,Resistance Bands,Best purchase I've made this year. It looks even better than the pictures online.,5,2024-09-11,True,1,best purchase ive made year look even better picture online,0.7964,0.372,0.628,0.0,Positive,None Detected
REV00973,Books & Media,Cookbook,Exceeded my expectations. It looks even better than the pictures online. 👍 even though customer service was slow to respond.,5,2025-03-06,True,2,exceeded expectation look even better picture online even though customer service slow respond,0.4404,0.127,0.873,0.0,Positive,Anticipation
REV00057,Beauty & Personal Care,Moisturizer Cream,Fantastic value for the price. Battery life lasts way longer than advertised. 👍,5,2025-08-13,True,4,fantastic value price battery life last way longer advertised,0.7184,0.333,0.667,0.0,Positive,None Detected
REV00358,Electronics,Laptop Stand,Highly recommend this to everyone. It's comfortable and fits perfectly. ✨,4,2025-04-14,True,7,highly recommend everyone comfortable fit perfectly,0.9117,0.643,0.357,0.0,Positive,Trust
REV01378,Electronics,Wireless Earbuds,Best purchase I've made this year. The color and finish look great in person. 👍,5,2025-05-04,True,1,best purchase ive made year color finish look great person,0.8519,0.372,0.628,0.0,Positive,None Detected
REV01195,Beauty & Personal Care,Moisturizer Cream,BEST PURCHASE I'VE MADE THIS YEAR. IT LOOKS EVEN BETTER THAN THE PICTURES ONLINE. 😊,5,2024-05-07,True,3,best purchase ive made year look even better picture online,0.9389,0.493,0.507,0.0,Positive,None Detected
REV01563,Electronics,Smartwatch,Works like a charm. Customer service was quick to respond when I had a question. 🔥,5,2025-06-21,True,2,work like charm customer service quick respond question,0.4215,0.252,0.631,0.117,Positive,None Detected
REV01250,Sports & Outdoors,Cycling Helmet,Couldn't be happier with this purchase. Setup was simple and took less than five minutes. ❤️,5,2024-04-27,True,1,couldnt happier purchase setup simple took less five minute,-0.4168,0.0,0.852,0.148,Negative,None Detected
REV01211,Sports & Outdoors,Water Bottle,This was a complete waste of time. The stitching came apart almost immediately. 👎,2,2025-02-18,True,0,complete waste time stitching came apart almost immediately,-0.4215,0.0,0.833,0.167,Negative,Anticipation
REV00011,Fashion,Sunglasses,Exceeded my expectations. Setup was simple and took less than five minutes.,4,2024-01-01,True,0,exceeded expectation setup simple took less five minute,0.0,0.0,1.0,0.0,Neutral,Anticipation
REV01618,Beauty & Personal Care,Electric Trimmer,This is exactly what I needed. It's comfortable and fits perfectly. 🔥,4,2024-11-11,True,0,exactly needed comfortable fit perfectly,0.7269,0.397,0.476,0.127,Positive,None Detected
REV00183,Electronics,USB-C Hub,Absolutely loved this product! The build quality feels premium and sturdy. 🔥 but the delivery experience could definitely be better.,5,2025-09-23,False,1,absolutely loved product build quality feel premium sturdy delivery experience could definitely better,0.8621,0.368,0.572,0.061,Positive,Anticipation
REV01643,Sports & Outdoors,Dumbbell Set,"works like a charm. delivery was super fast, arrived a day early. ❤️",4,2024-03-05,True,0,work like charm delivery super fast arrived day early,0.8442,0.453,0.547,0.0,Positive,Anticipation
REV00628,Fashion,Backpack,"Five stars, no doubt. Battery life lasts way longer than advertised. 👍",5,2024-01-05,False,1,five star doubt battery life last way longer advertised,0.2755,0.15,0.85,0.0,Positive,Trust
REV01141,Fashion,Denim Jacket,"Middle of the road experience. Packaging was standard, nothing memorable.",3,2025-10-03,True,1,middle road experience packaging standard nothing memorable,0.0,0.0,1.0,0.0,Neutral,Joy
REV00947,Electronics,Smartwatch,Exceeded my expectations. Customer service was quick to respond when I had a question. ❤️,5,2024-03-24,False,0,exceeded expectation customer service quick respond question,0.0,0.0,1.0,0.0,Neutral,Anticipation
REV00138,Electronics,Wireless Earbuds,Works like a charm. Customer service was quick to respond when I had a question. ❤️,4,2024-03-21,True,2,work like charm customer service quick respond question,0.6369,0.257,0.743,0.0,Positive,None Detected
REV00866,Home & Kitchen,Blender,"It's an okay product, nothing special. The design is simple but functional. 🤷",3,2024-07-19,True,2,okay product nothing special design simple functional,-0.0462,0.096,0.796,0.108,Neutral,Joy
REV01540,Fashion,Backpack,I WANT A REFUND IMMEDIATELY. IT STOPPED WORKING AFTER JUST ONE WEEK.,2,2024-08-15,True,8,want refund immediately stopped working one week,-0.1531,0.098,0.758,0.144,Negative,None Detected
REV00701,Home & Kitchen,Bedsheet Set,EXTREMELY POOR QUALITY. THERE WAS A STRANGE SMELL STRAIGHT OUT OF THE BOX. 👎,2,2025-04-12,False,0,extremely poor quality strange smell straight box,-0.6965,0.12,0.545,0.336,Negative,None Detected
REV01482,Home & Kitchen,Vacuum Cleaner,Best purchase I've made this year. It's comfortable and fits perfectly. 😊,4,2024-12-09,True,11,best purchase ive made year comfortable fit perfectly,0.9565,0.617,0.383,0.0,Positive,None Detected
REV01073,Beauty & Personal Care,Moisturizer Cream,Exceeded my expectations. It's comfortable and fits perfectly. 😊,4,2025-01-01,True,5,exceeded expectation comfortable fit perfectly,0.926,0.6,0.4,0.0,Positive,Anticipation
REV01755,Beauty & Personal Care,Electric Trimmer,"Fantastic value for the price. Delivery was super fast, arrived a day early. 😊",5,2024-03-23,True,0,fantastic value price delivery super fast arrived day early,0.9423,0.55,0.45,0.0,Positive,None Detected
REV00126,Books & Media,Biography,AVERAGE QUALITY FOR THE PRICE. THE DESIGN IS SIMPLE BUT FUNCTIONAL. 🙂,3,2024-11-19,False,1,average quality price design simple functional,0.5515,0.215,0.785,0.0,Positive,None Detected
REV00870,Fashion,Sunglasses,"Highly recommend this to everyone. Delivery was super fast, arrived a day early. 😊",4,2024-03-10,False,1,highly recommend everyone delivery super fast arrived day early,0.9134,0.476,0.524,0.0,Positive,Trust
REV00879,Electronics,USB-C Hub,"Exceeded my expectations. Delivery was super fast, arrived a day early. ❤️",5,2025-03-30,True,2,exceeded expectation delivery super fast arrived day early,0.5994,0.245,0.755,0.0,Positive,Anticipation
REV01071,Books & Media,Fiction Novel,Works like a charm. Customer service was quick to respond when I had a question. 🔥 although the price is a bit high for what you get.,5,2024-10-25,True,2,work like charm customer service quick respond question although price bit high get,0.4215,0.165,0.759,0.076,Positive,None Detected
REV00257,Electronics,Smartwatch,"Five stars, no doubt. Battery life lasts way longer than advertised. 👍",5,2024-01-12,True,6,five star doubt battery life last way longer advertised,0.2755,0.15,0.85,0.0,Positive,Trust
REV00840,Home & Kitchen,Air Fryer,average quality for the price. some features could be improved in future versions.,3,2024-01-18,True,3,average quality price feature could improved future version,0.4767,0.205,0.795,0.0,Positive,None Detected
REV01417,Home & Kitchen,Blender,Would not recommend this to anyone. The instructions were confusing and unclear. 😢,2,2025-07-01,True,1,would not recommend anyone instruction confusing unclear,-0.797,0.0,0.523,0.477,Negative,Trust
REV00092,Electronics,Wireless Earbuds,FANTASTIC VALUE FOR THE PRICE. THE PACKAGING WAS NEAT AND NOTHING WAS DAMAGED. 🔥,5,2024-10-08,True,6,fantastic value price packaging neat nothing damaged,0.9449,0.643,0.357,0.0,Positive,None Detected
REV01531,Electronics,Power Bank,"It's exactly what was advertised, nothing more. It's comparable to other products in this price range. 🙂",3,2025-07-24,True,0,exactly advertised nothing comparable product price range,0.4033,0.131,0.869,0.0,Positive,None Detected
REV00017,Beauty & Personal Care,Lip Balm Set,Extremely poor quality. It arrived late and the box was damaged. 👎,1,2024-03-18,True,8,extremely poor quality arrived late box damaged,-0.7425,0.0,0.636,0.364,Negative,Sadness
REV01625,Electronics,Power Bank,This is exactly what I needed. Setup was simple and took less than five minutes. ✨,5,2024-08-14,True,2,exactly needed setup simple took less five minute,0.3182,0.133,0.867,0.0,Positive,None Detected
REV01449,Beauty & Personal Care,Sunscreen Lotion,Works like a charm. Setup was simple and took less than five minutes. ✨,4,2024-06-07,False,0,work like charm setup simple took less five minute,0.7579,0.405,0.595,0.0,Positive,None Detected
REV01072,Books & Media,Fiction Novel,Couldn't be happier with this purchase. It's comfortable and fits perfectly. 👍,5,2025-11-05,True,1,couldnt happier purchase comfortable fit perfectly,0.6931,0.37,0.493,0.137,Positive,None Detected
REV00158,Home & Kitchen,Electric Kettle,Highly recommend this to everyone. The build quality feels premium and sturdy. 😊,5,2025-03-03,False,3,highly recommend everyone build quality feel premium sturdy,0.8313,0.386,0.614,0.0,Positive,Trust
REV01525,Home & Kitchen,Vacuum Cleaner,This is exactly what I needed. The color and finish look great in person. ✨,4,2024-10-19,True,0,exactly needed color finish look great person,0.7506,0.33,0.67,0.0,Positive,None Detected
REV01394,Books & Media,Comic Collection,"Five stars, no doubt. My family loves it just as much as I do. 😊 although the price is a bit high for what you get.",5,2025-06-04,True,0,five star doubt family love much although price bit high get,0.8959,0.312,0.688,0.0,Positive,Joy
REV00884,Sports & Outdoors,Camping Tent,Highly recommend this to everyone. The color and finish look great in person. 👍,5,2024-02-28,False,1,highly recommend everyone color finish look great person,0.7841,0.347,0.653,0.0,Positive,Trust
REV00991,Books & Media,Comic Collection,Average quality for the price. The design is simple but functional.,3,2024-11-06,True,4,average quality price design simple functional,0.0,0.0,1.0,0.0,Neutral,None Detected
REV00972,Books & Media,Self-Help Book,COULDN'T BE HAPPIER WITH THIS PURCHASE. THE PACKAGING WAS NEAT AND NOTHING WAS DAMAGED. 👍,5,2025-09-05,True,3,couldnt happier purchase packaging neat nothing damaged,0.5208,0.29,0.565,0.144,Positive,None Detected
REV00659,Sports & Outdoors,Dumbbell Set,Works like a charm. Setup was simple and took less than five minutes. 😊,4,2025-11-02,True,3,work like charm setup simple took less five minute,0.8807,0.444,0.556,0.0,Positive,None Detected
REV01702,Home & Kitchen,Vacuum Cleaner,Couldn't be happier with this purchase. The color and finish look great in person. ✨,5,2024-02-24,True,1,couldnt happier purchase color finish look great person,0.5609,0.302,0.567,0.131,Positive,None Detected
REV01647,Home & Kitchen,Air Fryer,Couldn't be happier with this purchase. The color and finish look great in person. ✨,4,2025-08-14,True,2,couldnt happier purchase color finish look great person,0.5609,0.302,0.567,0.131,Positive,None Detected
REV00091,Beauty & Personal Care,Moisturizer Cream,"Five stars, no doubt. It's comfortable and fits perfectly. ✨ although it took longer to arrive than promised.",4,2024-11-04,True,0,five star doubt comfortable fit perfectly although took longer arrive promised,0.9247,0.526,0.474,0.0,Positive,Anticipation
REV00675,Sports & Outdoors,Dumbbell Set,Fantastic value for the price. The build quality feels premium and sturdy.,5,2024-02-23,True,0,fantastic value price build quality feel premium sturdy,0.7184,0.375,0.625,0.0,Positive,None Detected
REV00430,Electronics,Wireless Earbuds,Exceeded my expectations. The packaging was neat and nothing was damaged. 👍,4,2025-04-11,True,0,exceeded expectation packaging neat nothing damaged,0.6604,0.33,0.67,0.0,Positive,Anticipation
REV00103,Books & Media,Fiction Novel,Works like a charm. It's comfortable and fits perfectly.,4,2025-03-15,True,0,work like charm comfortable fit perfectly,0.9136,0.718,0.282,0.0,Positive,None Detected
REV01079,Electronics,Wireless Earbuds,One of the worst products I've bought online. It stopped working after just one week. 😡,2,2025-02-03,False,1,one worst product ive bought online stopped working one week,-0.7184,0.0,0.714,0.286,Negative,None Detected
REV01524,Beauty & Personal Care,Moisturizer Cream,Couldn't be happier with this purchase. Setup was simple and took less than five minutes.,4,2025-01-14,True,1,couldnt happier purchase setup simple took less five minute,-0.4168,0.0,0.835,0.165,Negative,None Detected
REV00458,Home & Kitchen,Vacuum Cleaner,Best purchase I've made this year. Setup was simple and took less than five minutes. although the price is a bit high for what you get.,4,2024-05-19,True,1,best purchase ive made year setup simple took less five minute although price bit high get,0.6369,0.144,0.856,0.0,Positive,None Detected
REV01013,Books & Media,Biography,This is exactly what I needed. The packaging was neat and nothing was damaged. 🔥,4,2024-02-02,False,0,exactly needed packaging neat nothing damaged,0.7537,0.383,0.617,0.0,Positive,None Detected
REV00615,Electronics,Power Bank,Fantastic value for the price. The color and finish look great in person. ❤️,5,2024-05-21,True,1,fantastic value price color finish look great person,0.8779,0.457,0.543,0.0,Positive,None Detected
REV00914,Electronics,Bluetooth Speaker,One of the worst products I've bought online. It doesn't match the pictures shown online at all. 😢,1,2025-02-11,True,10,one worst product ive bought online doesnt match picture shown online,-0.802,0.0,0.702,0.298,Negative,None Detected
REV01152,Home & Kitchen,Non-Stick Pan Set,"Five stars, no doubt. Battery life lasts way longer than advertised.",4,2025-10-02,True,1,five star doubt battery life last way longer advertised,0.2755,0.174,0.826,0.0,Positive,Trust
REV01134,Sports & Outdoors,Dumbbell Set,"I'm so impressed with the quality. Delivery was super fast, arrived a day early. ❤️",4,2025-06-21,True,3,impressed quality delivery super fast arrived day early,0.807,0.343,0.657,0.0,Positive,None Detected
REV00423,Home & Kitchen,Vacuum Cleaner,I regret buying this. The instructions were confusing and unclear. 😢,2,2024-07-03,True,1,regret buying instruction confusing unclear,-0.8316,0.0,0.449,0.551,Negative,Sadness
REV00594,Home & Kitchen,Bedsheet Set,This is exactly what I needed. The packaging was neat and nothing was damaged.,5,2025-12-08,True,0,exactly needed packaging neat nothing damaged,0.6604,0.311,0.689,0.0,Positive,None Detected
REV00039,Beauty & Personal Care,Sunscreen Lotion,Works like a charm. The packaging was neat and nothing was damaged. ✨,5,2024-10-10,True,0,work like charm packaging neat nothing damaged,0.8245,0.516,0.389,0.095,Positive,None Detected
REV01137,Books & Media,Biography,Absolutely loved this product! It's comfortable and fits perfectly. ❤️,4,2024-08-01,True,3,absolutely loved product comfortable fit perfectly,0.9183,0.6,0.4,0.0,Positive,None Detected
REV00589,Books & Media,Fiction Novel,This is exactly what I needed. It's comfortable and fits perfectly. 👍 but I wish it came in more color options.,5,2025-03-31,False,0,exactly needed comfortable fit perfectly wish came color option,0.8074,0.304,0.696,0.0,Positive,None Detected
REV00810,Fashion,Cotton T-Shirt,"i'm so impressed with the quality. delivery was super fast, arrived a day early. 😊 although the price is a bit high for what you get.",4,2025-01-26,True,3,impressed quality delivery super fast arrived day early although price bit high get,0.923,0.338,0.662,0.0,Positive,Anticipation
REV00791,Sports & Outdoors,Camping Tent,A decent option if you're on a budget. Shipping took the standard amount of time.,3,2025-10-21,True,1,decent option youre budget shipping took standard amount time,0.0,0.0,1.0,0.0,Neutral,Trust
REV00454,Electronics,Smartwatch,Best purchase I've made this year. The color and finish look great in person.,5,2025-04-02,True,1,best purchase ive made year color finish look great person,0.8519,0.409,0.591,0.0,Positive,None Detected
REV00818,Fashion,Cotton T-Shirt,Best purchase I've made this year. It looks even better than the pictures online.,5,2024-06-18,True,0,best purchase ive made year look even better picture online,0.7964,0.372,0.628,0.0,Positive,None Detected
REV01370,Sports & Outdoors,Camping Tent,Highly recommend this to everyone. The packaging was neat and nothing was damaged. 😊,5,2024-10-23,True,0,highly recommend everyone packaging neat nothing damaged,0.828,0.42,0.487,0.093,Positive,Trust
REV01571,Electronics,Smartwatch,"Five stars, no doubt. Delivery was super fast, arrived a day early. 👍",4,2025-12-24,True,7,five star doubt delivery super fast arrived day early,0.7193,0.334,0.666,0.0,Positive,Trust
REV00161,Books & Media,Cookbook,Best purchase I've made this year. The build quality feels premium and sturdy.,4,2025-02-19,False,3,best purchase ive made year build quality feel premium sturdy,0.6369,0.259,0.741,0.0,Positive,None Detected
REV01665,Electronics,Wireless Earbuds,Very frustrating experience overall. It doesn't match the pictures shown online at all. 😢,2,2024-09-28,True,3,frustrating experience overall doesnt match picture shown online,-0.7425,0.0,0.674,0.326,Negative,None Detected
REV01170,Fashion,Leather Wallet,Would not recommend this to anyone. It stopped working after just one week. 💔,2,2024-03-13,True,1,would not recommend anyone stopped working one week,-0.2287,0.188,0.493,0.319,Negative,Trust
REV01103,Beauty & Personal Care,Lip Balm Set,Couldn't be happier with this purchase. Battery life lasts way longer than advertised. ❤️,5,2024-06-02,True,7,couldnt happier purchase battery life last way longer advertised,-0.4168,0.0,0.835,0.165,Negative,None Detected
REV00475,Electronics,Power Bank,I'm so impressed with the quality. The color and finish look great in person. 🔥,5,2025-03-28,True,2,impressed quality color finish look great person,0.7264,0.342,0.548,0.11,Positive,None Detected
REV01282,Home & Kitchen,Electric Kettle,I REGRET BUYING THIS. THE STITCHING CAME APART ALMOST IMMEDIATELY. 💔 WWW.SHOPREVIEW-SITE.COM/R/12345,1,2025-07-25,True,0,regret buying stitching came apart almost immediately,-0.3517,0.212,0.462,0.326,Negative,None Detected
REV00097,Sports & Outdoors,Water Bottle,I'm so impressed with the quality. Customer service was quick to respond when I had a question.,5,2024-08-19,False,3,impressed quality customer service quick respond question,0.5256,0.175,0.825,0.0,Positive,None Detected
REV01314,Fashion,Backpack,Very frustrating experience overall. The stitching came apart almost immediately. 💔,1,2025-11-23,True,3,frustrating experience overall stitching came apart almost immediately,-0.2682,0.208,0.475,0.317,Negative,Anticipation
REV01210,Home & Kitchen,Vacuum Cleaner,This was a complete waste of time. The stitching came apart almost immediately.,1,2025-11-29,False,1,complete waste time stitching came apart almost immediately,-0.4215,0.0,0.811,0.189,Negative,Anticipation
REV01340,Beauty & Personal Care,Electric Trimmer,"One of the worst products I've bought online. It arrived late and the box was damaged. On the plus side, it did arrive quickly.",2,2024-06-02,False,2,one worst product ive bought online arrived late box damaged plus side arrive quickly,-0.7906,0.0,0.759,0.241,Negative,Sadness
REV00750,Fashion,Cotton T-Shirt,Absolutely loved this product! Customer service was quick to respond when I had a question. 😊 even though customer service was slow to respond.,4,2025-05-18,True,5,absolutely loved product customer service quick respond question even though customer service slow respond,0.8881,0.295,0.705,0.0,Positive,None Detected
REV00789,Beauty & Personal Care,Electric Trimmer,"i regret buying this. the size was completely different from what was described. 👎 on the plus side, it did arrive quickly.",1,2024-09-19,True,3,regret buying size completely different described plus side arrive quickly,-0.4215,0.0,0.887,0.113,Negative,Sadness
REV01123,Home & Kitchen,Bedsheet Set,Couldn't be happier with this purchase. The packaging was neat and nothing was damaged. ✨ but the delivery experience could definitely be better.,5,2025-08-01,False,2,couldnt happier purchase packaging neat nothing damaged delivery experience could definitely better,0.8287,0.353,0.54,0.107,Positive,Anticipation
REV00227,Fashion,Backpack,This is exactly what I needed. Setup was simple and took less than five minutes. but the delivery experience could definitely be better.,4,2024-01-13,False,7,exactly needed setup simple took less five minute delivery experience could definitely better,0.8126,0.261,0.739,0.0,Positive,Anticipation
REV00451,Beauty & Personal Care,Hair Dryer,MIDDLE OF THE ROAD EXPERIENCE. IT'S A BIT BULKIER THAN I EXPECTED.,3,2025-03-21,True,0,middle road experience bit bulkier expected,0.0,0.0,1.0,0.0,Neutral,None Detected
REV00877,Electronics,Laptop Stand,Really disappointed with this purchase. It stopped working after just one week. 💔,1,2024-09-12,False,0,really disappointed purchase stopped working one week,-0.4927,0.186,0.443,0.371,Negative,Anger
REV00382,Fashion,Running Shoes,"Not bad, but not great either. There are better alternatives but this works fine too. 🙂",3,2024-01-13,True,4,not bad not great either better alternative work fine,0.7265,0.398,0.449,0.153,Positive,Anger
REV01632,Beauty & Personal Care,Electric Trimmer,Best purchase I've made this year. Setup was simple and took less than five minutes. 😊,4,2025-05-04,True,0,best purchase ive made year setup simple took less five minute,0.8807,0.375,0.625,0.0,Positive,None Detected
REV00816,Electronics,Laptop Stand,Absolutely loved this product! It's comfortable and fits perfectly. ✨,5,2024-03-26,True,1,absolutely loved product comfortable fit perfectly,0.9358,0.704,0.296,0.0,Positive,None Detected
REV01504,Sports & Outdoors,Camping Tent,"Five stars, no doubt. It's comfortable and fits perfectly. ✨ although it took longer to arrive than promised.",5,2025-12-08,True,0,five star doubt comfortable fit perfectly although took longer arrive promised,0.9247,0.526,0.474,0.0,Positive,Anticipation
REV01056,Electronics,Wireless Earbuds,Very frustrating experience overall. The instructions were confusing and unclear. 😢,2,2024-10-27,True,0,frustrating experience overall instruction confusing unclear,-0.8479,0.0,0.44,0.56,Negative,Trust
REV00649,Fashion,Cotton T-Shirt,I regret buying this. There was a strange smell straight out of the box.,2,2024-05-20,True,0,regret buying strange smell straight box,-0.4019,0.109,0.629,0.263,Negative,Sadness
REV01302,Electronics,Laptop Stand,I'm so impressed with the quality. Battery life lasts way longer than advertised. 🔥,5,2024-03-15,True,1,impressed quality battery life last way longer advertised,0.2484,0.191,0.674,0.135,Positive,None Detected
REV00652,Sports & Outdoors,Dumbbell Set,This broke within a few days of use. The size was completely different from what was described. 👎,1,2024-08-02,True,2,broke within day use size completely different described,-0.4215,0.0,0.865,0.135,Negative,Fear
REV01490,Home & Kitchen,Bedsheet Set,Couldn't be happier with this purchase. It looks even better than the pictures online. ❤️,5,2024-02-16,True,10,couldnt happier purchase look even better picture online,0.032,0.147,0.712,0.141,Neutral,None Detected
REV01792,Sports & Outdoors,Dumbbell Set,Best purchase I've made this year. Setup was simple and took less than five minutes.,4,2024-03-20,True,5,best purchase ive made year setup simple took less five minute,0.6369,0.231,0.769,0.0,Positive,None Detected
REV00949,Home & Kitchen,Electric Kettle,Fantastic value for the price. Setup was simple and took less than five minutes. 😊,4,2024-06-23,True,0,fantastic value price setup simple took less five minute,0.9001,0.444,0.556,0.0,Positive,None Detected
REV00443,Electronics,Bluetooth Speaker,Fantastic value for the price. The build quality feels premium and sturdy. 😊,5,2024-11-24,True,0,fantastic value price build quality feel premium sturdy,0.9001,0.48,0.52,0.0,Positive,None Detected
REV00583,Sports & Outdoors,Yoga Mat,"This was a complete waste of time. It doesn't match the pictures shown online at all. 💔 On the plus side, it did arrive quickly.",2,2024-09-11,True,5,complete waste time doesnt match picture shown online plus side arrive quickly,-0.1779,0.127,0.695,0.178,Negative,Anticipation
REV01689,Home & Kitchen,Blender,"Couldn't be happier with this purchase. Delivery was super fast, arrived a day early. 👍",5,2025-07-02,False,0,couldnt happier purchase delivery super fast arrived day early,0.2787,0.189,0.677,0.134,Positive,None Detected
REV01011,Home & Kitchen,Blender,Works like a charm. Setup was simple and took less than five minutes. although the price is a bit high for what you get.,5,2025-04-01,True,2,work like charm setup simple took less five minute although price bit high get,0.6369,0.191,0.809,0.0,Positive,None Detected
REV00874,Sports & Outdoors,Cycling Helmet,I regret buying this. The size was completely different from what was described. 😡,1,2024-08-21,True,0,regret buying size completely different described,-0.4215,0.0,0.833,0.167,Negative,Sadness
REV00714,Fashion,Leather Wallet,One of the worst products I've bought online. The size was completely different from what was described. 👎,1,2025-02-04,True,9,one worst product ive bought online size completely different described,-0.6249,0.0,0.814,0.186,Negative,None Detected
REV00372,Home & Kitchen,Bedsheet Set,Couldn't be happier with this purchase. It's comfortable and fits perfectly. 🔥,5,2024-03-22,True,2,couldnt happier purchase comfortable fit perfectly,0.5145,0.363,0.387,0.25,Positive,None Detected
REV00398,Beauty & Personal Care,Moisturizer Cream,One of the worst products I've bought online. The material feels cheap and flimsy. 😡,1,2024-08-15,True,6,one worst product ive bought online material feel cheap flimsy,-0.6249,0.0,0.785,0.215,Negative,None Detected
REV01506,Fashion,Sunglasses,Couldn't be happier with this purchase. My family loves it just as much as I do. 👍,4,2025-06-10,True,1,couldnt happier purchase family love much,0.2321,0.165,0.712,0.124,Positive,Joy
REV01189,Sports & Outdoors,Cycling Helmet,Reasonable purchase overall. Good enough for occasional use. 🙂,3,2025-02-17,True,4,reasonable purchase overall good enough occasional use,0.6534,0.373,0.627,0.0,Positive,Surprise
REV00189,Fashion,Sunglasses,Best purchase I've made this year. The packaging was neat and nothing was damaged. 😊,5,2025-01-28,True,0,best purchase ive made year packaging neat nothing damaged,0.8786,0.433,0.481,0.085,Positive,None Detected
REV00922,Fashion,Sunglasses,highly recommend this to everyone. battery life lasts way longer than advertised. 🔥,4,2025-03-15,True,2,highly recommend everyone battery life last way longer advertised,0.101,0.172,0.679,0.148,Positive,Trust
REV01657,Books & Media,Cookbook,I'm so impressed with the quality. Customer service was quick to respond when I had a question.,5,2024-09-11,False,0,impressed quality customer service quick respond question,0.5256,0.175,0.825,0.0,Positive,None Detected
REV01686,Fashion,Backpack,"It's an okay product, nothing special. Good enough for occasional use. 🤷",3,2025-09-23,True,2,okay product nothing special good enough occasional use,-0.4145,0.115,0.604,0.282,Negative,Joy
REV01200,Beauty & Personal Care,Hair Dryer,Absolutely loved this product! It looks even better than the pictures online. 😊,5,2025-01-17,True,3,absolutely loved product look even better picture online,0.9244,0.507,0.493,0.0,Positive,None Detected
REV00123,Beauty & Personal Care,Sunscreen Lotion,THIS BROKE WITHIN A FEW DAYS OF USE. THE MATERIAL FEELS CHEAP AND FLIMSY.,1,2025-11-15,True,7,broke within day use material feel cheap flimsy,-0.4215,0.0,0.823,0.177,Negative,None Detected
REV00010,Sports & Outdoors,Yoga Mat,Exceeded my expectations. It's comfortable and fits perfectly. ❤️,4,2024-09-26,False,1,exceeded expectation comfortable fit perfectly,0.8176,0.484,0.516,0.0,Positive,Anticipation
REV01561,Beauty & Personal Care,Hair Dryer,"It's an okay product, nothing special. Good enough for occasional use.",3,2024-03-21,True,0,okay product nothing special good enough occasional use,-0.4145,0.13,0.549,0.32,Negative,Joy
REV00165,Beauty & Personal Care,Sunscreen Lotion,I'm so impressed with the quality. It looks even better than the pictures online.,4,2025-07-31,True,0,impressed quality look even better picture online,0.7425,0.344,0.656,0.0,Positive,None Detected
REV00805,Beauty & Personal Care,Hair Dryer,"It's fine, meets basic expectations. I might consider other brands next time.",3,2025-04-20,True,2,fine meet basic expectation might consider brand next time,0.2023,0.141,0.859,0.0,Positive,Anticipation
REV01126,Fashion,Leather Wallet,Very frustrating experience overall. It doesn't match the pictures shown online at all. 😡,2,2025-04-18,True,7,frustrating experience overall doesnt match picture shown online,-0.4927,0.0,0.814,0.186,Negative,None Detected
REV00232,Electronics,Wireless Earbuds,Best purchase I've made this year. The build quality feels premium and sturdy. 👍,5,2024-10-02,True,2,best purchase ive made year build quality feel premium sturdy,0.6369,0.231,0.769,0.0,Positive,None Detected
REV01376,Fashion,Denim Jacket,Works like a charm. The packaging was neat and nothing was damaged. 😊,4,2024-11-05,True,3,work like charm packaging neat nothing damaged,0.8786,0.502,0.406,0.092,Positive,None Detected
REV00374,Books & Media,Biography,Highly recommend this to everyone. It looks even better than the pictures online. 👍,4,2024-12-31,False,2,highly recommend everyone look even better picture online,0.6901,0.305,0.695,0.0,Positive,Trust
REV00572,Sports & Outdoors,Cycling Helmet,"Five stars, no doubt. My family loves it just as much as I do. 👍 although it took longer to arrive than promised.",5,2024-10-14,True,2,five star doubt family love much although took longer arrive promised,0.8079,0.284,0.716,0.0,Positive,Anticipation
REV01645,Sports & Outdoors,Yoga Mat,"Five stars, no doubt. The packaging was neat and nothing was damaged.",5,2025-01-22,False,0,five star doubt packaging neat nothing damaged,0.7591,0.455,0.545,0.0,Positive,Trust
REV00727,Home & Kitchen,Bedsheet Set,This is exactly what I needed. Customer service was quick to respond when I had a question. ✨,5,2025-07-31,True,2,exactly needed customer service quick respond question,0.3182,0.119,0.881,0.0,Positive,None Detected
REV00272,Books & Media,Self-Help Book,"It's fine, meets basic expectations. The design is simple but functional. 🤷",3,2025-10-23,True,3,fine meet basic expectation design simple functional,0.1027,0.104,0.896,0.0,Positive,Anticipation
REV01542,Beauty & Personal Care,Face Serum,"It's exactly what was advertised, nothing more. The design is simple but functional. 🙂",3,2025-10-22,False,2,exactly advertised nothing design simple functional,0.5515,0.192,0.808,0.0,Positive,None Detected
REV00240,Sports & Outdoors,Cycling Helmet,"Five stars, no doubt. My family loves it just as much as I do. although the price is a bit high for what you get.",5,2025-11-09,False,2,five star doubt family love much although price bit high get,0.7013,0.202,0.798,0.0,Positive,Joy
REV01208,Fashion,Leather Wallet,Couldn't be happier with this purchase. It looks even better than the pictures online. 🔥,4,2024-03-08,True,9,couldnt happier purchase look even better picture online,-0.3129,0.144,0.598,0.258,Negative,None Detected
REV00077,Fashion,Leather Wallet,very frustrating experience overall. customer support never replied to my emails. 👎,2,2024-06-10,True,2,frustrating experience overall customer support never replied email,-0.1263,0.16,0.651,0.189,Negative,None Detected
REV00224,Fashion,Backpack,"Best purchase I've made this year. Delivery was super fast, arrived a day early. ✨",5,2025-02-25,True,4,best purchase ive made year delivery super fast arrived day early,0.886,0.464,0.536,0.0,Positive,None Detected
REV00663,Electronics,Smartwatch,Best purchase I've made this year. Battery life lasts way longer than advertised. ✨,5,2025-02-04,True,1,best purchase ive made year battery life last way longer advertised,0.7579,0.351,0.649,0.0,Positive,None Detected
REV00643,Books & Media,Kids Story Set,Fantastic value for the price. Customer service was quick to respond when I had a question. 👍 although the price is a bit high for what you get.,4,2025-08-20,False,2,fantastic value price customer service quick respond question although price bit high get,0.7184,0.182,0.818,0.0,Positive,None Detected
REV00982,Fashion,Sunglasses,"Fantastic value for the price. Delivery was super fast, arrived a day early. ❤️ although it took longer to arrive than promised.",5,2024-06-14,True,1,fantastic value price delivery super fast arrived day early although took longer arrive promised,0.9081,0.395,0.605,0.0,Positive,Anticipation
REV01493,Electronics,Power Bank,Couldn't be happier with this purchase. The packaging was neat and nothing was damaged. ✨ although it took longer to arrive than promised.,4,2025-05-05,True,10,couldnt happier purchase packaging neat nothing damaged although took longer arrive promised,0.4885,0.258,0.587,0.155,Positive,Anticipation
REV00461,Home & Kitchen,Air Fryer,Couldn't be happier with this purchase. My family loves it just as much as I do. although it took longer to arrive than promised.,5,2025-09-16,True,2,couldnt happier purchase family love much although took longer arrive promised,0.5305,0.207,0.701,0.093,Positive,Joy
REV00312,Fashion,Sunglasses,Works like a charm. Battery life lasts way longer than advertised. even though customer service was slow to respond.,4,2025-06-30,True,1,work like charm battery life last way longer advertised even though customer service slow respond,0.6369,0.234,0.766,0.0,Positive,None Detected
REV01043,Beauty & Personal Care,Hair Dryer,Highly recommend this to everyone. Battery life lasts way longer than advertised. 😊,4,2025-03-24,True,2,highly recommend everyone battery life last way longer advertised,0.8313,0.386,0.614,0.0,Positive,Trust
REV01216,Electronics,Wireless Earbuds,Exceeded my expectations. The build quality feels premium and sturdy. 👍,4,2024-02-22,True,5,exceeded expectation build quality feel premium sturdy,0.0,0.0,1.0,0.0,Neutral,Anticipation
REV00414,Beauty & Personal Care,Hair Dryer,Couldn't be happier with this purchase. Customer service was quick to respond when I had a question. 🔥,4,2025-07-08,True,1,couldnt happier purchase customer service quick respond question,-0.6341,0.0,0.756,0.244,Negative,None Detected
REV01030,Books & Media,Kids Story Set,I'm so impressed with the quality. Customer service was quick to respond when I had a question. 👍,5,2024-10-16,False,2,impressed quality customer service quick respond question,0.5256,0.159,0.841,0.0,Positive,None Detected
REV01179,Sports & Outdoors,Water Bottle,"Best purchase I've made this year. Delivery was super fast, arrived a day early.",5,2025-10-25,False,0,best purchase ive made year delivery super fast arrived day early,0.8442,0.403,0.597,0.0,Positive,None Detected
REV00281,Electronics,USB-C Hub,Fantastic value for the price. Setup was simple and took less than five minutes. ❤️,5,2024-12-17,True,0,fantastic value price setup simple took less five minute,0.7184,0.3,0.7,0.0,Positive,None Detected
REV00500,Electronics,Power Bank,Fantastic value for the price. Customer service was quick to respond when I had a question.,5,2024-03-13,True,1,fantastic value price customer service quick respond question,0.7184,0.3,0.7,0.0,Positive,None Detected
REV00329,Books & Media,Kids Story Set,Average quality for the price. The design is simple but functional. 🙂,3,2024-02-25,False,1,average quality price design simple functional,0.5515,0.215,0.785,0.0,Positive,None Detected
REV00573,Beauty & Personal Care,Electric Trimmer,"Not bad, but not great either. Good enough for occasional use. 🤷",3,2024-06-03,True,6,not bad not great either good enough occasional use,-0.7667,0.099,0.513,0.388,Negative,Anger
REV00933,Home & Kitchen,Bedsheet Set,Absolutely loved this product! It looks even better than the pictures online. ❤️,5,2024-09-17,True,8,absolutely loved product look even better picture online,0.8118,0.381,0.619,0.0,Positive,None Detected
REV00610,Fashion,Backpack,This is exactly what I needed. The packaging was neat and nothing was damaged. 😊 but I wish it came in more color options.,5,2025-08-25,True,0,exactly needed packaging neat nothing damaged wish came color option,0.7589,0.272,0.677,0.051,Positive,None Detected
REV00742,Fashion,Sunglasses,"Highly recommend this to everyone. Delivery was super fast, arrived a day early. 🔥",4,2025-12-27,True,0,highly recommend everyone delivery super fast arrived day early,0.6478,0.333,0.547,0.119,Positive,Trust
REV01186,Home & Kitchen,Vacuum Cleaner,"Exceeded my expectations. Delivery was super fast, arrived a day early. 👍",5,2024-04-19,True,5,exceeded expectation delivery super fast arrived day early,0.5994,0.245,0.755,0.0,Positive,Anticipation
REV00340,Beauty & Personal Care,Hair Dryer,Works like a charm. The packaging was neat and nothing was damaged. ❤️,5,2025-03-26,True,6,work like charm packaging neat nothing damaged,0.8627,0.515,0.485,0.0,Positive,None Detected
REV01207,Books & Media,Biography,Highly recommend this to everyone. Customer service was quick to respond when I had a question. 👍,4,2024-01-13,False,0,highly recommend everyone customer service quick respond question,0.4201,0.141,0.859,0.0,Positive,Trust
REV00494,Sports & Outdoors,Cycling Helmet,Best purchase I've made this year. The packaging was neat and nothing was damaged. ❤️ but the delivery experience could definitely be better.,5,2024-03-02,True,1,best purchase ive made year packaging neat nothing damaged delivery experience could definitely better,0.9136,0.419,0.581,0.0,Positive,Anticipation
REV00782,Home & Kitchen,Air Fryer,"Exceeded my expectations. Delivery was super fast, arrived a day early. ❤️",5,2024-01-12,True,0,exceeded expectation delivery super fast arrived day early,0.5994,0.245,0.755,0.0,Positive,Anticipation
REV01121,Sports & Outdoors,Camping Tent,I'm so impressed with the quality. It looks even better than the pictures online. 🔥,5,2024-12-27,False,0,impressed quality look even better picture online,0.5984,0.304,0.58,0.116,Positive,None Detected
REV00928,Beauty & Personal Care,Lip Balm Set,Exceeded my expectations. The packaging was neat and nothing was damaged. 👍,5,2024-02-09,False,0,exceeded expectation packaging neat nothing damaged,0.6604,0.33,0.67,0.0,Positive,Anticipation
REV00056,Fashion,Cotton T-Shirt,"It's an okay product, nothing special. Some features could be improved in future versions.",3,2024-01-13,True,0,okay product nothing special feature could improved future version,0.4102,0.274,0.602,0.124,Positive,Joy
REV00351,Home & Kitchen,Blender,Works like a charm. My family loves it just as much as I do. ❤️,4,2024-05-01,True,0,work like charm family love much,0.836,0.406,0.594,0.0,Positive,Joy
REV00941,Books & Media,Cookbook,fantastic value for the price. the packaging was neat and nothing was damaged. 😊,5,2025-04-27,False,6,fantastic value price packaging neat nothing damaged,0.8985,0.499,0.415,0.086,Positive,None Detected
REV00772,Books & Media,Biography,"Exceeded my expectations. Delivery was super fast, arrived a day early. ✨",4,2024-12-27,True,0,exceeded expectation delivery super fast arrived day early,0.7351,0.383,0.617,0.0,Positive,Anticipation
REV00040,Sports & Outdoors,Cycling Helmet,I'm so impressed with the quality. Setup was simple and took less than five minutes. 🔥 even though customer service was slow to respond.,4,2025-01-27,True,0,impressed quality setup simple took less five minute even though customer service slow respond,0.2484,0.122,0.792,0.086,Positive,None Detected
REV00523,Home & Kitchen,Non-Stick Pan Set,Couldn't be happier with this purchase. The build quality feels premium and sturdy. 👍,5,2024-12-30,True,2,couldnt happier purchase build quality feel premium sturdy,-0.4168,0.0,0.835,0.165,Negative,None Detected
REV01289,Beauty & Personal Care,Moisturizer Cream,Highly recommend this to everyone. The packaging was neat and nothing was damaged. ❤️,5,2024-08-19,True,2,highly recommend everyone packaging neat nothing damaged,0.8019,0.406,0.594,0.0,Positive,Trust
REV01678,Home & Kitchen,Non-Stick Pan Set,"Average quality for the price. Packaging was standard, nothing memorable. 🙂",3,2024-04-20,True,0,average quality price packaging standard nothing memorable,-0.3101,0.0,0.841,0.159,Negative,Joy
REV00305,Home & Kitchen,Blender,couldn't be happier with this purchase. the color and finish look great in person. 🔥,4,2025-10-10,False,3,couldnt happier purchase color finish look great person,-0.0196,0.193,0.564,0.243,Neutral,None Detected
REV00216,Books & Media,Cookbook,This was a complete waste of time. The stitching came apart almost immediately. 😢,2,2025-02-25,False,4,complete waste time stitching came apart almost immediately,-0.683,0.0,0.698,0.302,Negative,Anticipation
REV01396,Fashion,Leather Wallet,"Best purchase I've made this year. Delivery was super fast, arrived a day early.",5,2025-03-12,True,11,best purchase ive made year delivery super fast arrived day early,0.8442,0.403,0.597,0.0,Positive,None Detected
REV00539,Electronics,Smartwatch,This is exactly what I needed. The color and finish look great in person.,4,2025-05-19,True,3,exactly needed color finish look great person,0.6249,0.24,0.76,0.0,Positive,None Detected
REV01603,Fashion,Sunglasses,Works like a charm. My family loves it just as much as I do. 🔥,5,2025-10-15,True,5,work like charm family love much,0.7579,0.399,0.493,0.108,Positive,Joy
REV01262,Fashion,Sunglasses,A decent option if you're on a budget. I might consider other brands next time. 🙂,3,2024-08-24,True,1,decent option youre budget might consider brand next time,0.4033,0.137,0.863,0.0,Positive,Trust
REV01401,Books & Media,Comic Collection,Highly recommend this to everyone. The color and finish look great in person. 😊,5,2025-09-15,True,7,highly recommend everyone color finish look great person,0.9168,0.479,0.521,0.0,Positive,Trust
REV01113,Sports & Outdoors,Yoga Mat,Not worth the money at all. Customer support never replied to my emails. 👎,1,2024-07-11,True,1,not worth money customer support never replied email,0.2579,0.155,0.749,0.096,Positive,Anger
REV01659,Sports & Outdoors,Camping Tent,"Works like a charm. Delivery was super fast, arrived a day early. ✨",4,2025-02-14,True,0,work like charm delivery super fast arrived day early,0.886,0.559,0.441,0.0,Positive,None Detected
REV00269,Beauty & Personal Care,Face Serum,This is exactly what I needed. Customer service was quick to respond when I had a question. 👍,5,2024-10-19,False,0,exactly needed customer service quick respond question,0.0,0.0,1.0,0.0,Neutral,None Detected
REV01063,Beauty & Personal Care,Lip Balm Set,"Best purchase I've made this year. Delivery was super fast, arrived a day early.",5,2025-09-04,True,3,best purchase ive made year delivery super fast arrived day early,0.8442,0.403,0.597,0.0,Positive,None Detected
REV00153,Home & Kitchen,Bedsheet Set,Highly recommend this to everyone. The color and finish look great in person. 🔥,5,2024-10-22,True,11,highly recommend everyone color finish look great person,0.6697,0.34,0.542,0.118,Positive,Trust
REV00080,Home & Kitchen,Non-Stick Pan Set,"It's fine, meets basic expectations. Good enough for occasional use. 🤷",3,2025-10-04,True,3,fine meet basic expectation good enough occasional use,0.5719,0.32,0.68,0.0,Positive,Anticipation
REV01454,Electronics,Wireless Earbuds,Exceeded my expectations. It's comfortable and fits perfectly. 🔥,5,2025-07-25,False,0,exceeded expectation comfortable fit perfectly,0.7269,0.472,0.377,0.151,Positive,Anticipation
REV01266,Fashion,Leather Wallet,"five stars, no doubt. delivery was super fast, arrived a day early. 😊",5,2025-07-23,True,5,five star doubt delivery super fast arrived day early,0.9003,0.48,0.52,0.0,Positive,Anticipation
REV01619,Sports & Outdoors,Water Bottle,Average quality for the price. It's comparable to other products in this price range. 🤷,3,2024-11-01,False,9,average quality price comparable product price range,0.0,0.0,1.0,0.0,Neutral,None Detected
REV00845,Books & Media,Cookbook,"five stars, no doubt. the packaging was neat and nothing was damaged. ✨",4,2025-03-19,True,4,five star doubt packaging neat nothing damaged,0.6761,0.407,0.487,0.106,Positive,Trust
REV00390,Books & Media,Fiction Novel,Absolutely loved this product! The color and finish look great in person. ❤️,5,2025-06-20,True,3,absolutely loved product color finish look great person,0.862,0.417,0.583,0.0,Positive,None Detected
REV00346,Fashion,Sunglasses,Exceeded my expectations. Customer service was quick to respond when I had a question. 🔥,4,2025-11-06,True,1,exceeded expectation customer service quick respond question,-0.34,0.0,0.854,0.146,Negative,Anticipation
REV00175,Home & Kitchen,Bedsheet Set,This is exactly what I needed. It's comfortable and fits perfectly. ❤️,4,2024-08-18,True,2,exactly needed comfortable fit perfectly,0.8176,0.405,0.595,0.0,Positive,None Detected
REV01731,Fashion,Denim Jacket,"It works as described, no complaints, no excitement. The design is simple but functional. 🙂",3,2025-11-15,True,0,work described complaint excitement design simple functional,0.5886,0.309,0.606,0.085,Positive,Anger
REV00025,Sports & Outdoors,Camping Tent,Exceeded my expectations. Customer service was quick to respond when I had a question. ❤️ although the price is a bit high for what you get.,4,2025-12-04,True,0,exceeded expectation customer service quick respond question although price bit high get,0.0,0.0,1.0,0.0,Neutral,Anticipation
REV01580,Fashion,Cotton T-Shirt,This is exactly what I needed. My family loves it just as much as I do. 🔥 although the price is a bit high for what you get.,5,2025-03-13,True,1,exactly needed family love much although price bit high get,0.3182,0.115,0.81,0.075,Positive,Joy
REV00695,Sports & Outdoors,Water Bottle,This is exactly what I needed. The color and finish look great in person. ❤️,5,2024-12-18,False,1,exactly needed color finish look great person,0.6249,0.215,0.785,0.0,Positive,None Detected
REV00120,Fashion,Leather Wallet,"FIVE STARS, NO DOUBT. THE BUILD QUALITY FEELS PREMIUM AND STURDY. 🔥 ALTHOUGH IT TOOK LONGER TO ARRIVE THAN PROMISED.",5,2025-10-27,True,0,five star doubt build quality feel premium sturdy although took longer arrive promised,0.4484,0.232,0.61,0.158,Positive,None Detected
REV01083,Books & Media,Cookbook,This is exactly what I needed. Setup was simple and took less than five minutes. ✨,4,2024-07-25,False,11,exactly needed setup simple took less five minute,0.3182,0.133,0.867,0.0,Positive,None Detected
REV00263,Beauty & Personal Care,Hair Dryer,Exceeded my expectations. The build quality feels premium and sturdy. 👍,5,2025-05-15,False,1,exceeded expectation build quality feel premium sturdy,0.0,0.0,1.0,0.0,Neutral,Anticipation
REV00571,Electronics,Wireless Earbuds,Highly recommend this to everyone. It's comfortable and fits perfectly. ✨,5,2024-07-02,True,1,highly recommend everyone comfortable fit perfectly,0.9117,0.643,0.357,0.0,Positive,Trust
REV01693,Books & Media,Comic Collection,I regret buying this. It stopped working after just one week. 😢,1,2025-05-31,True,6,regret buying stopped working one week,-0.7783,0.0,0.562,0.438,Negative,Sadness
REV01193,Fashion,Running Shoes,"Best purchase I've made this year. Delivery was super fast, arrived a day early. ✨",4,2025-03-22,True,2,best purchase ive made year delivery super fast arrived day early,0.886,0.464,0.536,0.0,Positive,None Detected
REV00082,Home & Kitchen,Blender,Works like a charm. Setup was simple and took less than five minutes. 👍,5,2024-04-27,True,2,work like charm setup simple took less five minute,0.6369,0.286,0.714,0.0,Positive,None Detected
REV01535,Books & Media,Self-Help Book,A decent option if you're on a budget. The design is simple but functional. 🤷,3,2025-11-05,False,3,decent option youre budget design simple functional,0.0,0.0,1.0,0.0,Neutral,Trust
REV00739,Home & Kitchen,Electric Kettle,I'm so impressed with the quality. The build quality feels premium and sturdy.,5,2024-02-06,False,4,impressed quality build quality feel premium sturdy,0.5256,0.22,0.78,0.0,Positive,None Detected
REV01649,Books & Media,Kids Story Set,Works like a charm. Setup was simple and took less than five minutes. ✨,5,2025-07-28,False,0,work like charm setup simple took less five minute,0.7579,0.405,0.595,0.0,Positive,None Detected
REV01780,Books & Media,Cookbook,Not worth the money at all. The stitching came apart almost immediately. 💔,1,2024-12-27,True,1,not worth money stitching came apart almost immediately,0.1151,0.203,0.566,0.231,Positive,Anticipation
REV00114,Books & Media,Cookbook,Best purchase I've made this year. It's comfortable and fits perfectly. 😊,5,2025-05-12,True,1,best purchase ive made year comfortable fit perfectly,0.9565,0.617,0.383,0.0,Positive,None Detected
REV00265,Books & Media,Comic Collection,Not worth the money at all. It arrived late and the box was damaged. 😢,1,2025-06-19,True,6,not worth money arrived late box damaged,-0.7695,0.0,0.629,0.371,Negative,Anger
REV00436,Home & Kitchen,Air Fryer,Exceeded my expectations. Battery life lasts way longer than advertised. ❤️,4,2025-11-19,True,0,exceeded expectation battery life last way longer advertised,0.0,0.0,1.0,0.0,Neutral,Anticipation
REV00084,Books & Media,Cookbook,Exceeded my expectations. It looks even better than the pictures online. 🔥 although it took longer to arrive than promised.,4,2025-12-18,True,0,exceeded expectation look even better picture online although took longer arrive promised,0.4588,0.218,0.685,0.097,Positive,Anticipation
REV00093,Sports & Outdoors,Water Bottle,A decent option if you're on a budget. There are better alternatives but this works fine too.,3,2025-11-01,True,3,decent option youre budget better alternative work fine,0.4854,0.217,0.783,0.0,Positive,Trust
REV00302,Beauty & Personal Care,Electric Trimmer,"It's fine, meets basic expectations. It's comparable to other products in this price range. 🤷",3,2025-03-30,False,0,fine meet basic expectation comparable product price range,0.2023,0.107,0.893,0.0,Positive,Anticipation
REV00020,Beauty & Personal Care,Hair Dryer,I'm so impressed with the quality. Setup was simple and took less than five minutes. 👍,5,2025-05-29,False,1,impressed quality setup simple took less five minute,0.5256,0.175,0.825,0.0,Positive,None Detected
REV00186,Beauty & Personal Care,Moisturizer Cream,Very frustrating experience overall. It stopped working after just one week. 👎,2,2025-02-19,True,0,frustrating experience overall stopped working one week,-0.624,0.0,0.684,0.316,Negative,None Detected
REV00228,Home & Kitchen,Non-Stick Pan Set,One of the worst products I've bought online. The stitching came apart almost immediately. 💔,2,2024-03-10,True,2,one worst product ive bought online stitching came apart almost immediately,-0.4562,0.165,0.545,0.29,Negative,Anticipation
REV01234,Beauty & Personal Care,Hair Dryer,This is exactly what I needed. It looks even better than the pictures online.,4,2024-03-11,True,0,exactly needed look even better picture online,0.4404,0.182,0.818,0.0,Positive,None Detected
REV00334,Books & Media,Comic Collection,Does the job but nothing extraordinary. Shipping took the standard amount of time. 🙂,3,2024-08-05,False,0,job nothing extraordinary shipping took standard amount time,0.5515,0.192,0.808,0.0,Positive,Anticipation
REV01256,Beauty & Personal Care,Sunscreen Lotion,Not worth the money at all. The stitching came apart almost immediately. 💔,1,2025-02-03,True,6,not worth money stitching came apart almost immediately,0.1151,0.203,0.566,0.231,Positive,Anticipation
REV00509,Home & Kitchen,Blender,"Average quality for the price. Packaging was standard, nothing memorable. 🙂",3,2024-05-31,True,2,average quality price packaging standard nothing memorable,-0.3101,0.0,0.841,0.159,Negative,Joy
REV01453,Fashion,Sunglasses,Works like a charm. The build quality feels premium and sturdy.,4,2024-08-23,True,0,work like charm build quality feel premium sturdy,0.6369,0.366,0.634,0.0,Positive,None Detected
REV00315,Sports & Outdoors,Resistance Bands,This was a complete waste of time. The material feels cheap and flimsy. 💔,1,2024-09-14,True,0,complete waste time material feel cheap flimsy,-0.1779,0.19,0.543,0.267,Negative,Disgust
REV01687,Books & Media,Fiction Novel,"It works as described, no complaints, no excitement. It's comparable to other products in this price range. 🤷",3,2024-11-03,True,3,work described complaint excitement comparable product price range,0.1326,0.182,0.703,0.115,Positive,Anger
REV00552,Fashion,Backpack,Highly recommend this to everyone. The packaging was neat and nothing was damaged. 🔥,5,2025-10-23,True,7,highly recommend everyone packaging neat nothing damaged,0.8495,0.506,0.494,0.0,Positive,Trust
REV00672,Fashion,Sunglasses,Absolutely loved this product! My family loves it just as much as I do. 😊 but I wish it came in more color options.,5,2024-04-27,True,3,absolutely loved product family love much wish came color option,0.8954,0.357,0.643,0.0,Positive,Joy
REV01263,Electronics,Smartwatch,Fantastic value for the price. The packaging was neat and nothing was damaged. ✨,5,2024-02-07,True,0,fantastic value price packaging neat nothing damaged,0.8571,0.51,0.402,0.088,Positive,None Detected
REV01162,Fashion,Sunglasses,Absolutely loved this product! It's comfortable and fits perfectly. 🔥 but the delivery experience could definitely be better.,4,2024-02-19,True,1,absolutely loved product comfortable fit perfectly delivery experience could definitely better,0.9237,0.523,0.418,0.059,Positive,Anticipation
REV01050,Beauty & Personal Care,Moisturizer Cream,Couldn't be happier with this purchase. It's comfortable and fits perfectly. 😊,5,2025-08-03,True,1,couldnt happier purchase comfortable fit perfectly,0.8939,0.495,0.403,0.102,Positive,None Detected
REV01205,Sports & Outdoors,Dumbbell Set,Works like a charm. Battery life lasts way longer than advertised. 😊,5,2025-06-13,True,1,work like charm battery life last way longer advertised,0.8807,0.483,0.517,0.0,Positive,None Detected
REV00308,Sports & Outdoors,Water Bottle,Best purchase I've made this year. My family loves it just as much as I do. 😊,5,2024-06-30,True,7,best purchase ive made year family love much,0.9313,0.45,0.55,0.0,Positive,Joy
REV00923,Beauty & Personal Care,Sunscreen Lotion,HIGHLY RECOMMEND THIS TO EVERYONE. MY FAMILY LOVES IT JUST AS MUCH AS I DO. ❤️,5,2025-07-13,True,0,highly recommend everyone family love much,0.8655,0.367,0.633,0.0,Positive,None Detected
REV01183,Electronics,Bluetooth Speaker,Exceeded my expectations. It's comfortable and fits perfectly. ✨,4,2025-08-03,True,0,exceeded expectation comfortable fit perfectly,0.8689,0.62,0.38,0.0,Positive,Anticipation
REV01548,Books & Media,Cookbook,"It's fine, meets basic expectations. It does what it says, just don't expect much extra. 🤷",3,2024-08-13,True,3,fine meet basic expectation say dont expect much extra,0.2023,0.101,0.899,0.0,Positive,Anticipation
REV01496,Electronics,Power Bank,"It's exactly what was advertised, nothing more. Packaging was standard, nothing memorable. 🙂",3,2024-08-12,True,4,exactly advertised nothing packaging standard nothing memorable,-0.3101,0.0,0.861,0.139,Negative,Joy
REV00018,Sports & Outdoors,Yoga Mat,Absolutely loved this product! It's comfortable and fits perfectly. 😊,5,2025-02-14,False,4,absolutely loved product comfortable fit perfectly,0.9583,0.666,0.334,0.0,Positive,None Detected
REV00068,Home & Kitchen,Blender,Absolutely loved this product! It's comfortable and fits perfectly. 🔥 although the price is a bit high for what you get.,5,2025-06-05,True,1,absolutely loved product comfortable fit perfectly although price bit high get,0.8906,0.382,0.542,0.076,Positive,None Detected
REV01642,Fashion,Leather Wallet,"Exceeded my expectations. Delivery was super fast, arrived a day early.",5,2025-06-09,True,6,exceeded expectation delivery super fast arrived day early,0.5994,0.281,0.719,0.0,Positive,Anticipation
REV01586,Home & Kitchen,Blender,Exceeded my expectations. Customer service was quick to respond when I had a question. 👍,5,2025-06-03,True,0,exceeded expectation customer service quick respond question,0.0,0.0,1.0,0.0,Neutral,Anticipation
REV00722,Sports & Outdoors,Water Bottle,"Works like a charm. Delivery was super fast, arrived a day early. 👍",5,2024-11-17,True,1,work like charm delivery super fast arrived day early,0.8442,0.453,0.547,0.0,Positive,None Detected
REV00113,Sports & Outdoors,Resistance Bands,Average quality for the price. It's comparable to other products in this price range. 🤷,3,2024-11-13,True,0,average quality price comparable product price range,0.0,0.0,1.0,0.0,Neutral,None Detected
REV01688,Electronics,USB-C Hub,Best purchase I've made this year. Setup was simple and took less than five minutes. ❤️,5,2025-08-11,True,4,best purchase ive made year setup simple took less five minute,0.6369,0.208,0.792,0.0,Positive,None Detected
REV00517,Home & Kitchen,Vacuum Cleaner,"It's exactly what was advertised, nothing more. Shipping took the standard amount of time. 🙂",3,2025-03-10,True,0,exactly advertised nothing shipping took standard amount time,0.4033,0.145,0.855,0.0,Positive,Anticipation
REV01779,Fashion,Running Shoes,"It's exactly what was advertised, nothing more. Packaging was standard, nothing memorable. 🤷",3,2025-10-14,False,2,exactly advertised nothing packaging standard nothing memorable,0.0,0.0,1.0,0.0,Neutral,Joy
REV01127,Books & Media,Cookbook,Exceeded my expectations. My family loves it just as much as I do. 🔥,5,2024-09-09,True,5,exceeded expectation family love much,0.3182,0.204,0.663,0.133,Positive,Anticipation
REV00416,Books & Media,Self-Help Book,Average quality for the price. It's comparable to other products in this price range. 🙂,3,2025-03-29,True,1,average quality price comparable product price range,0.4033,0.145,0.855,0.0,Positive,None Detected
REV01512,Sports & Outdoors,Dumbbell Set,Fantastic value for the price. My family loves it just as much as I do. 🔥,5,2024-01-24,True,1,fantastic value price family love much,0.8074,0.402,0.498,0.1,Positive,Joy
REV01498,Sports & Outdoors,Water Bottle,ONE OF THE WORST PRODUCTS I'VE BOUGHT ONLINE. I FOUND SCRATCHES ON IT RIGHT OUT OF THE PACKAGING. 😢,2,2024-01-07,True,6,one worst product ive bought online found scratch right packaging,-0.8374,0.0,0.694,0.306,Negative,None Detected
REV00264,Home & Kitchen,Air Fryer,WORKS LIKE A CHARM. THE PACKAGING WAS NEAT AND NOTHING WAS DAMAGED. 👍,4,2025-07-31,True,0,work like charm packaging neat nothing damaged,0.9238,0.572,0.428,0.0,Positive,None Detected
REV01701,Sports & Outdoors,Camping Tent,I REGRET BUYING THIS. THE MATERIAL FEELS CHEAP AND FLIMSY. 👎,1,2025-02-24,True,0,regret buying material feel cheap flimsy,-0.5473,0.0,0.757,0.243,Negative,None Detected
REV00847,Fashion,Cotton T-Shirt,Fantastic value for the price. Setup was simple and took less than five minutes. 😊,4,2024-01-06,True,0,fantastic value price setup simple took less five minute,0.9001,0.444,0.556,0.0,Positive,None Detected
REV00292,Books & Media,Fiction Novel,I'm so impressed with the quality. The build quality feels premium and sturdy. ❤️,4,2024-04-17,True,1,impressed quality build quality feel premium sturdy,0.5256,0.195,0.805,0.0,Positive,None Detected
REV01288,Electronics,Smartwatch,"It works as described, no complaints, no excitement. It's a bit bulkier than I expected.",3,2024-01-24,True,3,work described complaint excitement bit bulkier expected,0.1326,0.221,0.639,0.14,Positive,Anticipation
REV00252,Beauty & Personal Care,Sunscreen Lotion,"Not bad, but not great either. The design is simple but functional. 🤷",3,2025-09-20,True,5,not bad not great either design simple functional,-0.5448,0.105,0.653,0.242,Negative,Anger
REV00606,Sports & Outdoors,Camping Tent,"I'm so impressed with the quality. Delivery was super fast, arrived a day early. ✨",4,2025-08-29,True,1,impressed quality delivery super fast arrived day early,0.8622,0.444,0.556,0.0,Positive,None Detected
REV01439,Beauty & Personal Care,Electric Trimmer,Couldn't be happier with this purchase. The packaging was neat and nothing was damaged. ✨ although it took longer to arrive than promised.,4,2024-06-28,True,0,couldnt happier purchase packaging neat nothing damaged although took longer arrive promised,0.4885,0.258,0.587,0.155,Positive,Anticipation
REV01026,Sports & Outdoors,Dumbbell Set,Best purchase I've made this year. Battery life lasts way longer than advertised. 😊,4,2024-11-24,True,1,best purchase ive made year battery life last way longer advertised,0.8807,0.405,0.595,0.0,Positive,None Detected
REV01574,Electronics,Smartwatch,Highly recommend this to everyone. Customer service was quick to respond when I had a question. 👍,5,2025-04-13,True,3,highly recommend everyone customer service quick respond question,0.4201,0.141,0.859,0.0,Positive,Trust
REV01400,Beauty & Personal Care,Face Serum,Highly recommend this to everyone. The build quality feels premium and sturdy. 😊,5,2025-07-30,True,0,highly recommend everyone build quality feel premium sturdy,0.8313,0.386,0.614,0.0,Positive,Trust
REV00381,Fashion,Running Shoes,I regret buying this. The material feels cheap and flimsy. 💔,2,2024-02-02,True,1,regret buying material feel cheap flimsy,-0.1779,0.22,0.471,0.309,Negative,Sadness
REV01608,Books & Media,Self-Help Book,"It's an okay product, nothing special. Some features could be improved in future versions. 🤷",3,2024-04-08,True,0,okay product nothing special feature could improved future version,0.4102,0.247,0.642,0.111,Positive,Joy
REV00968,Sports & Outdoors,Yoga Mat,Best purchase I've made this year. Customer service was quick to respond when I had a question.,5,2025-06-20,True,4,best purchase ive made year customer service quick respond question,0.6369,0.208,0.792,0.0,Positive,None Detected
REV00368,Sports & Outdoors,Water Bottle,Absolutely loved this product! The packaging was neat and nothing was damaged. 😊,4,2025-01-04,True,6,absolutely loved product packaging neat nothing damaged,0.8863,0.471,0.438,0.091,Positive,None Detected
REV00403,Books & Media,Comic Collection,This is exactly what I needed. My family loves it just as much as I do. ✨,4,2025-05-02,True,4,exactly needed family love much,0.7184,0.286,0.714,0.0,Positive,Joy
REV00679,Home & Kitchen,Bedsheet Set,Couldn't be happier with this purchase. Battery life lasts way longer than advertised. 😊 but the delivery experience could definitely be better.,5,2025-08-05,True,1,couldnt happier purchase battery life last way longer advertised delivery experience could definitely better,0.8595,0.332,0.612,0.055,Positive,Anticipation
REV01664,Beauty & Personal Care,Lip Balm Set,this is exactly what i needed. the packaging was neat and nothing was damaged. 😊,5,2025-11-30,True,2,exactly needed packaging neat nothing damaged,0.7119,0.325,0.579,0.096,Positive,None Detected
REV01027,Electronics,Bluetooth Speaker,Really disappointed with this purchase. It doesn't match the pictures shown online at all. 😡,2,2024-06-22,True,8,really disappointed purchase doesnt match picture shown online,-0.5256,0.0,0.816,0.184,Negative,Anger
REV01120,Electronics,Power Bank,I regret buying this. Customer support never replied to my emails.,1,2025-02-05,True,0,regret buying customer support never replied email,-0.0258,0.186,0.621,0.193,Neutral,Sadness
REV00900,Electronics,USB-C Hub,I regret buying this. It arrived late and the box was damaged. 👎,1,2024-09-04,True,0,regret buying arrived late box damaged,-0.6908,0.0,0.678,0.322,Negative,Sadness
REV00536,Books & Media,Kids Story Set,Does the job but nothing extraordinary. The design is simple but functional. 🙂,3,2024-08-26,False,0,job nothing extraordinary design simple functional,0.5515,0.203,0.797,0.0,Positive,None Detected
REV00952,Home & Kitchen,Electric Kettle,Couldn't be happier with this purchase. The packaging was neat and nothing was damaged.,5,2024-12-08,True,0,couldnt happier purchase packaging neat nothing damaged,0.3879,0.282,0.573,0.145,Positive,None Detected
REV00980,Fashion,Leather Wallet,Highly recommend this to everyone. The build quality feels premium and sturdy. ✨,5,2025-03-04,False,4,highly recommend everyone build quality feel premium sturdy,0.624,0.316,0.684,0.0,Positive,Trust
REV00497,Fashion,Denim Jacket,A decent option if you're on a budget. There are better alternatives but this works fine too.,3,2025-03-03,False,2,decent option youre budget better alternative work fine,0.4854,0.217,0.783,0.0,Positive,Trust
REV01679,Sports & Outdoors,Yoga Mat,Absolutely loved this product! It looks even better than the pictures online. ❤️,5,2025-02-12,True,1,absolutely loved product look even better picture online,0.8118,0.381,0.619,0.0,Positive,None Detected
REV00460,Sports & Outdoors,Yoga Mat,Couldn't be happier with this purchase. My family loves it just as much as I do.,5,2025-08-04,True,0,couldnt happier purchase family love much,0.2321,0.181,0.684,0.136,Positive,Joy
REV01309,Books & Media,Comic Collection,"Fantastic value for the price. Delivery was super fast, arrived a day early. ✨",4,2024-12-04,True,0,fantastic value price delivery super fast arrived day early,0.9042,0.55,0.45,0.0,Positive,None Detected
REV00212,Fashion,Cotton T-Shirt,Really disappointed with this purchase. The size was completely different from what was described. 👎,2,2024-04-25,True,2,really disappointed purchase size completely different described,-0.5256,0.0,0.816,0.184,Negative,Anger
REV00938,Fashion,Backpack,Highly recommend this to everyone. Customer service was quick to respond when I had a question. 🔥,5,2024-12-22,True,2,highly recommend everyone customer service quick respond question,0.101,0.138,0.743,0.119,Positive,Trust
REV01435,Home & Kitchen,Vacuum Cleaner,Average quality for the price. It's comparable to other products in this price range.,3,2025-01-16,False,1,average quality price comparable product price range,0.0,0.0,1.0,0.0,Neutral,None Detected
REV00174,Books & Media,Kids Story Set,I'm so impressed with the quality. The packaging was neat and nothing was damaged. ❤️,5,2025-07-23,True,0,impressed quality packaging neat nothing damaged,0.8316,0.404,0.596,0.0,Positive,None Detected
REV00193,Home & Kitchen,Air Fryer,"Best purchase I've made this year. Delivery was super fast, arrived a day early. 👍",5,2025-09-03,True,4,best purchase ive made year delivery super fast arrived day early,0.8442,0.367,0.633,0.0,Positive,None Detected
REV00143,Home & Kitchen,Vacuum Cleaner,Couldn't be happier with this purchase. The packaging was neat and nothing was damaged. 👍,4,2024-06-12,True,0,couldnt happier purchase packaging neat nothing damaged,0.3879,0.255,0.614,0.131,Positive,None Detected
REV01437,Fashion,Denim Jacket,Exceeded my expectations. Customer service was quick to respond when I had a question. ✨,5,2025-04-01,True,1,exceeded expectation customer service quick respond question,0.3182,0.141,0.859,0.0,Positive,Anticipation
REV01217,Fashion,Running Shoes,Best purchase I've made this year. Setup was simple and took less than five minutes. ❤️,5,2024-11-13,True,1,best purchase ive made year setup simple took less five minute,0.6369,0.208,0.792,0.0,Positive,None Detected
REV01426,Home & Kitchen,Blender,This is exactly what I needed. The color and finish look great in person. ❤️,5,2024-02-20,True,0,exactly needed color finish look great person,0.6249,0.215,0.785,0.0,Positive,None Detected
REV00230,Home & Kitchen,Air Fryer,This was a complete waste of time. It arrived late and the box was damaged.,1,2025-10-27,True,0,complete waste time arrived late box damaged,-0.6908,0.0,0.695,0.305,Negative,Disgust
REV00570,Home & Kitchen,Air Fryer,Exceeded my expectations. It's comfortable and fits perfectly. 😊 but the delivery experience could definitely be better.,4,2025-12-27,True,2,exceeded expectation comfortable fit perfectly delivery experience could definitely better,0.9343,0.518,0.482,0.0,Positive,Anticipation
REV00759,Electronics,USB-C Hub,"Five stars, no doubt. The color and finish look great in person. ❤️",5,2024-10-28,True,6,five star doubt color finish look great person,0.7359,0.341,0.659,0.0,Positive,Trust
REV01242,Electronics,Wireless Earbuds,Highly recommend this to everyone. Customer service was quick to respond when I had a question.,5,2025-06-27,True,0,highly recommend everyone customer service quick respond question,0.4201,0.157,0.843,0.0,Positive,Trust
REV00598,Sports & Outdoors,Resistance Bands,Not worth the money at all. The material feels cheap and flimsy. 💔,1,2024-04-14,False,6,not worth money material feel cheap flimsy,0.1114,0.21,0.551,0.239,Positive,Anger
REV00762,Fashion,Backpack,This is exactly what I needed. Battery life lasts way longer than advertised. 👍,4,2025-05-17,False,0,exactly needed battery life last way longer advertised,0.0,0.0,1.0,0.0,Neutral,None Detected
REV01455,Books & Media,Biography,"It works as described, no complaints, no excitement. Shipping took the standard amount of time. 🙂",3,2024-03-04,False,1,work described complaint excitement shipping took standard amount time,0.4981,0.292,0.596,0.112,Positive,Anticipation
REV00885,Sports & Outdoors,Cycling Helmet,Highly recommend this to everyone. It's comfortable and fits perfectly. 🔥,4,2024-08-31,True,1,highly recommend everyone comfortable fit perfectly,0.8357,0.523,0.355,0.122,Positive,Trust
REV01206,Beauty & Personal Care,Moisturizer Cream,This is exactly what I needed. It's comfortable and fits perfectly. 😊,5,2025-01-21,True,0,exactly needed comfortable fit perfectly,0.926,0.529,0.471,0.0,Positive,None Detected
REV01360,Sports & Outdoors,Water Bottle,Couldn't be happier with this purchase. The packaging was neat and nothing was damaged. 🔥,5,2024-08-15,True,0,couldnt happier purchase packaging neat nothing damaged,0.567,0.351,0.518,0.131,Positive,None Detected
REV01019,Sports & Outdoors,Yoga Mat,I regret buying this. I found scratches on it right out of the packaging. 😢,2,2025-03-10,False,0,regret buying found scratch right packaging,-0.7096,0.0,0.704,0.296,Negative,Sadness
REV01682,Electronics,Power Bank,I'M SO IMPRESSED WITH THE QUALITY. THE COLOR AND FINISH LOOK GREAT IN PERSON. 🔥 ALTHOUGH THE PRICE IS A BIT HIGH FOR WHAT YOU GET.,5,2025-06-05,True,0,impressed quality color finish look great person although price bit high get,0.8516,0.276,0.655,0.068,Positive,None Detected
REV00075,Fashion,Backpack,This was a complete waste of time. It stopped working after just one week. 😡,1,2024-01-30,True,0,complete waste time stopped working one week,-0.5719,0.0,0.749,0.251,Negative,Disgust
REV00809,Home & Kitchen,Blender,Best purchase I've made this year. The packaging was neat and nothing was damaged. 👍 but the delivery experience could definitely be better.,5,2024-09-23,False,3,best purchase ive made year packaging neat nothing damaged delivery experience could definitely better,0.9136,0.419,0.581,0.0,Positive,Anticipation
REV00415,Fashion,Denim Jacket,Highly recommend this to everyone. It's comfortable and fits perfectly. 👍,5,2024-03-10,True,1,highly recommend everyone comfortable fit perfectly,0.8832,0.534,0.466,0.0,Positive,Trust
REV01231,Home & Kitchen,Blender,Works like a charm. The packaging was neat and nothing was damaged. 😊,5,2024-02-22,True,6,work like charm packaging neat nothing damaged,0.8786,0.502,0.406,0.092,Positive,None Detected
REV00641,Sports & Outdoors,Resistance Bands,Couldn't be happier with this purchase. The build quality feels premium and sturdy. 🔥,4,2024-01-27,True,3,couldnt happier purchase build quality feel premium sturdy,-0.6341,0.0,0.699,0.301,Negative,None Detected
REV00234,Sports & Outdoors,Dumbbell Set,A decent option if you're on a budget. The design is simple but functional. 🤷,3,2024-01-03,True,6,decent option youre budget design simple functional,0.0,0.0,1.0,0.0,Neutral,Trust
REV00021,Sports & Outdoors,Dumbbell Set,Really disappointed with this purchase. I found scratches on it right out of the packaging. 😡,2,2024-09-09,True,2,really disappointed purchase found scratch right packaging,-0.5256,0.0,0.825,0.175,Negative,Anger
REV01713,Fashion,Leather Wallet,Fantastic value for the price. The build quality feels premium and sturdy. ✨,5,2024-06-05,False,2,fantastic value price build quality feel premium sturdy,0.8074,0.454,0.546,0.0,Positive,None Detected
REV00030,Electronics,Power Bank,Would not recommend this to anyone. It stopped working after just one week. 💔,1,2024-10-12,False,1,would not recommend anyone stopped working one week,-0.2287,0.188,0.493,0.319,Negative,Trust
REV00804,Electronics,Laptop Stand,One of the worst products I've bought online. It arrived late and the box was damaged. 💔,1,2025-11-14,True,4,one worst product ive bought online arrived late box damaged,-0.7096,0.148,0.495,0.357,Negative,Sadness
REV00883,Electronics,Power Bank,One of the worst products I've bought online. It doesn't match the pictures shown online at all. 😡,2,2024-12-22,False,1,one worst product ive bought online doesnt match picture shown online,-0.6249,0.0,0.814,0.186,Negative,None Detected
REV01634,Home & Kitchen,Vacuum Cleaner,This is exactly what I needed. Setup was simple and took less than five minutes. ✨,4,2024-08-25,True,2,exactly needed setup simple took less five minute,0.3182,0.133,0.867,0.0,Positive,None Detected
REV01614,Sports & Outdoors,Resistance Bands,"Does the job but nothing extraordinary. It does what it says, just don't expect much extra. 🤷",3,2025-05-08,True,1,job nothing extraordinary say dont expect much extra,0.0,0.0,1.0,0.0,Neutral,Anticipation
REV01055,Electronics,Smartwatch,"Middle of the road experience. Packaging was standard, nothing memorable.",3,2025-12-13,True,12,middle road experience packaging standard nothing memorable,0.0,0.0,1.0,0.0,Neutral,Joy
REV00291,Books & Media,Cookbook,works like a charm. the color and finish look great in person. 😊,4,2025-07-14,True,11,work like charm color finish look great person,0.936,0.56,0.44,0.0,Positive,None Detected
REV00915,Beauty & Personal Care,Moisturizer Cream,Couldn't be happier with this purchase. The packaging was neat and nothing was damaged.,5,2024-11-26,True,1,couldnt happier purchase packaging neat nothing damaged,0.3879,0.282,0.573,0.145,Positive,None Detected
REV01277,Fashion,Backpack,"Couldn't be happier with this purchase. Delivery was super fast, arrived a day early. 😊",5,2024-02-28,True,8,couldnt happier purchase delivery super fast arrived day early,0.7978,0.358,0.542,0.1,Positive,None Detected
REV01094,Books & Media,Kids Story Set,I'm so impressed with the quality. It looks even better than the pictures online. 👍,5,2025-04-19,True,4,impressed quality look even better picture online,0.7425,0.31,0.69,0.0,Positive,None Detected
REV01112,Books & Media,Kids Story Set,Would not recommend this to anyone. It doesn't match the pictures shown online at all. 👎,2,2024-03-03,True,0,would not recommend anyone doesnt match picture shown online,-0.2755,0.0,0.883,0.117,Negative,Trust
REV00115,Fashion,Denim Jacket,Exceeded my expectations. Setup was simple and took less than five minutes. 😊,5,2025-09-24,True,2,exceeded expectation setup simple took less five minute,0.7184,0.286,0.714,0.0,Positive,Anticipation
REV01573,Home & Kitchen,Bedsheet Set,"A decent option if you're on a budget. It does what it says, just don't expect much extra. 🤷",3,2025-07-09,True,1,decent option youre budget say dont expect much extra,0.0,0.0,1.0,0.0,Neutral,Trust
REV00466,Sports & Outdoors,Yoga Mat,Extremely poor quality. It arrived late and the box was damaged. 👎,2,2025-11-07,True,5,extremely poor quality arrived late box damaged,-0.7425,0.0,0.636,0.364,Negative,Sadness
REV00890,Electronics,Laptop Stand,"it's fine, meets basic expectations. some features could be improved in future versions.",3,2024-02-15,True,5,fine meet basic expectation feature could improved future version,0.5994,0.308,0.692,0.0,Positive,Anticipation
REV00168,Sports & Outdoors,Yoga Mat,Really disappointed with this purchase. The instructions were confusing and unclear. 😢,1,2024-10-20,True,0,really disappointed purchase instruction confusing unclear,-0.8553,0.0,0.464,0.536,Negative,Anger
REV00408,Books & Media,Self-Help Book,Highly recommend this to everyone. My family loves it just as much as I do. 🔥 but the delivery experience could definitely be better.,5,2025-09-29,True,2,highly recommend everyone family love much delivery experience could definitely better,0.8734,0.36,0.587,0.053,Positive,Trust
REV01641,Sports & Outdoors,Camping Tent,COULDN'T BE HAPPIER WITH THIS PURCHASE. MY FAMILY LOVES IT JUST AS MUCH AS I DO. 👍,4,2024-07-18,True,0,couldnt happier purchase family love much,0.2766,0.187,0.674,0.14,Positive,None Detected
REV00321,Books & Media,Kids Story Set,Very frustrating experience overall. It stopped working after just one week. 😡,1,2024-10-16,True,1,frustrating experience overall stopped working one week,-0.624,0.0,0.684,0.316,Negative,None Detected
REV01777,Fashion,Sunglasses,COULDN'T BE HAPPIER WITH THIS PURCHASE. IT'S COMFORTABLE AND FITS PERFECTLY. 🔥,4,2025-03-19,True,2,couldnt happier purchase comfortable fit perfectly,0.6425,0.395,0.353,0.252,Positive,None Detected
REV00898,Fashion,Sunglasses,Would not recommend this to anyone. The instructions were confusing and unclear.,1,2025-06-01,False,0,would not recommend anyone instruction confusing unclear,-0.6136,0.0,0.6,0.4,Negative,Trust
REV01610,Sports & Outdoors,Dumbbell Set,Couldn't be happier with this purchase. The color and finish look great in person. 😊 but I wish it came in more color options.,5,2024-08-20,True,3,couldnt happier purchase color finish look great person wish came color option,0.8027,0.289,0.657,0.054,Positive,None Detected
REV00705,Books & Media,Biography,Highly recommend this to everyone. The color and finish look great in person. 👍,4,2025-05-24,True,6,highly recommend everyone color finish look great person,0.7841,0.347,0.653,0.0,Positive,Trust
REV00921,Home & Kitchen,Air Fryer,"exceeded my expectations. delivery was super fast, arrived a day early. ✨",4,2025-08-25,True,1,exceeded expectation delivery super fast arrived day early,0.7351,0.383,0.617,0.0,Positive,Anticipation
REV00567,Books & Media,Kids Story Set,One of the worst products I've bought online. It doesn't match the pictures shown online at all. 💔,1,2025-05-21,True,0,one worst product ive bought online doesnt match picture shown online,-0.4588,0.153,0.584,0.263,Negative,None Detected
REV01556,Home & Kitchen,Non-Stick Pan Set,I'm so impressed with the quality. The color and finish look great in person.,5,2024-02-01,False,0,impressed quality color finish look great person,0.8173,0.384,0.616,0.0,Positive,None Detected
REV00599,Electronics,Laptop Stand,Exceeded my expectations. Customer service was quick to respond when I had a question. but the delivery experience could definitely be better.,5,2024-04-11,True,10,exceeded expectation customer service quick respond question delivery experience could definitely better,0.8126,0.27,0.73,0.0,Positive,Anticipation
REV00258,Fashion,Backpack,Not worth the money at all. There was a strange smell straight out of the box. 😢,1,2025-05-19,False,0,not worth money strange smell straight box,-0.567,0.085,0.623,0.292,Negative,Anger
REV00256,Sports & Outdoors,Cycling Helmet,Couldn't be happier with this purchase. The build quality feels premium and sturdy. 👍,4,2024-05-24,True,1,couldnt happier purchase build quality feel premium sturdy,-0.4168,0.0,0.835,0.165,Negative,None Detected
REV00728,Sports & Outdoors,Water Bottle,I regret buying this. The instructions were confusing and unclear. 👎,1,2025-06-28,True,8,regret buying instruction confusing unclear,-0.6908,0.0,0.573,0.427,Negative,Sadness
REV00706,Home & Kitchen,Bedsheet Set,"It's exactly what was advertised, nothing more. I might consider other brands next time. 🙂",3,2024-06-23,True,0,exactly advertised nothing might consider brand next time,0.4033,0.145,0.855,0.0,Positive,Anticipation
REV00988,Books & Media,Cookbook,Average quality for the price. It's a bit bulkier than I expected. 🤷,3,2025-05-18,True,8,average quality price bit bulkier expected,0.0,0.0,1.0,0.0,Neutral,Anticipation
REV00498,Electronics,Power Bank,Works like a charm. The build quality feels premium and sturdy. 🔥,4,2025-07-25,True,0,work like charm build quality feel premium sturdy,0.4215,0.313,0.542,0.145,Positive,None Detected
REV00899,Sports & Outdoors,Cycling Helmet,I'm so impressed with the quality. Customer service was quick to respond when I had a question. 🔥 although the price is a bit high for what you get.,5,2024-02-04,False,0,impressed quality customer service quick respond question although price bit high get,0.2484,0.103,0.823,0.073,Positive,None Detected
REV00131,Electronics,Smartwatch,Couldn't be happier with this purchase. My family loves it just as much as I do. 😊 but the delivery experience could definitely be better.,4,2025-11-26,True,13,couldnt happier purchase family love much delivery experience could definitely better,0.8971,0.356,0.595,0.049,Positive,Joy
REV00101,Home & Kitchen,Non-Stick Pan Set,"Works like a charm. Delivery was super fast, arrived a day early. ❤️",5,2025-02-08,False,0,work like charm delivery super fast arrived day early,0.8442,0.453,0.547,0.0,Positive,None Detected
REV00172,Electronics,Wireless Earbuds,middle of the road experience. some features could be improved in future versions. 🤷,3,2024-08-10,True,1,middle road experience feature could improved future version,0.4767,0.181,0.819,0.0,Positive,None Detected
REV00492,Electronics,Power Bank,This broke within a few days of use. It arrived late and the box was damaged. 😡,2,2024-11-29,True,0,broke within day use arrived late box damaged,-0.6908,0.0,0.737,0.263,Negative,Sadness
REV01733,Home & Kitchen,Bedsheet Set,Average quality for the price. Shipping took the standard amount of time. 🤷,3,2024-01-05,True,3,average quality price shipping took standard amount time,0.0,0.0,1.0,0.0,Neutral,Anticipation
REV01478,Sports & Outdoors,Dumbbell Set,Fantastic value for the price. It looks even better than the pictures online. ❤️,5,2024-02-16,True,3,fantastic value price look even better picture online,0.836,0.426,0.574,0.0,Positive,None Detected
REV00111,Fashion,Running Shoes,I'm so impressed with the quality. My family loves it just as much as I do. 🔥,5,2025-11-26,True,2,impressed quality family love much,0.6901,0.302,0.596,0.102,Positive,Joy
REV01680,Books & Media,Fiction Novel,Absolutely loved this product! Customer service was quick to respond when I had a question. 😊 even though customer service was slow to respond.,5,2025-08-07,True,3,absolutely loved product customer service quick respond question even though customer service slow respond,0.8881,0.295,0.705,0.0,Positive,None Detected
REV01225,Fashion,Running Shoes,"I REGRET BUYING THIS. THE SIZE WAS COMPLETELY DIFFERENT FROM WHAT WAS DESCRIBED. 💔 ON THE PLUS SIDE, IT DID ARRIVE QUICKLY.",1,2024-10-11,False,1,regret buying size completely different described plus side arrive quickly,-0.347,0.136,0.649,0.215,Negative,None Detected
REV01021,Beauty & Personal Care,Moisturizer Cream,This is exactly what I needed. It looks even better than the pictures online. 👍,5,2025-06-12,True,2,exactly needed look even better picture online,0.4404,0.162,0.838,0.0,Positive,None Detected
REV01227,Sports & Outdoors,Dumbbell Set,I'm so impressed with the quality. Customer service was quick to respond when I had a question. ❤️,4,2025-08-27,True,1,impressed quality customer service quick respond question,0.5256,0.159,0.841,0.0,Positive,None Detected
REV00713,Fashion,Leather Wallet,Highly recommend this to everyone. The packaging was neat and nothing was damaged. 😊,5,2025-12-18,True,10,highly recommend everyone packaging neat nothing damaged,0.828,0.42,0.487,0.093,Positive,Trust
REV00828,Home & Kitchen,Blender,REALLY DISAPPOINTED WITH THIS PURCHASE. THE MATERIAL FEELS CHEAP AND FLIMSY. 😢,1,2024-10-03,True,8,really disappointed purchase material feel cheap flimsy,-0.8385,0.0,0.58,0.42,Negative,None Detected
REV01685,Home & Kitchen,Non-Stick Pan Set,Average quality for the price. It's comparable to other products in this price range. 🙂,3,2024-10-03,True,3,average quality price comparable product price range,0.4033,0.145,0.855,0.0,Positive,None Detected
REV01480,Fashion,Cotton T-Shirt,Average quality for the price. There are better alternatives but this works fine too.,3,2025-08-25,True,4,average quality price better alternative work fine,0.4854,0.257,0.743,0.0,Positive,None Detected
REV01658,Sports & Outdoors,Dumbbell Set,Middle of the road experience. I might consider other brands next time. 🤷,3,2025-08-10,True,3,middle road experience might consider brand next time,0.0,0.0,1.0,0.0,Neutral,Anticipation
REV01020,Fashion,Denim Jacket,A decent option if you're on a budget. Some features could be improved in future versions. 🙂,3,2024-08-01,True,0,decent option youre budget feature could improved future version,0.701,0.255,0.745,0.0,Positive,Trust
REV01161,Beauty & Personal Care,Moisturizer Cream,"Five stars, no doubt. It looks even better than the pictures online. ✨",5,2024-04-07,True,3,five star doubt look even better picture online,0.7438,0.422,0.578,0.0,Positive,Trust
REV01545,Fashion,Denim Jacket,Works like a charm. The build quality feels premium and sturdy. although it took longer to arrive than promised.,4,2025-08-02,True,0,work like charm build quality feel premium sturdy although took longer arrive promised,0.7717,0.325,0.675,0.0,Positive,Anticipation
REV00961,Electronics,Smartwatch,Highly recommend this to everyone. The packaging was neat and nothing was damaged. 😊,5,2024-02-05,True,0,highly recommend everyone packaging neat nothing damaged,0.828,0.42,0.487,0.093,Positive,Trust
REV00660,Books & Media,Kids Story Set,I regret buying this. The instructions were confusing and unclear. 👎,1,2025-04-17,True,0,regret buying instruction confusing unclear,-0.6908,0.0,0.573,0.427,Negative,Sadness
REV01594,Sports & Outdoors,Camping Tent,I'm so impressed with the quality. My family loves it just as much as I do. 🔥,4,2025-09-04,True,1,impressed quality family love much,0.6901,0.302,0.596,0.102,Positive,Joy
REV01403,Beauty & Personal Care,Moisturizer Cream,COULDN'T BE HAPPIER WITH THIS PURCHASE. IT'S COMFORTABLE AND FITS PERFECTLY.,4,2025-05-06,True,11,couldnt happier purchase comfortable fit perfectly,0.6931,0.41,0.438,0.152,Positive,None Detected
REV00271,Home & Kitchen,Bedsheet Set,I'm so impressed with the quality. The build quality feels premium and sturdy.,5,2025-05-18,False,2,impressed quality build quality feel premium sturdy,0.5256,0.22,0.78,0.0,Positive,None Detected
REV01631,Fashion,Cotton T-Shirt,"NOT BAD, BUT NOT GREAT EITHER. PACKAGING WAS STANDARD, NOTHING MEMORABLE. 🤷",3,2025-07-26,False,2,not bad not great either packaging standard nothing memorable,-0.6197,0.119,0.596,0.285,Negative,None Detected
REV00394,Books & Media,Self-Help Book,Couldn't be happier with this purchase. Setup was simple and took less than five minutes. ✨ although the price is a bit high for what you get.,4,2024-08-24,True,1,couldnt happier purchase setup simple took less five minute although price bit high get,-0.122,0.076,0.831,0.092,Negative,None Detected
REV01095,Beauty & Personal Care,Electric Trimmer,Highly recommend this to everyone. It looks even better than the pictures online. 🔥 although the price is a bit high for what you get.,5,2025-02-26,True,3,highly recommend everyone look even better picture online although price bit high get,0.5095,0.189,0.731,0.08,Positive,Trust
REV01559,Beauty & Personal Care,Moisturizer Cream,Highly recommend this to everyone. Setup was simple and took less than five minutes. ✨,5,2024-04-01,True,0,highly recommend everyone setup simple took less five minute,0.624,0.281,0.719,0.0,Positive,Trust
REV00893,Home & Kitchen,Air Fryer,Highly recommend this to everyone. Customer service was quick to respond when I had a question. ✨ although it took longer to arrive than promised.,5,2025-12-30,True,6,highly recommend everyone customer service quick respond question although took longer arrive promised,0.7645,0.257,0.743,0.0,Positive,Trust
REV01296,Fashion,Backpack,This is exactly what I needed. Battery life lasts way longer than advertised. 🔥,5,2025-03-01,False,4,exactly needed battery life last way longer advertised,-0.34,0.0,0.844,0.156,Negative,None Detected
REV00544,Books & Media,Kids Story Set,ABSOLUTELY LOVED THIS PRODUCT! BATTERY LIFE LASTS WAY LONGER THAN ADVERTISED. 🔥 EVEN THOUGH CUSTOMER SERVICE WAS SLOW TO RESPOND.,4,2024-03-27,False,0,absolutely loved product battery life last way longer advertised even though customer service slow respond,0.6758,0.226,0.683,0.091,Positive,None Detected
REV00779,Fashion,Running Shoes,Absolutely loved this product! The color and finish look great in person. 👍,4,2025-08-08,True,1,absolutely loved product color finish look great person,0.862,0.417,0.583,0.0,Positive,None Detected
REV01185,Sports & Outdoors,Water Bottle,"Five stars, no doubt. It looks even better than the pictures online. 👍",4,2025-09-20,False,3,five star doubt look even better picture online,0.6136,0.295,0.705,0.0,Positive,Trust
REV01301,Beauty & Personal Care,Moisturizer Cream,This is exactly what I needed. The build quality feels premium and sturdy. ✨,4,2024-07-16,False,0,exactly needed build quality feel premium sturdy,0.3182,0.15,0.85,0.0,Positive,None Detected
REV00170,Sports & Outdoors,Cycling Helmet,Works like a charm. Customer service was quick to respond when I had a question.,4,2025-03-10,True,0,work like charm customer service quick respond question,0.6369,0.286,0.714,0.0,Positive,None Detected
REV00037,Sports & Outdoors,Yoga Mat,I want a refund immediately. The instructions were confusing and unclear.,1,2024-04-19,True,5,want refund immediately instruction confusing unclear,-0.3818,0.098,0.606,0.295,Negative,Anticipation
REV00244,Fashion,Running Shoes,One of the worst products I've bought online. It doesn't match the pictures shown online at all.,1,2024-08-15,True,0,one worst product ive bought online doesnt match picture shown online,-0.6249,0.0,0.796,0.204,Negative,None Detected
REV00083,Electronics,Smartwatch,Would not recommend this to anyone. The instructions were confusing and unclear.,2,2024-09-25,True,5,would not recommend anyone instruction confusing unclear,-0.6136,0.0,0.6,0.4,Negative,Trust
REV00946,Sports & Outdoors,Cycling Helmet,I regret buying this. The material feels cheap and flimsy. 😢,2,2025-04-19,True,1,regret buying material feel cheap flimsy,-0.7096,0.0,0.629,0.371,Negative,Sadness
REV00861,Beauty & Personal Care,Lip Balm Set,I want a refund immediately. The size was completely different from what was described. 😡,2,2025-02-03,True,0,want refund immediately size completely different described,0.0772,0.08,0.92,0.0,Positive,Anticipation
REV00373,Beauty & Personal Care,Face Serum,Does the job but nothing extraordinary. Shipping took the standard amount of time. 🤷,3,2025-09-24,True,6,job nothing extraordinary shipping took standard amount time,0.0,0.0,1.0,0.0,Neutral,Anticipation
REV01047,Books & Media,Kids Story Set,A DECENT OPTION IF YOU'RE ON A BUDGET. THERE ARE BETTER ALTERNATIVES BUT THIS WORKS FINE TOO.,3,2025-05-21,True,2,decent option youre budget better alternative work fine,0.4854,0.217,0.783,0.0,Positive,None Detected
REV01362,Electronics,Laptop Stand,I'm so impressed with the quality. Customer service was quick to respond when I had a question.,5,2024-05-26,False,1,impressed quality customer service quick respond question,0.5256,0.175,0.825,0.0,Positive,None Detected
REV01333,Electronics,Power Bank,Works like a charm. Customer service was quick to respond when I had a question. 😊,4,2025-02-06,True,1,work like charm customer service quick respond question,0.8807,0.412,0.588,0.0,Positive,None Detected
REV01171,Fashion,Sunglasses,"Best purchase I've made this year. Delivery was super fast, arrived a day early. 🔥",5,2025-01-05,False,0,best purchase ive made year delivery super fast arrived day early,0.7717,0.36,0.533,0.107,Positive,None Detected
REV00752,Fashion,Backpack,This was a complete waste of time. It stopped working after just one week.,1,2025-11-01,False,1,complete waste time stopped working one week,-0.5719,0.0,0.719,0.281,Negative,Disgust
REV01245,Electronics,USB-C Hub,Works like a charm. The color and finish look great in person.,4,2024-11-15,False,1,work like charm color finish look great person,0.8519,0.508,0.492,0.0,Positive,None Detected
REV01038,Sports & Outdoors,Camping Tent,Works like a charm. It looks even better than the pictures online.,5,2025-09-25,True,6,work like charm look even better picture online,0.7964,0.474,0.526,0.0,Positive,None Detected
REV01235,Fashion,Running Shoes,Absolutely loved this product! It looks even better than the pictures online. 😊,4,2024-05-04,True,2,absolutely loved product look even better picture online,0.9244,0.507,0.493,0.0,Positive,None Detected
REV01697,Books & Media,Comic Collection,Best purchase I've made this year. It looks even better than the pictures online. 👍,5,2025-08-14,True,1,best purchase ive made year look even better picture online,0.7964,0.336,0.664,0.0,Positive,None Detected
REV00585,Sports & Outdoors,Yoga Mat,This broke within a few days of use. The material feels cheap and flimsy. 😡,1,2025-12-22,True,1,broke within day use material feel cheap flimsy,-0.4215,0.0,0.843,0.157,Negative,Fear
REV00512,Sports & Outdoors,Camping Tent,Exceeded my expectations. The build quality feels premium and sturdy. 🔥,5,2025-07-13,False,10,exceeded expectation build quality feel premium sturdy,-0.34,0.0,0.806,0.194,Negative,Anticipation
REV00178,Beauty & Personal Care,Hair Dryer,Extremely poor quality. The size was completely different from what was described. 😡,1,2025-12-13,True,3,extremely poor quality size completely different described,-0.5256,0.0,0.793,0.207,Negative,None Detected
REV00277,Books & Media,Biography,WORKS LIKE A CHARM. THE BUILD QUALITY FEELS PREMIUM AND STURDY. BUT THE DELIVERY EXPERIENCE COULD DEFINITELY BE BETTER.,4,2025-12-27,True,2,work like charm build quality feel premium sturdy delivery experience could definitely better,0.875,0.423,0.577,0.0,Positive,None Detected
REV00880,Home & Kitchen,Blender,This was a complete waste of time. It stopped working after just one week.,2,2025-09-28,True,2,complete waste time stopped working one week,-0.5719,0.0,0.719,0.281,Negative,Disgust
REV00548,Sports & Outdoors,Cycling Helmet,"It's fine, meets basic expectations. Good enough for occasional use.",3,2025-08-03,False,0,fine meet basic expectation good enough occasional use,0.5719,0.37,0.63,0.0,Positive,Anticipation
REV00720,Books & Media,Kids Story Set,"It's fine, meets basic expectations. Some features could be improved in future versions.",3,2024-07-04,True,3,fine meet basic expectation feature could improved future version,0.5994,0.308,0.692,0.0,Positive,Anticipation
REV00477,Fashion,Backpack,A decent option if you're on a budget. There are better alternatives but this works fine too.,3,2024-03-12,True,7,decent option youre budget better alternative work fine,0.4854,0.217,0.783,0.0,Positive,Trust
REV00226,Fashion,Sunglasses,Couldn't be happier with this purchase. The color and finish look great in person.,5,2025-06-14,True,2,couldnt happier purchase color finish look great person,0.3235,0.217,0.636,0.147,Positive,None Detected
REV00633,Home & Kitchen,Blender,This broke within a few days of use. It doesn't match the pictures shown online at all. 👎,1,2024-05-11,True,0,broke within day use doesnt match picture shown online,-0.4215,0.0,0.865,0.135,Negative,Fear
REV00217,Home & Kitchen,Bedsheet Set,Best purchase I've made this year. Customer service was quick to respond when I had a question. 👍 even though customer service was slow to respond.,4,2024-10-02,True,0,best purchase ive made year customer service quick respond question even though customer service slow respond,0.6369,0.139,0.861,0.0,Positive,None Detected
REV01054,Sports & Outdoors,Cycling Helmet,Best purchase I've made this year. The packaging was neat and nothing was damaged. 👍,5,2024-06-21,True,7,best purchase ive made year packaging neat nothing damaged,0.8627,0.425,0.575,0.0,Positive,None Detected
REV01725,Beauty & Personal Care,Hair Dryer,"Five stars, no doubt. The color and finish look great in person. 😊",4,2025-06-20,True,0,five star doubt color finish look great person,0.9044,0.484,0.516,0.0,Positive,Trust
REV00838,Fashion,Denim Jacket,i'm so impressed with the quality. battery life lasts way longer than advertised.,5,2024-11-08,False,1,impressed quality battery life last way longer advertised,0.5256,0.22,0.78,0.0,Positive,Anger
REV00181,Home & Kitchen,Non-Stick Pan Set,This is exactly what I needed. The color and finish look great in person. 👍,4,2025-10-19,True,3,exactly needed color finish look great person,0.6249,0.215,0.785,0.0,Positive,None Detected
REV00919,Fashion,Cotton T-Shirt,Extremely poor quality. The instructions were confusing and unclear. 👎,2,2025-05-11,True,1,extremely poor quality instruction confusing unclear,-0.7425,0.0,0.523,0.477,Negative,Trust
REV00746,Home & Kitchen,Electric Kettle,Reasonable purchase overall. Shipping took the standard amount of time. 🤷,3,2024-09-26,False,1,reasonable purchase overall shipping took standard amount time,0.0,0.0,1.0,0.0,Neutral,Anticipation
REV00902,Beauty & Personal Care,Electric Trimmer,Fantastic value for the price. Customer service was quick to respond when I had a question.,4,2025-08-30,True,1,fantastic value price customer service quick respond question,0.7184,0.3,0.7,0.0,Positive,None Detected
REV01484,Books & Media,Comic Collection,Highly recommend this to everyone. The build quality feels premium and sturdy.,5,2025-06-03,False,2,highly recommend everyone build quality feel premium sturdy,0.4201,0.202,0.798,0.0,Positive,Trust
REV01759,Fashion,Denim Jacket,I want a refund immediately. Customer support never replied to my emails. 💔,1,2025-10-29,True,1,want refund immediately customer support never replied email,0.6249,0.385,0.469,0.146,Positive,Anticipation
REV00678,Beauty & Personal Care,Face Serum,I'm so impressed with the quality. It looks even better than the pictures online. 😊,4,2024-03-08,True,6,impressed quality look even better picture online,0.9061,0.45,0.55,0.0,Positive,None Detected
REV00639,Books & Media,Biography,Middle of the road experience. Shipping took the standard amount of time. 🙂,3,2024-05-10,True,12,middle road experience shipping took standard amount time,0.4033,0.162,0.838,0.0,Positive,Anticipation
REV00045,Beauty & Personal Care,Electric Trimmer,exceeded my expectations. my family loves it just as much as i do. 😊,5,2024-09-10,True,1,exceeded expectation family love much,0.8658,0.393,0.607,0.0,Positive,Anticipation
REV01499,Books & Media,Cookbook,I want a refund immediately. There was a strange smell straight out of the box.,2,2025-08-30,True,1,want refund immediately strange smell straight box,0.1027,0.188,0.706,0.106,Positive,Anticipation
REV01089,Books & Media,Cookbook,A DECENT OPTION IF YOU'RE ON A BUDGET. SOME FEATURES COULD BE IMPROVED IN FUTURE VERSIONS. 🙂,3,2025-08-03,True,3,decent option youre budget feature could improved future version,0.7608,0.278,0.722,0.0,Positive,None Detected
REV01781,Books & Media,Comic Collection,"It works as described, no complaints, no excitement. The design is simple but functional. 🤷",3,2025-10-23,True,5,work described complaint excitement design simple functional,0.0667,0.172,0.727,0.101,Positive,Anger
REV01239,Books & Media,Fiction Novel,I WANT A REFUND IMMEDIATELY. I FOUND SCRATCHES ON IT RIGHT OUT OF THE PACKAGING. 💔,2,2025-11-11,False,4,want refund immediately found scratch right packaging,0.4824,0.267,0.6,0.133,Positive,None Detected
REV01799,Home & Kitchen,Bedsheet Set,"Does the job but nothing extraordinary. It does what it says, just don't expect much extra. 🤷",3,2025-05-01,False,2,job nothing extraordinary say dont expect much extra,0.0,0.0,1.0,0.0,Neutral,Anticipation
REV00897,Beauty & Personal Care,Electric Trimmer,Exceeded my expectations. Battery life lasts way longer than advertised. ✨,4,2025-08-06,False,3,exceeded expectation battery life last way longer advertised,0.3182,0.187,0.813,0.0,Positive,Anticipation
REV00851,Sports & Outdoors,Dumbbell Set,Highly recommend this to everyone. Setup was simple and took less than five minutes. 😊,5,2024-04-08,True,1,highly recommend everyone setup simple took less five minute,0.8313,0.355,0.645,0.0,Positive,Trust
REV00095,Home & Kitchen,Non-Stick Pan Set,"Fantastic value for the price. Delivery was super fast, arrived a day early. 😊",4,2025-08-23,False,0,fantastic value price delivery super fast arrived day early,0.9423,0.55,0.45,0.0,Positive,None Detected
REV00176,Books & Media,Fiction Novel,Fantastic value for the price. The build quality feels premium and sturdy. ✨,4,2024-03-21,False,5,fantastic value price build quality feel premium sturdy,0.8074,0.454,0.546,0.0,Positive,None Detected
REV00399,Home & Kitchen,Air Fryer,HIGHLY RECOMMEND THIS TO EVERYONE. IT'S COMFORTABLE AND FITS PERFECTLY. ✨,5,2025-08-19,True,2,highly recommend everyone comfortable fit perfectly,0.9479,0.689,0.311,0.0,Positive,None Detected
REV01197,Beauty & Personal Care,Hair Dryer,Best purchase I've made this year. The build quality feels premium and sturdy. 🔥,4,2024-09-08,True,0,best purchase ive made year build quality feel premium sturdy,0.4215,0.226,0.645,0.129,Positive,None Detected
REV01057,Electronics,Bluetooth Speaker,"It's fine, meets basic expectations. I might consider other brands next time. 🙂",3,2025-12-12,False,6,fine meet basic expectation might consider brand next time,0.5434,0.257,0.743,0.0,Positive,Anticipation
REV00745,Electronics,Wireless Earbuds,Best purchase I've made this year. Customer service was quick to respond when I had a question. ❤️,4,2024-01-09,True,1,best purchase ive made year customer service quick respond question,0.6369,0.189,0.811,0.0,Positive,None Detected
REV01260,Books & Media,Kids Story Set,This is exactly what I needed. The color and finish look great in person. ❤️ but the delivery experience could definitely be better.,5,2024-10-05,True,3,exactly needed color finish look great person delivery experience could definitely better,0.8735,0.321,0.679,0.0,Positive,Anticipation
REV01422,Home & Kitchen,Air Fryer,"Couldn't be happier with this purchase. Delivery was super fast, arrived a day early. 🔥",5,2024-03-05,True,9,couldnt happier purchase delivery super fast arrived day early,-0.0711,0.185,0.569,0.246,Negative,None Detected
REV00409,Fashion,Backpack,ABSOLUTELY LOVED THIS PRODUCT! THE PACKAGING WAS NEAT AND NOTHING WAS DAMAGED. ✨,4,2025-04-21,True,1,absolutely loved product packaging neat nothing damaged,0.913,0.535,0.381,0.083,Positive,None Detected
REV01724,Beauty & Personal Care,Face Serum,"I'm so impressed with the quality. Delivery was super fast, arrived a day early.",5,2024-04-17,False,3,impressed quality delivery super fast arrived day early,0.807,0.378,0.622,0.0,Positive,None Detected
REV00686,Fashion,Running Shoes,best purchase i've made this year. the color and finish look great in person. ✨,5,2024-09-07,True,0,best purchase ive made year color finish look great person,0.891,0.469,0.531,0.0,Positive,None Detected
REV00419,Fashion,Denim Jacket,I'm so impressed with the quality. It looks even better than the pictures online. 😊,5,2024-07-26,True,1,impressed quality look even better picture online,0.9061,0.45,0.55,0.0,Positive,None Detected
REV01414,Sports & Outdoors,Resistance Bands,I'm so impressed with the quality. Customer service was quick to respond when I had a question. 🔥,5,2024-04-19,True,0,impressed quality customer service quick respond question,0.2484,0.156,0.734,0.11,Positive,None Detected
REV00145,Books & Media,Comic Collection,"Reasonable purchase overall. Packaging was standard, nothing memorable.",3,2025-01-09,True,2,reasonable purchase overall packaging standard nothing memorable,0.0,0.0,1.0,0.0,Neutral,Joy
REV01575,Home & Kitchen,Vacuum Cleaner,"I'm so impressed with the quality. Delivery was super fast, arrived a day early. 😊",5,2025-11-04,True,1,impressed quality delivery super fast arrived day early,0.923,0.47,0.53,0.0,Positive,None Detected
REV00266,Sports & Outdoors,Resistance Bands,Fantastic value for the price. The color and finish look great in person. 👍,5,2025-09-27,True,24,fantastic value price color finish look great person,0.8779,0.457,0.543,0.0,Positive,None Detected
REV00987,Sports & Outdoors,Resistance Bands,Reasonable purchase overall. There are better alternatives but this works fine too. 🙂,3,2024-06-22,True,2,reasonable purchase overall better alternative work fine,0.7724,0.391,0.609,0.0,Positive,None Detected
REV00015,Books & Media,Self-Help Book,"I'm so impressed with the quality. Delivery was super fast, arrived a day early. 😊",4,2025-08-07,True,0,impressed quality delivery super fast arrived day early,0.923,0.47,0.53,0.0,Positive,None Detected
REV01119,Beauty & Personal Care,Moisturizer Cream,Best purchase I've made this year. Customer service was quick to respond when I had a question.,5,2024-06-01,True,0,best purchase ive made year customer service quick respond question,0.6369,0.208,0.792,0.0,Positive,None Detected
REV00529,Electronics,Wireless Earbuds,Absolutely loved this product! My family loves it just as much as I do. 🔥 although the price is a bit high for what you get.,5,2024-01-11,True,1,absolutely loved product family love much although price bit high get,0.7773,0.244,0.685,0.071,Positive,Joy
REV00392,Fashion,Running Shoes,Reasonable purchase overall. It's a bit bulkier than I expected. 🙂,3,2025-01-10,True,1,reasonable purchase overall bit bulkier expected,0.4033,0.184,0.816,0.0,Positive,Anticipation
REV00854,Beauty & Personal Care,Hair Dryer,THIS IS EXACTLY WHAT I NEEDED. THE BUILD QUALITY FEELS PREMIUM AND STURDY. 🔥,5,2024-12-07,True,0,exactly needed build quality feel premium sturdy,-0.34,0.0,0.844,0.156,Negative,None Detected
REV00802,Home & Kitchen,Electric Kettle,"It's exactly what was advertised, nothing more. There are better alternatives but this works fine too.",3,2025-07-20,True,1,exactly advertised nothing better alternative work fine,0.5076,0.234,0.766,0.0,Positive,None Detected
REV00079,Home & Kitchen,Bedsheet Set,Highly recommend this to everyone. The build quality feels premium and sturdy.,5,2024-08-23,True,4,highly recommend everyone build quality feel premium sturdy,0.4201,0.202,0.798,0.0,Positive,Trust
REV00604,Home & Kitchen,Bedsheet Set,"Five stars, no doubt. Battery life lasts way longer than advertised. 😊",5,2025-07-11,True,1,five star doubt battery life last way longer advertised,0.797,0.384,0.616,0.0,Positive,Trust
REV00388,Home & Kitchen,Bedsheet Set,Best purchase I've made this year. Setup was simple and took less than five minutes. 😊,5,2024-12-22,True,0,best purchase ive made year setup simple took less five minute,0.8807,0.375,0.625,0.0,Positive,None Detected
REV00184,Books & Media,Biography,Absolutely loved this product! The build quality feels premium and sturdy. ✨,5,2025-03-16,False,7,absolutely loved product build quality feel premium sturdy,0.7773,0.404,0.596,0.0,Positive,None Detected
REV01474,Sports & Outdoors,Dumbbell Set,"FANTASTIC VALUE FOR THE PRICE. DELIVERY WAS SUPER FAST, ARRIVED A DAY EARLY. BUT THE DELIVERY EXPERIENCE COULD DEFINITELY BE BETTER.",4,2025-03-27,True,2,fantastic value price delivery super fast arrived day early delivery experience could definitely better,0.9161,0.464,0.536,0.0,Positive,None Detected
REV00836,Home & Kitchen,Blender,Couldn't be happier with this purchase. My family loves it just as much as I do. ✨,4,2024-02-06,True,6,couldnt happier purchase family love much,0.498,0.263,0.615,0.122,Positive,Joy
REV01516,Books & Media,Biography,Average quality for the price. Shipping took the standard amount of time.,3,2024-09-17,True,1,average quality price shipping took standard amount time,0.0,0.0,1.0,0.0,Neutral,Anticipation
REV01695,Books & Media,Biography,I REGRET BUYING THIS. THE MATERIAL FEELS CHEAP AND FLIMSY. 😢,1,2024-10-25,True,3,regret buying material feel cheap flimsy,-0.7672,0.0,0.601,0.399,Negative,None Detected
REV01646,Sports & Outdoors,Cycling Helmet,Very frustrating experience overall. It arrived late and the box was damaged. 😢,1,2025-03-16,True,6,frustrating experience overall arrived late box damaged,-0.8479,0.0,0.545,0.455,Negative,Sadness
REV00365,Home & Kitchen,Non-Stick Pan Set,"Not bad, but not great either. I might consider other brands next time.",3,2025-01-08,False,0,not bad not great either might consider brand next time,-0.5448,0.111,0.633,0.256,Negative,Anger
REV00869,Fashion,Sunglasses,Fantastic value for the price. It's comfortable and fits perfectly. ❤️,4,2024-03-13,True,0,fantastic value price comfortable fit perfectly,0.926,0.628,0.372,0.0,Positive,None Detected
REV01160,Sports & Outdoors,Water Bottle,"FIVE STARS, NO DOUBT. MY FAMILY LOVES IT JUST AS MUCH AS I DO. 😊",4,2025-10-08,False,1,five star doubt family love much,0.9108,0.458,0.483,0.06,Positive,None Detected
REV00246,Home & Kitchen,Air Fryer,Absolutely loved this product! My family loves it just as much as I do. 😊,4,2024-06-25,True,2,absolutely loved product family love much,0.9347,0.486,0.514,0.0,Positive,Joy
REV00275,Sports & Outdoors,Cycling Helmet,Exceeded my expectations. The build quality feels premium and sturdy. 👍,4,2024-06-16,False,4,exceeded expectation build quality feel premium sturdy,0.0,0.0,1.0,0.0,Neutral,Anticipation
REV00148,Beauty & Personal Care,Sunscreen Lotion,I want a refund immediately. Customer support never replied to my emails.,2,2024-11-02,True,2,want refund immediately customer support never replied email,0.4588,0.286,0.714,0.0,Positive,Anticipation
REV01130,Electronics,Bluetooth Speaker,Highly recommend this to everyone. It looks even better than the pictures online. 👍,4,2025-10-02,True,1,highly recommend everyone look even better picture online,0.6901,0.305,0.695,0.0,Positive,Trust
REV00295,Electronics,USB-C Hub,not worth the money at all. the size was completely different from what was described. 👎,2,2025-01-03,False,0,not worth money size completely different described,-0.1695,0.0,0.906,0.094,Negative,Anger
REV00325,Beauty & Personal Care,Moisturizer Cream,fantastic value for the price. the packaging was neat and nothing was damaged. 🔥,5,2024-02-16,True,2,fantastic value price packaging neat nothing damaged,0.9089,0.599,0.401,0.0,Positive,None Detected
REV00771,Home & Kitchen,Vacuum Cleaner,"Five stars, no doubt. Setup was simple and took less than five minutes.",5,2024-05-31,True,0,five star doubt setup simple took less five minute,0.2755,0.15,0.85,0.0,Positive,Trust
REV00800,Books & Media,Kids Story Set,Not worth the money at all. The material feels cheap and flimsy. 👎,1,2024-08-02,False,6,not worth money material feel cheap flimsy,-0.1695,0.0,0.886,0.114,Negative,Anger
REV00540,Fashion,Cotton T-Shirt,Reasonable purchase overall. I might consider other brands next time.,3,2024-02-02,False,8,reasonable purchase overall might consider brand next time,0.0,0.0,1.0,0.0,Neutral,Anticipation
REV01716,Home & Kitchen,Non-Stick Pan Set,Highly recommend this to everyone. The build quality feels premium and sturdy. ❤️,4,2024-12-10,True,14,highly recommend everyone build quality feel premium sturdy,0.4201,0.177,0.823,0.0,Positive,Trust
REV00677,Electronics,USB-C Hub,Best purchase I've made this year. Customer service was quick to respond when I had a question. 😊,4,2025-07-08,True,3,best purchase ive made year customer service quick respond question,0.8807,0.349,0.651,0.0,Positive,None Detected
REV01135,Beauty & Personal Care,Lip Balm Set,"Average quality for the price. It does what it says, just don't expect much extra. 🙂",3,2024-09-02,True,2,average quality price say dont expect much extra,0.4033,0.137,0.863,0.0,Positive,Anticipation
REV00769,Electronics,Smartwatch,"Does the job but nothing extraordinary. Packaging was standard, nothing memorable. 🤷",3,2025-09-11,True,3,job nothing extraordinary packaging standard nothing memorable,0.0,0.0,1.0,0.0,Neutral,Joy
REV00006,Sports & Outdoors,Resistance Bands,I regret buying this. I found scratches on it right out of the packaging. 👎,1,2024-02-27,True,10,regret buying found scratch right packaging,-0.4215,0.0,0.843,0.157,Negative,Sadness
REV00975,Books & Media,Biography,Highly recommend this to everyone. The packaging was neat and nothing was damaged. 😊,4,2025-06-26,True,1,highly recommend everyone packaging neat nothing damaged,0.828,0.42,0.487,0.093,Positive,Trust
REV01169,Fashion,Backpack,This is exactly what I needed. The build quality feels premium and sturdy. ❤️ although the price is a bit high for what you get.,4,2024-05-20,True,1,exactly needed build quality feel premium sturdy although price bit high get,0.0,0.0,1.0,0.0,Neutral,None Detected
REV00104,Books & Media,Comic Collection,One of the worst products I've bought online. The size was completely different from what was described. 😡,2,2025-01-05,True,3,one worst product ive bought online size completely different described,-0.6249,0.0,0.814,0.186,Negative,None Detected
REV00211,Fashion,Leather Wallet,Works like a charm. It's comfortable and fits perfectly.,5,2024-02-01,True,4,work like charm comfortable fit perfectly,0.9136,0.718,0.282,0.0,Positive,None Detected
REV01471,Sports & Outdoors,Dumbbell Set,"It's exactly what was advertised, nothing more. Good enough for occasional use. 🤷",3,2025-10-29,False,2,exactly advertised nothing good enough occasional use,-0.3865,0.0,0.832,0.168,Negative,Surprise
REV00042,Sports & Outdoors,Cycling Helmet,Fantastic value for the price. The build quality feels premium and sturdy. ❤️,4,2025-09-09,False,0,fantastic value price build quality feel premium sturdy,0.7184,0.333,0.667,0.0,Positive,None Detected
REV01387,Home & Kitchen,Non-Stick Pan Set,This is exactly what I needed. Battery life lasts way longer than advertised. ✨,5,2024-03-17,False,1,exactly needed battery life last way longer advertised,0.3182,0.15,0.85,0.0,Positive,None Detected
REV01674,Electronics,Bluetooth Speaker,Does the job but nothing extraordinary. The design is simple but functional. 🙂,3,2024-01-08,True,0,job nothing extraordinary design simple functional,0.5515,0.203,0.797,0.0,Positive,None Detected
REV00378,Fashion,Leather Wallet,This broke within a few days of use. The instructions were confusing and unclear. 💔,2,2025-10-02,True,4,broke within day use instruction confusing unclear,-0.5574,0.168,0.44,0.392,Negative,Fear
REV01279,Fashion,Sunglasses,Couldn't be happier with this purchase. It's comfortable and fits perfectly. 🔥,4,2025-09-28,True,1,couldnt happier purchase comfortable fit perfectly,0.5145,0.363,0.387,0.25,Positive,None Detected
REV01662,Home & Kitchen,Vacuum Cleaner,"I'm so impressed with the quality. Delivery was super fast, arrived a day early.",5,2024-04-28,True,2,impressed quality delivery super fast arrived day early,0.807,0.378,0.622,0.0,Positive,None Detected
REV01111,Electronics,USB-C Hub,BEST PURCHASE I'VE MADE THIS YEAR. IT LOOKS EVEN BETTER THAN THE PICTURES ONLINE.,5,2024-03-22,True,2,best purchase ive made year look even better picture online,0.7964,0.372,0.628,0.0,Positive,None Detected
REV01567,Fashion,Denim Jacket,I'm so impressed with the quality. The build quality feels premium and sturdy. ✨,5,2025-11-16,False,2,impressed quality build quality feel premium sturdy,0.6901,0.322,0.678,0.0,Positive,None Detected
REV01456,Fashion,Sunglasses,"Not bad, but not great either. It's comparable to other products in this price range.",3,2024-10-09,True,0,not bad not great either comparable product price range,-0.5448,0.099,0.671,0.229,Negative,Anger
REV01090,Fashion,Backpack,Absolutely loved this product! The color and finish look great in person. ✨ but I wish it came in more color options.,5,2024-08-31,True,2,absolutely loved product color finish look great person wish came color option,0.8637,0.371,0.629,0.0,Positive,None Detected
REV01740,Fashion,Denim Jacket,Couldn't be happier with this purchase. Battery life lasts way longer than advertised. ✨,4,2025-11-18,False,1,couldnt happier purchase battery life last way longer advertised,-0.122,0.135,0.703,0.163,Negative,None Detected
REV00206,Fashion,Backpack,This is exactly what I needed. The packaging was neat and nothing was damaged. 😊,4,2024-10-12,True,8,exactly needed packaging neat nothing damaged,0.7119,0.325,0.579,0.096,Positive,None Detected
REV01069,Home & Kitchen,Air Fryer,"I regret buying this. The material feels cheap and flimsy. On the plus side, it did arrive quickly.",1,2024-03-12,False,3,regret buying material feel cheap flimsy plus side arrive quickly,-0.4215,0.0,0.859,0.141,Negative,Sadness
REV00028,Electronics,Bluetooth Speaker,I'm so impressed with the quality. It looks even better than the pictures online. although it took longer to arrive than promised.,4,2024-06-15,False,7,impressed quality look even better picture online although took longer arrive promised,0.8313,0.316,0.684,0.0,Positive,Anticipation
REV01105,Beauty & Personal Care,Hair Dryer,"A decent option if you're on a budget. Packaging was standard, nothing memorable. 🙂",3,2024-06-19,True,7,decent option youre budget packaging standard nothing memorable,-0.3101,0.0,0.869,0.131,Negative,Trust
REV01462,Beauty & Personal Care,Hair Dryer,This is exactly what I needed. The color and finish look great in person. 🔥,5,2024-05-01,True,0,exactly needed color finish look great person,0.4019,0.21,0.667,0.123,Positive,None Detected
REV01138,Beauty & Personal Care,Face Serum,"Five stars, no doubt. Delivery was super fast, arrived a day early. ✨",5,2025-10-04,True,2,five star doubt delivery super fast arrived day early,0.8079,0.454,0.546,0.0,Positive,Trust
REV00205,Home & Kitchen,Bedsheet Set,Exceeded my expectations. Customer service was quick to respond when I had a question.,5,2025-02-18,True,0,exceeded expectation customer service quick respond question,0.0,0.0,1.0,0.0,Neutral,Anticipation
REV01544,Sports & Outdoors,Camping Tent,This is exactly what I needed. My family loves it just as much as I do. 👍,4,2025-12-08,False,0,exactly needed family love much,0.5719,0.179,0.821,0.0,Positive,Joy
REV01745,Beauty & Personal Care,Hair Dryer,I want a refund immediately. Customer support never replied to my emails.,1,2025-01-21,True,1,want refund immediately customer support never replied email,0.4588,0.286,0.714,0.0,Positive,Anticipation
REV00671,Fashion,Leather Wallet,"It works as described, no complaints, no excitement. It does what it says, just don't expect much extra. 🙂",3,2025-04-06,True,1,work described complaint excitement say dont expect much extra,0.4981,0.259,0.642,0.099,Positive,Anticipation
REV00625,Beauty & Personal Care,Sunscreen Lotion,Fantastic value for the price. The build quality feels premium and sturdy. 😊,5,2025-05-08,True,2,fantastic value price build quality feel premium sturdy,0.9001,0.48,0.52,0.0,Positive,None Detected
REV00412,Electronics,Bluetooth Speaker,"Five stars, no doubt. Battery life lasts way longer than advertised.",4,2025-01-31,False,1,five star doubt battery life last way longer advertised,0.2755,0.174,0.826,0.0,Positive,Trust
REV01768,Sports & Outdoors,Yoga Mat,Reasonable purchase overall. It's comparable to other products in this price range.,3,2024-04-30,True,0,reasonable purchase overall comparable product price range,0.0,0.0,1.0,0.0,Neutral,None Detected
REV00741,Fashion,Running Shoes,Works like a charm. It's comfortable and fits perfectly. 👍,5,2025-01-08,True,0,work like charm comfortable fit perfectly,0.9136,0.645,0.355,0.0,Positive,None Detected
REV01033,Electronics,Smartwatch,"I regret buying this. The instructions were confusing and unclear. 😢 On the plus side, it did arrive quickly.",1,2025-02-19,True,4,regret buying instruction confusing unclear plus side arrive quickly,-0.8316,0.0,0.62,0.38,Negative,Sadness
REV01143,Fashion,Leather Wallet,I want a refund immediately. I found scratches on it right out of the packaging.,2,2024-02-01,True,0,want refund immediately found scratch right packaging,0.0772,0.085,0.915,0.0,Positive,Anticipation
REV00999,Fashion,Running Shoes,Works like a charm. The color and finish look great in person. 👍,5,2025-10-20,True,0,work like charm color finish look great person,0.8519,0.458,0.542,0.0,Positive,None Detected
REV01726,Home & Kitchen,Air Fryer,"Exceeded my expectations. Delivery was super fast, arrived a day early. 👍",4,2024-06-19,True,3,exceeded expectation delivery super fast arrived day early,0.5994,0.245,0.755,0.0,Positive,Anticipation
REV00207,Electronics,Laptop Stand,Exceeded my expectations. It's comfortable and fits perfectly. 👍,5,2024-11-16,True,2,exceeded expectation comfortable fit perfectly,0.8176,0.484,0.516,0.0,Positive,Anticipation
REV00868,Electronics,Smartwatch,Really disappointed with this purchase. There was a strange smell straight out of the box. 💔,2,2025-06-24,True,6,really disappointed purchase strange smell straight box,-0.2944,0.231,0.455,0.314,Negative,Anger
