review_id,product_category,product_name,review_text,rating,review_date,verified_purchase,helpful_votes
REV00504,Fashion,Cotton T-Shirt,"Five stars, no doubt. Setup was simple and took less than five minutes. ✨",5.0,2024-05-05,True,5
REV01117,Sports & Outdoors,Resistance Bands,Exceeded my expectations. The color and finish look great in person. ❤️,5.0,2025-05-15,True,5
REV01150,Sports & Outdoors,Camping Tent,I want a refund immediately. It doesn't match the pictures shown online at all.,2.0,2024-12-21,True,1
REV01280,Home & Kitchen,Vacuum Cleaner,<br>I want a refund immediately. The material feels cheap and flimsy. www.shopreview-site.com/r/12345,1.0,2024-03-31,True,2
REV00467,Books & Media,Fiction Novel,</p>I'm so impressed with the quality. The color and finish look great in person.,5.0,2024-11-04,True,2
REV01519,Beauty & Personal Care,Lip Balm Set,Best purchase I've made this year. Battery life lasts way longer than advertised.,4.0,2024-02-10,True,11
REV00954,Fashion,Cotton T-Shirt,"Five stars, no doubt. The color and finish look great in person. ❤️ http://example-shop.com/review",5.0,2025-03-07,True,1
REV01436,Sports & Outdoors,Camping Tent,<br>Works like a charm. It's comfortable and fits perfectly.,5.0,2025-05-21,False,8
REV00457,Books & Media,Kids Story Set,This is exactly what I needed. Battery life lasts way longer than advertised.,4.0,2025-01-28,False,1
REV00210,Fashion,Leather Wallet,Works like a charm. Customer service was quick to respond when I had a question. ✨,5.0,2024-01-10,True,4
REV00904,Sports & Outdoors,Water Bottle,Couldn't  be happier with this purchase. It's comfortable and fits perfectly. 🔥,5.0,2024-08-03,True,0
REV00013,Sports & Outdoors,Dumbbell Set,Best purchase I've made this year. My family loves it just as much as I do. ✨,4.0,2025-12-07,True,4
REV00853,Beauty & Personal Care,Face Serum,Best purchase I've made this year. The color and finish look great in person. ❤️,4.0,2024-02-24,True,0
REV00471,Home & Kitchen,Blender,"<br>It's an okay product, nothing special. Some features could be improved in future versions. 🙂",3.0,2024-09-14,True,2
REV01010,Books & Media,Self-Help Book,Extremely poor quality. The instructions were confusing and unclear. 👎,1.0,2025-07-13,True,3
REV00534,Electronics,Power Bank,"Not bad, but not great either. I might consider other brands next time.",3.0,2025-03-14,True,0
REV00431,Home & Kitchen,Air Fryer,Exceeded my expectations. Setup was simple and took less than five minutes. ❤️,5.0,2024-05-17,True,1
REV00863,Beauty & Personal Care,Face Serum,Fantastic value for the price. The packaging was neat and nothing was damaged. 🔥,5.0,2025-12-15,True,0
REV00837,Fashion,Running Shoes,"Works  like a charm. Delivery was super fast, arrived a day early. ❤️",5.0,2025-12-09,True,4
REV01638,Fashion,Sunglasses,Highly  recommend this to everyone. Customer service was quick to respond when I had a question.,5.0,2025-05-15,True,5
REV01461,Sports & Outdoors,Water Bottle,Absolutely loved this product! Battery life lasts way longer than advertised. ✨,4.0,2025-08-04,True,3
REV01622,Home & Kitchen,Vacuum Cleaner,"Highly recommend this to everyone. Delivery was super fast, arrived a day early. ✨",4.0,2025-04-14,True,3
REV00794,Home & Kitchen,Blender,Fantastic value for the price. It looks even better than the pictures online.,5.0,2024-08-06,True,1
REV00829,Fashion,Sunglasses,"Fantastic value for the price. Delivery was super fast, arrived a day early. 👍",4.0,2025-11-15,True,1
REV00182,Beauty & Personal Care,Hair Dryer,"Five stars, no doubt. Customer service was quick to respond when I had a question. 👍",4.0,2024-02-04,False,2
REV00072,Books & Media,Biography,This is exactly what I needed. The packaging was neat and nothing was damaged.,4.0,2024-12-05,False,1
REV01369,Home & Kitchen,Non-Stick Pan Set,Works like a charm. It's comfortable and fits perfectly. 👍,5.0,2025-07-07,True,2
REV01187,Books & Media,Cookbook,This is exactly what I needed. The color and finish look great in person. ✨,5.0,2024-06-02,True,1
REV01758,Beauty & Personal Care,Electric Trimmer,Highly recommend this to everyone. The build quality feels premium and sturdy. 👍,5.0,2024-08-12,True,8
REV00748,Fashion,Denim Jacket,Exceeded  my expectations. Customer service was quick to respond when I had a question. 🔥 but the delivery experience could definitely be better.,4.0,2025-02-21,True,3
REV01382,Books & Media,Self-Help Book,Fantastic value for the price. Customer service was quick to respond when I had a question.,5.0,2024-08-07,True,1
REV00317,Fashion,Backpack,   ,4.0,2025-12-27,False,2
REV00823,Sports & Outdoors,Resistance Bands,Not  worth the money at all. The stitching came apart almost immediately. 💔,1.0,2024-02-17,False,4
REV01075,Home & Kitchen,Non-Stick Pan Set,FANTASTIC  VALUE FOR THE PRICE. IT LOOKS EVEN BETTER THAN THE PICTURES ONLINE. ❤️,4.0,2025-09-16,True,5
REV00520,Electronics,Bluetooth Speaker,Very frustrating experience overall. The size was completely different from what was described. 💔 http://example-shop.com/review,1.0,2025-10-13,True,1
REV00187,Sports & Outdoors,Cycling Helmet,"Really disappointed with this purchase. The material feels cheap and flimsy. 👎 On the plus side, it did arrive quickly.",2.0,2025-06-24,False,3
REV01388,Fashion,Running Shoes,Best purchase I've made this year. My family loves it just as much as I do. 😊,4.0,2025-09-05,True,1
REV01464,Electronics,USB-C Hub,Couldn't be happier with this purchase. It looks even better than the pictures online. 👍 although the price is a bit high for what you get.,5.0,2025-10-08,True,12
REV01022,Fashion,Running Shoes,Fantastic value for the price. The color and finish look great in person. ❤️,4.0,2024-09-18,True,0
REV00294,Electronics,Laptop Stand,<br>I want a refund immediately. It stopped working after just one week. 💔,1.0,2024-04-02,True,0
REV01640,Beauty & Personal Care,Hair Dryer,"Five stars, no doubt. It looks even better than the pictures online. ❤️",4.0,2025-04-17,True,4
REV01637,Beauty & Personal Care,Moisturizer Cream,Best purchase I've made this year. The packaging was neat and nothing was damaged. ❤️,5.0,2025-07-21,True,2
REV00662,Books & Media,Self-Help Book,Fantastic value for the price. Battery life lasts way longer than advertised. ❤️,5.0,2025-08-24,True,0
REV00955,Home & Kitchen,Blender,This is exactly what I needed. The color and finish look great in person. 😊,4.0,2025-08-04,True,0
REV00483,Books & Media,Comic Collection,Average  quality for the price. Some features could be improved in future versions. 🙂,3.0,2025-08-28,True,1
REV00566,Electronics,Power Bank,&amp;I'm so impressed with the quality. Setup was simple and took less than five minutes.,5.0,2025-08-03,True,2
REV01181,Beauty & Personal Care,Face Serum,Not worth the money at all. It stopped working after just one week. 😢,1.0,2024-07-22,True,1
REV01465,Sports & Outdoors,Dumbbell Set,This is exactly what I needed. The build quality feels premium and sturdy. ❤️ https://bit.ly/3xample,5.0,2025-04-17,True,1
REV00371,Sports & Outdoors,Cycling Helmet,"Exceeded my expectations. Delivery was super fast, arrived a day early. 👍",4.0,2025-03-31,True,1
REV01177,Sports & Outdoors,Water Bottle,I'm so impressed with the quality. Battery life lasts way longer than advertised. ❤️,4.0,2025-02-25,True,6
REV01769,Beauty & Personal Care,Moisturizer Cream,"It's  fine, meets basic expectations. Shipping took the standard amount of time. 🤷   ",3.0,2024-07-05,True,1
REV01719,Fashion,Cotton T-Shirt,"Middle  of the road experience. Packaging was standard, nothing memorable.",3.0,2025-08-23,False,2
REV00684,Home & Kitchen,Air Fryer,I'm so impressed with the quality. Battery life lasts way longer than advertised. ❤️,5.0,2024-08-15,True,7
REV00034,Beauty & Personal Care,Electric Trimmer,One of the worst products I've bought online. The size was completely different from what was described.,2.0,2024-11-04,True,4
REV00588,Sports & Outdoors,Camping Tent,This is exactly what I needed. Setup was simple and took less than five minutes. 😊 although the price is a bit high for what you get.   ,5.0,2025-05-07,True,2
REV00293,Sports & Outdoors,Yoga Mat,"Highly recommend this to everyone. Delivery was super fast, arrived a day early. 😊",5.0,2025-02-23,True,0
REV00712,Fashion,Sunglasses,This was a complete waste of time. Customer support never replied to my emails. 😡,1.0,2025-05-04,True,0
REV00958,Fashion,Cotton T-Shirt,Exceeded my expectations. My family loves it just as much as I do. ✨,4.0,2024-04-08,True,3
REV01040,Beauty & Personal Care,Moisturizer Cream,"</p>Five stars, no doubt. Customer service was quick to respond when I had a question.",5.0,2025-08-31,False,4
REV01363,Books & Media,Self-Help Book,Highly recommend this to everyone. The color and finish look great in person. 😊 although the price is a bit high for what you get.,4.0,2025-07-20,True,1
REV01223,Sports & Outdoors,Camping Tent,i'm so impressed with the quality. my family loves it just as much as i do. but the delivery experience could definitely be better.,4.0,2025-05-24,True,1
REV01772,Electronics,Smartwatch,really disappointed with this purchase. the stitching came apart almost immediately. 💔,2.0,2024-10-02,True,1
REV00778,Fashion,Leather Wallet,"Average quality for the price. It does what it says, just don't expect much extra.",3.0,2024-01-14,True,0
REV00967,Home & Kitchen,Electric Kettle,This  is exactly what I needed. The build quality feels premium and sturdy. 🔥,4.0,2024-09-11,True,2
REV01237,Home & Kitchen,Bedsheet Set,Absolutely loved this product! The color and finish look great in person. 😊,5.0,2025-10-08,True,3
REV01446,Books & Media,Self-Help Book,"Works  like a charm. Delivery was super fast, arrived a day early.",4.0,2024-06-25,True,3
REV00195,Books & Media,Biography,Best purchase I've made this year. Customer service was quick to respond when I had a question. ❤️,5.0,2024-03-19,True,4
REV00932,Fashion,Denim Jacket,"Does the job but nothing extraordinary. It does what it says, just don't expect much extra. 🤷",3.0,2025-07-26,False,2
REV00116,Beauty & Personal Care,Hair Dryer,Best purchase I've made this year. Customer service was quick to respond when I had a question.,5.0,2024-08-31,False,2
REV01052,Electronics,Bluetooth Speaker,I want a refund immediately. The size was completely different from what was described. 👎,2.0,2024-06-25,False,3
REV00600,Home & Kitchen,Electric Kettle,"Best purchase I've made this year. Delivery was super fast, arrived a day early. 👍",5.0,2025-06-01,True,0
REV00140,Sports & Outdoors,Camping Tent,Couldn't be happier with this purchase. The build quality feels premium and sturdy. 😊 although it took longer to arrive than promised.   ,5.0,2025-10-04,True,4
REV01092,Beauty & Personal Care,Electric Trimmer,I regret buying this. There was a strange smell straight out of the box. 😡 www.shopreview-site.com/r/12345,,2025-02-15,True,1
REV00579,Electronics,USB-C Hub,THIS WAS A COMPLETE WASTE OF TIME. THERE WAS A STRANGE SMELL STRAIGHT OUT OF THE BOX. 😡,2.0,2025-02-12,True,6
REV01746,Fashion,Leather Wallet,Not worth the money at all. It stopped working after just one week. 😢,1.0,2024-05-08,True,2
REV00558,Home & Kitchen,Bedsheet Set,Exceeded my expectations. Battery life lasts way longer than advertised. ✨,4.0,2025-01-11,False,2
REV00316,Beauty & Personal Care,Hair Dryer,"Five stars, no doubt. The color and finish look great in person. ✨",5.0,2024-03-17,True,6
REV00576,Books & Media,Kids Story Set,Highly recommend this to everyone. The color and finish look great in person.,5.0,2024-03-19,True,5
REV01244,Electronics,Bluetooth Speaker,"Five stars, no doubt. Battery life lasts way longer than advertised. 😊",4.0,2025-07-17,True,5
REV01204,Electronics,Power Bank,Exceeded my expectations. Battery life lasts way longer than advertised. ❤️,4.0,2024-10-03,True,0
REV01418,Books & Media,Kids Story Set,I'm so impressed with the quality. The color and finish look great in person. 😊,4.0,2025-03-31,True,7
REV00150,Sports & Outdoors,Cycling Helmet,&amp;Highly recommend this to everyone. The color and finish look great in person. ✨,4.0,2024-05-31,False,0
REV00465,Electronics,USB-C Hub,   ,5.0,2024-08-29,True,0
REV00587,Books & Media,Self-Help Book,&amp;This is exactly what I needed. It's comfortable and fits perfectly. 😊 although the price is a bit high for what you get.,5.0,2025-05-13,True,0
REV00400,Home & Kitchen,Electric Kettle,Exceeded my expectations. The color and finish look great in person. 🔥,5.0,2025-12-07,True,7
REV00632,Books & Media,Fiction Novel,I'm so impressed with the quality. My family loves it just as much as I do. ❤️ but I wish it came in more color options.,4.0,2025-02-09,True,1
REV00418,Fashion,Backpack,Absolutely loved this product! Battery life lasts way longer than advertised. 😊,4.0,2025-01-31,True,1
REV00005,Home & Kitchen,Air Fryer,"I'm so impressed with the quality. Delivery was super fast, arrived a day early. 🔥",4.0,2025-11-30,True,3
REV01704,Home & Kitchen,Air Fryer,Best purchase I've made this year. The packaging was neat and nothing was damaged. 👍 even though customer service was slow to respond.,5.0,2024-08-20,True,18
REV00617,Books & Media,Biography,"Not bad, but not great either. Shipping took the standard amount of time. 🙂",3.0,2024-05-06,True,0
REV00910,Electronics,Power Bank,Exceeded my expectations. It's comfortable and fits perfectly. ❤️,4.0,2024-09-08,True,1
REV01367,Fashion,Running Shoes,I want a refund immediately. It stopped working after just one week. 👎,1.0,2024-01-30,True,9
REV01172,Home & Kitchen,Vacuum Cleaner,Really disappointed with this purchase. The instructions were confusing and unclear. 😡 https://bit.ly/3xample,1.0,2024-08-18,True,1
REV01684,Electronics,Laptop Stand,</p>Best purchase I've made this year. It's comfortable and fits perfectly. 😊,4.0,2024-08-18,True,0
REV01264,Sports & Outdoors,Cycling Helmet,"Does the job but nothing extraordinary. Packaging was standard, nothing memorable.",3.0,2024-05-01,True,9
REV00016,Fashion,Leather Wallet,This  is exactly what I needed. It looks even better than the pictures online. 😊 but I wish it came in more color options.,4.0,2025-10-23,True,0
REV01627,Books & Media,Self-Help Book,Works like a charm. Battery life lasts way longer than advertised. 🔥,,2024-02-18,True,0
REV01379,Books & Media,Kids Story Set,I'm  so impressed with the quality. The build quality feels premium and sturdy. ✨,4.0,2025-05-26,True,6
REV01595,Beauty & Personal Care,Hair Dryer,Highly recommend this to everyone. Customer service was quick to respond when I had a question. 🔥,5.0,2025-03-04,True,4
REV00732,Beauty & Personal Care,Moisturizer Cream,"Very frustrating experience overall. Customer support never replied to my emails. 😢 On the plus side, it did arrive quickly.",2.0,2024-02-24,False,3
REV00442,Fashion,Running Shoes,This  broke within a few days of use. Customer support never replied to my emails. 👎,1.0,2025-12-04,False,0
REV00247,Fashion,Cotton T-Shirt,"<p>Not bad, but not great either. I might consider other brands next time. 🙂",3.0,2024-03-30,True,0
REV01286,Books & Media,Comic Collection,Highly recommend this to everyone. The packaging was neat and nothing was damaged. ❤️,4.0,2025-06-25,True,7
REV00087,Home & Kitchen,Non-Stick Pan Set,Fantastic value for the price. My family loves it just as much as I do. 👍,4.0,2025-02-11,True,0
REV01718,Electronics,Wireless Earbuds,Exceeded my expectations. The color and finish look great in person. 🔥,5.0,2025-03-15,True,1
REV01352,Sports & Outdoors,Yoga Mat,</p>Would not recommend this to anyone. The instructions were confusing and unclear. 💔,2.0,2024-10-17,False,0
REV01007,Books & Media,Fiction Novel,&amp;I'm so impressed with the quality. Setup was simple and took less than five minutes. ❤️,5.0,2024-08-08,True,0
REV00118,Beauty & Personal Care,Electric Trimmer,"It works as described, no complaints, no excitement. It does what it says, just don't expect much extra.",3.0,2024-02-23,True,3
REV00177,Home & Kitchen,Air Fryer,Works like a charm. It looks even better than the pictures online. 😊,5.0,2025-11-18,True,0
REV00127,Sports & Outdoors,Cycling Helmet,works like a charm. my family loves it just as much as i do. ❤️ but the delivery experience could definitely be better.,,2025-03-23,False,1
REV00850,Electronics,Bluetooth Speaker,Highly recommend this to everyone. The color and finish look great in person. ❤️,5.0,2024-09-13,True,2
REV00209,Fashion,Cotton T-Shirt,Does the job but nothing extraordinary. It's a bit bulkier than I expected. 🤷,3.0,2025-08-11,True,1
REV00726,Fashion,Sunglasses,"Five stars, no doubt. Setup was simple and took less than five minutes. 👍",4.0,2025-04-12,True,2
REV01356,Books & Media,Cookbook,Works like a charm. Battery life lasts way longer than advertised.,5.0,2024-11-20,True,2
REV00121,Fashion,Denim Jacket,,5.0,2024-09-19,True,9
REV01488,Fashion,Cotton T-Shirt,couldn't  be happier with this purchase. setup was simple and took less than five minutes. 🔥 www.shopreview-site.com/r/12345,4.0,2024-07-14,False,0
REV01320,Sports & Outdoors,Dumbbell Set,Couldn't be happier with this purchase. My family loves it just as much as I do.   ,5.0,2025-05-22,True,3
REV00601,Home & Kitchen,Electric Kettle,This is exactly what I needed. Battery life lasts way longer than advertised.,5.0,2025-02-27,False,0
REV01754,Sports & Outdoors,Dumbbell Set,Best  purchase I've made this year. The build quality feels premium and sturdy. 👍,5.0,2024-09-29,True,1
REV00719,Beauty & Personal Care,Lip Balm Set,Does  the job but nothing extraordinary. I might consider other brands next time.,3.0,2024-05-04,True,3
REV01012,Fashion,Denim Jacket,"Five stars, no doubt. My family loves it just as much as I do. 👍",5.0,2024-01-24,True,0
REV00119,Home & Kitchen,Blender,"Does the job but nothing extraordinary. It does what it says, just don't expect much extra. 🙂",3.0,2025-03-23,True,0
REV01343,Home & Kitchen,Vacuum Cleaner,This is exactly what I needed. The color and finish look great in person. ❤️ http://example-shop.com/review,4.0,2024-12-16,False,0
REV01549,Fashion,Leather Wallet,Absolutely loved this product! It's comfortable and fits perfectly. ❤️,5.0,2024-10-10,True,0
REV01611,Sports & Outdoors,Dumbbell Set,Works like a charm. The color and finish look great in person. 🔥,4.0,2025-06-01,True,0
REV00223,Electronics,Power Bank,Best purchase I've made this year. My family loves it just as much as I do. 😊,5.0,2025-01-26,True,8
REV00142,Home & Kitchen,Bedsheet Set,"Five stars, no doubt. Battery life lasts way longer than advertised. 🔥 even though customer service was slow to respond.",4.0,2024-05-24,True,0
REV00157,Home & Kitchen,Bedsheet Set,"I want a refund immediately. It arrived late and the box was damaged. 👎 On the plus side, it did arrive quickly.",1.0,2025-05-03,True,9
REV00696,Home & Kitchen,Bedsheet Set,"It's  fine, meets basic expectations. There are better alternatives but this works fine too.",3.0,2025-12-14,True,0
REV01375,Books & Media,Biography,Works like a charm. It's comfortable and fits perfectly. ✨,5.0,2025-11-14,True,3
REV00541,Electronics,Power Bank,<p>Fantastic value for the price. Battery life lasts way longer than advertised. 🔥,5.0,2025-05-18,True,0
REV01720,Sports & Outdoors,Yoga Mat,<br>This is exactly what I needed. The packaging was neat and nothing was damaged. ❤️,5.0,2025-01-14,True,7
REV01514,Books & Media,Kids Story Set,"Highly recommend this to everyone. Delivery was super fast, arrived a day early. ✨",5.0,2025-05-13,True,3
REV00071,Home & Kitchen,Blender,Works like a charm. The packaging was neat and nothing was damaged. 🔥,5.0,2025-02-24,True,0
REV00109,Electronics,Bluetooth Speaker,,4.0,2024-02-12,True,4
REV00627,Electronics,Smartwatch,This broke within a few days of use. The size was completely different from what was described. 💔,2.0,2025-12-25,True,0
REV00047,Books & Media,Comic Collection,Exceeded my expectations. Customer service was quick to respond when I had a question. ❤️ although the price is a bit high for what you get.,5.0,2024-07-22,True,2
REV01750,Beauty & Personal Care,Moisturizer Cream,A decent option if you're on a budget. It's comparable to other products in this price range. 🤷,3.0,2025-06-23,True,4
REV00621,Electronics,Smartwatch,HIGHLY RECOMMEND THIS TO EVERYONE. THE PACKAGING WAS NEAT AND NOTHING WAS DAMAGED.,5.0,2025-02-26,False,4
REV01706,Electronics,Laptop Stand,Best purchase I've made this year. It's comfortable and fits perfectly.,4.0,2024-12-01,True,0
REV01326,Beauty & Personal Care,Face Serum,"</p>It's fine, meets basic expectations. It's a bit bulkier than I expected. 🤷",3.0,2025-08-15,True,1
REV00699,Electronics,Power Bank,Exceeded  my expectations. Setup was simple and took less than five minutes. 😊,4.0,2024-01-08,True,0
REV01034,Fashion,Leather Wallet,"Middle of the road experience. Packaging was standard, nothing memorable.",3.0,2024-07-09,True,0
REV00439,Electronics,Bluetooth Speaker,This is exactly what I needed. It's comfortable and fits perfectly. 👍,5.0,2024-11-18,True,3
REV00347,Sports & Outdoors,Water Bottle,Absolutely loved this product! The packaging was neat and nothing was damaged. ✨,4.0,2025-01-25,True,0
REV01283,Home & Kitchen,Air Fryer,Couldn't be happier with this purchase. It's comfortable and fits perfectly. 👍 although the price is a bit high for what you get. http://example-shop.com/review,4.0,2025-07-23,False,1
REV00799,Beauty & Personal Care,Hair Dryer,Reasonable purchase overall. It's comparable to other products in this price range. 🙂,3.0,2024-05-08,True,0
REV01466,Sports & Outdoors,Camping Tent,Exceeded my expectations. My family loves it just as much as I do. 🔥,4.0,2024-03-17,True,3
REV01341,Sports & Outdoors,Cycling Helmet,"It's exactly what was advertised, nothing more. I might consider other brands next time.",3.0,2024-02-09,True,5
REV01045,Home & Kitchen,Air Fryer,Fantastic value for the price. The packaging was neat and nothing was damaged. ✨,5.0,2024-03-31,False,1
REV01155,Home & Kitchen,Blender,One  of the worst products I've bought online. I found scratches on it right out of the packaging. 💔,2.0,2025-04-09,True,1
REV01415,Beauty & Personal Care,Sunscreen Lotion,This is exactly what I needed. Customer service was quick to respond when I had a question. ❤️,4.0,2025-01-27,True,0
REV01002,Sports & Outdoors,Cycling Helmet,Fantastic value for the price. Customer service was quick to respond when I had a question. 👍 but I wish it came in more color options.,5.0,2024-07-06,True,0
REV01000,Books & Media,Kids Story Set,I want a refund immediately. The material feels cheap and flimsy. 😢,1.0,2025-10-22,True,0
REV00476,Electronics,Wireless Earbuds,"Exceeded my expectations. Delivery was super fast, arrived a day early. ✨ www.shopreview-site.com/r/12345",4.0,2025-11-11,True,3
REV00858,Sports & Outdoors,Camping Tent,Very frustrating experience overall. It doesn't match the pictures shown online at all. http://example-shop.com/review,1.0,2025-12-17,True,15
REV00770,Beauty & Personal Care,Sunscreen Lotion,A decent option if you're on a budget. Good enough for occasional use. 🙂,3.0,2024-12-22,False,2
REV01058,Fashion,Denim Jacket,Fantastic value for the price. It looks even better than the pictures online. 👍 but the delivery experience could definitely be better.,5.0,2025-08-04,True,0
REV01491,Books & Media,Cookbook,"Exceeded my expectations. Delivery was super fast, arrived a day early. ✨",4.0,2025-09-23,False,0
REV00137,Home & Kitchen,Bedsheet Set,Exceeded my expectations. My family loves it just as much as I do. 🔥,5.0,2024-05-12,True,7
REV00051,Electronics,Bluetooth Speaker,I want a refund immediately. It stopped working after just one week. 💔,1.0,2024-12-29,True,3
REV01578,Fashion,Denim Jacket,Works like a charm. The color and finish look great in person. ❤️,4.0,2024-06-12,True,3
REV01338,Books & Media,Kids Story Set,Works like a charm. It's comfortable and fits perfectly. although the price is a bit high for what you get.,5.0,2024-02-06,True,1
REV00826,Sports & Outdoors,Camping Tent,I want a refund immediately. The stitching came apart almost immediately. 😡,1.0,2025-01-17,False,1
REV00753,Fashion,Backpack,"Fantastic value for the price. Delivery was super fast, arrived a day early. 😊",4.0,2024-06-06,True,1
REV00929,Beauty & Personal Care,Hair Dryer,Works like a charm. My family loves it just as much as I do. 👍,5.0,2025-11-23,True,1
REV01543,Sports & Outdoors,Dumbbell Set,Works like a charm. It's comfortable and fits perfectly.,5.0,2025-12-25,True,3
REV01240,Books & Media,Cookbook,One of the worst products I've bought online. The material feels cheap and flimsy. 😢,2.0,2024-05-19,True,4
REV01466,Sports & Outdoors,Camping Tent,Exceeded my expectations. My family loves it just as much as I do. 🔥,4.0,2024-03-17,True,3
REV00213,Home & Kitchen,Blender,Extremely poor quality. I found scratches on it right out of the packaging. 😡,1.0,2024-09-10,True,2
REV01144,Electronics,Bluetooth Speaker,ABSOLUTELY LOVED THIS PRODUCT! SETUP WAS SIMPLE AND TOOK LESS THAN FIVE MINUTES. 🔥,,2025-01-16,True,1
REV00803,Sports & Outdoors,Cycling Helmet,One  of the worst products I've bought online. The size was completely different from what was described. 💔,1.0,2024-04-16,True,2
REV01238,Home & Kitchen,Vacuum Cleaner,"This is exactly what I needed. Delivery was super fast, arrived a day early. ✨",4.0,2025-12-15,True,6
REV01505,Sports & Outdoors,Water Bottle,Absolutely loved this product! The build quality feels premium and sturdy. ❤️,5.0,2025-01-19,True,0
REV00052,Home & Kitchen,Electric Kettle,Couldn't be happier with this purchase. Setup was simple and took less than five minutes. ✨ but the delivery experience could definitely be better.,4.0,2025-10-23,True,2
REV00134,Beauty & Personal Care,Hair Dryer,"Fantastic value for the price. Delivery was super fast, arrived a day early.",5.0,2024-11-03,False,3
REV01306,Home & Kitchen,Blender,Exceeded  my expectations. The build quality feels premium and sturdy. 😊,5.0,2025-08-01,True,0
REV01074,Beauty & Personal Care,Lip Balm Set,"Couldn't be happier with this purchase. Delivery was super fast, arrived a day early. ✨ even though customer service was slow to respond.",4.0,2025-10-20,True,1
REV00428,Beauty & Personal Care,Sunscreen Lotion,"It's an okay product, nothing special. Good enough for occasional use. 🤷",3.0,2025-09-06,True,0
REV00218,Beauty & Personal Care,Moisturizer Cream,Not worth the money at all. It arrived late and the box was damaged. 💔,1.0,2024-01-03,False,3
REV00758,Fashion,Cotton T-Shirt,"It's an okay product, nothing special. The design is simple but functional. 🤷",3.0,2024-08-03,True,0
REV01523,Home & Kitchen,Bedsheet Set,Works like a charm. My family loves it just as much as I do. 🔥 even though customer service was slow to respond.,5.0,2024-10-02,True,3
REV00754,Fashion,Leather Wallet,Works like a charm. Setup was simple and took less than five minutes. ✨,4.0,2025-03-05,True,2
REV00167,Electronics,Power Bank,&amp;I  regret buying this. I found scratches on it right out of the packaging. 💔,1.0,2024-01-04,True,0
REV01591,Electronics,Bluetooth Speaker,This was a complete waste of time. Customer support never replied to my emails. 👎,2.0,2025-01-26,False,1
REV00756,Sports & Outdoors,Yoga Mat,Best purchase I've made this year. My family loves it just as much as I do. ✨,5.0,2024-08-11,True,3
REV01681,Beauty & Personal Care,Sunscreen Lotion,COULDN'T BE HAPPIER WITH THIS PURCHASE. THE BUILD QUALITY FEELS PREMIUM AND STURDY. 😊,5.0,2025-07-30,False,0
REV00608,Sports & Outdoors,Resistance Bands,Absolutely loved this product! My family loves it just as much as I do. ❤️,5.0,2025-06-30,False,0
REV00528,Home & Kitchen,Air Fryer,Exceeded my expectations. It looks even better than the pictures online. 👍,5.0,2025-12-08,True,1
REV00918,Electronics,USB-C Hub,"Five stars, no doubt. Battery life lasts way longer than advertised. ✨ although the price is a bit high for what you get.",5.0,2024-08-22,True,3
REV01707,Electronics,Bluetooth Speaker,"One of the worst products I've bought online. It arrived late and the box was damaged. 😡 On the plus side, it did arrive quickly.",1.0,2024-05-10,True,1
REV01635,Home & Kitchen,Air Fryer,"Fantastic value for the price. Delivery was super fast, arrived a day early. 👍",4.0,2024-02-27,True,3
REV01522,Fashion,Cotton T-Shirt,Really  disappointed with this purchase. There was a strange smell straight out of the box.,2.0,2024-03-20,True,1
REV01271,Sports & Outdoors,Water Bottle,"Five stars, no doubt. My family loves it just as much as I do. 👍",5.0,2025-03-31,True,4
REV00434,Books & Media,Biography,I want a refund immediately. Customer support never replied to my emails.,2.0,2024-07-31,True,0
REV00944,Fashion,Backpack,Very frustrating experience overall. The material feels cheap and flimsy. 😢,1.0,2025-01-10,True,0
REV01503,Home & Kitchen,Blender,Exceeded my expectations. It's comfortable and fits perfectly. ✨,4.0,2025-05-30,True,5
REV01299,Sports & Outdoors,Water Bottle,"It's  exactly what was advertised, nothing more. The design is simple but functional. 🙂",3.0,2024-02-07,True,2
REV00254,Books & Media,Biography,"Couldn't be happier with this purchase. Delivery was super fast, arrived a day early. ❤️",5.0,2025-10-26,True,5
REV00549,Beauty & Personal Care,Moisturizer Cream,"It's fine, meets basic expectations. It's comparable to other products in this price range. 🙂",3.0,2024-07-23,True,0
REV00977,Beauty & Personal Care,Hair Dryer,This is exactly what I needed. It's comfortable and fits perfectly. 👍,4.0,2024-10-23,True,3
REV00630,Books & Media,Biography,Not worth the money at all. There was a strange smell straight out of the box. 💔   ,1.0,2025-04-18,True,2
REV01570,Fashion,Denim Jacket,Absolutely  loved this product! It looks even better than the pictures online. 😊 even though customer service was slow to respond.,4.0,2024-08-16,True,0
REV01319,Electronics,Power Bank,works  like a charm. the build quality feels premium and sturdy. ✨,5.0,2024-06-30,False,4
REV00553,Books & Media,Kids Story Set,</p>I'm so impressed with the quality. The packaging was neat and nothing was damaged. 👍 but the delivery experience could definitely be better.,5.0,2024-02-07,True,0
REV01468,Home & Kitchen,Blender,"Couldn't  be happier with this purchase. Delivery was super fast, arrived a day early. 🔥 even though customer service was slow to respond.",5.0,2025-11-28,True,0
REV00773,Beauty & Personal Care,Moisturizer Cream,This is exactly what I needed. The color and finish look great in person.,5.0,2025-06-30,True,1
REV00887,Sports & Outdoors,Yoga Mat,Exceeded  my expectations. Setup was simple and took less than five minutes. ✨   ,5.0,2024-02-07,False,9
REV01371,Electronics,Laptop Stand,"Five  stars, no doubt. Setup was simple and took less than five minutes. ❤️",4.0,2025-09-10,False,0
REV01775,Books & Media,Cookbook,Average quality for the price. The design is simple but functional. 🙂,3.0,2025-12-18,False,2
REV01715,Sports & Outdoors,Yoga Mat,I'm so impressed with the quality. Battery life lasts way longer than advertised. 😊 although the price is a bit high for what you get.,5.0,2024-05-08,True,2
REV01017,Beauty & Personal Care,Sunscreen Lotion,<p>Highly recommend this to everyone. The build quality feels premium and sturdy. ✨,4.0,2024-11-30,True,10
REV01692,Fashion,Running Shoes,"One of the worst products I've bought online. The size was completely different from what was described. 😡 On the plus side, it did arrive quickly.",1.0,2024-07-25,True,0
REV01098,Beauty & Personal Care,Electric Trimmer,Very  frustrating experience overall. The stitching came apart almost immediately.   ,2.0,2024-02-24,True,1
REV00839,Books & Media,Fiction Novel,I regret buying this. There was a strange smell straight out of the box. 😡,1.0,2024-01-22,True,1
REV00237,Beauty & Personal Care,Face Serum,I want a refund immediately. The size was completely different from what was described. 😢 http://example-shop.com/review,1.0,2024-09-05,True,6
REV00363,Beauty & Personal Care,Hair Dryer,Works like a charm. Setup was simple and took less than five minutes. 🔥,4.0,2025-05-29,True,5
REV01752,Electronics,Wireless Earbuds,Exceeded  my expectations. My family loves it just as much as I do. ❤️,5.0,2024-10-28,True,0
REV00048,Books & Media,Comic Collection,,5.0,2024-12-21,True,2
REV00532,Books & Media,Self-Help Book,I'm  so impressed with the quality. It's comfortable and fits perfectly.,5.0,2025-01-23,True,1
REV00590,Beauty & Personal Care,Face Serum,FANTASTIC VALUE FOR THE PRICE. THE COLOR AND FINISH LOOK GREAT IN PERSON. 👍,5.0,2025-03-01,False,2
REV00865,Books & Media,Fiction Novel,exceeded  my expectations. customer service was quick to respond when i had a question.,5.0,2024-03-15,True,2
REV00335,Sports & Outdoors,Camping Tent,"It's exactly what was advertised, nothing more. It does what it says, just don't expect much extra. 🤷",3.0,2024-10-24,True,1
REV00088,Electronics,Power Bank,Exceeded my expectations. It looks even better than the pictures online.,5.0,2024-07-29,True,0
REV01317,Sports & Outdoors,Camping Tent,This  broke within a few days of use. The size was completely different from what was described. 😡,1.0,2025-06-10,True,0
REV00318,Electronics,Smartwatch,Extremely poor quality. The stitching came apart almost immediately. 😡,2.0,2024-03-15,True,1
REV00464,Books & Media,Cookbook,middle of the road experience. some features could be improved in future versions. 🤷,3.0,2024-10-08,False,2
REV00993,Home & Kitchen,Blender,Extremely poor quality. The instructions were confusing and unclear. 💔,2.0,2024-03-07,True,0
REV01281,Sports & Outdoors,Camping Tent,Works like a charm. Customer service was quick to respond when I had a question. 🔥,5.0,2025-01-13,True,3
REV00688,Beauty & Personal Care,Moisturizer Cream,"It works as described, no complaints, no excitement. It does what it says, just don't expect much extra.   ",3.0,2025-01-25,True,6
REV00817,Fashion,Cotton T-Shirt,Highly recommend this to everyone. My family loves it just as much as I do. 👍,,2025-06-08,False,4
REV00270,Home & Kitchen,Vacuum Cleaner,Highly recommend this to everyone. The packaging was neat and nothing was damaged. www.shopreview-site.com/r/12345,4.0,2025-02-15,True,0
REV01110,Electronics,USB-C Hub,Absolutely loved this product! Battery life lasts way longer than advertised. ✨ although it took longer to arrive than promised.,5.0,2024-04-18,True,0
REV01398,Beauty & Personal Care,Electric Trimmer,<br>This is exactly what I needed. The packaging was neat and nothing was damaged. 🔥,4.0,2024-02-02,True,2
REV01168,Books & Media,Kids Story Set,Extremely  poor quality. I found scratches on it right out of the packaging. 😢   ,2.0,2024-07-26,True,1
REV00575,Home & Kitchen,Bedsheet Set,Works  like a charm. My family loves it just as much as I do. 🔥,5.0,2024-07-03,False,6
REV01236,Sports & Outdoors,Cycling Helmet,"it's exactly what was advertised, nothing more. shipping took the standard amount of time. 🤷",3.0,2024-07-12,True,9
REV00284,Electronics,Power Bank,<p>Absolutely loved this product! The color and finish look great in person. ✨,4.0,2024-02-25,False,1
REV01366,Books & Media,Comic Collection,Fantastic value for the price. The packaging was neat and nothing was damaged.,5.0,2024-05-03,True,1
REV01703,Sports & Outdoors,Dumbbell Set,Highly recommend this to everyone. The build quality feels premium and sturdy. 👍,5.0,2025-06-09,True,4
REV01654,Sports & Outdoors,Camping Tent,This is exactly what I needed. It's comfortable and fits perfectly. 😊,4.0,2024-12-10,True,0
REV01082,Beauty & Personal Care,Face Serum,<br>Fantastic value for the price. Customer service was quick to respond when I had a question.,4.0,2024-12-01,True,5
REV00192,Books & Media,Self-Help Book,Exceeded my expectations. Setup was simple and took less than five minutes. 👍,4.0,2024-11-11,True,6
REV00027,Beauty & Personal Care,Sunscreen Lotion,"ABSOLUTELY LOVED THIS PRODUCT! DELIVERY WAS SUPER FAST, ARRIVED A DAY EARLY. 😊",5.0,2024-02-12,True,6
REV00433,Books & Media,Kids Story Set,Highly recommend this to everyone. The packaging was neat and nothing was damaged. ✨,4.0,2025-05-23,True,2
REV00479,Sports & Outdoors,Camping Tent,Exceeded my expectations. My family loves it just as much as I do. ❤️ www.shopreview-site.com/r/12345,4.0,2024-04-19,True,0
REV00578,Electronics,Power Bank,Fantastic value for the price. My family loves it just as much as I do. http://example-shop.com/review,4.0,2025-08-05,True,4
REV01630,Beauty & Personal Care,Lip Balm Set,"ABSOLUTELY LOVED THIS PRODUCT! DELIVERY WAS SUPER FAST, ARRIVED A DAY EARLY. ✨",4.0,2025-12-05,True,6
REV00524,Home & Kitchen,Blender,"does the job but nothing extraordinary. it does what it says, just don't expect much extra. 🙂",3.0,2025-12-02,True,0
REV00767,Home & Kitchen,Bedsheet Set,"Works like a charm. Delivery was super fast, arrived a day early. 😊",5.0,2024-08-17,True,0
REV00405,Fashion,Sunglasses,Couldn't be happier with this purchase. It's comfortable and fits perfectly. 👍,4.0,2025-02-27,True,0
REV00909,Books & Media,Fiction Novel,Does the job but nothing extraordinary. It's comparable to other products in this price range. 🙂,3.0,2025-12-24,True,4
REV01683,Electronics,USB-C Hub,</p>This is exactly what I needed. My family loves it just as much as I do. 👍,5.0,2024-04-24,False,3
REV01527,Beauty & Personal Care,Sunscreen Lotion,Average quality for the price. It's comparable to other products in this price range. 🤷,3.0,2024-09-02,True,1
REV00724,Books & Media,Self-Help Book,I'm so impressed with the quality. Setup was simple and took less than five minutes. 😊,5.0,2025-12-12,True,5
REV00437,Beauty & Personal Care,Face Serum,Best purchase I've made this year. My family loves it just as much as I do. 👍,5.0,2024-02-27,False,1
REV00453,Sports & Outdoors,Yoga Mat,<br>Fantastic value for the price. Customer service was quick to respond when I had a question. ❤️,4.0,2025-10-22,True,6
REV01598,Fashion,Backpack,THIS IS EXACTLY WHAT I NEEDED. CUSTOMER SERVICE WAS QUICK TO RESPOND WHEN I HAD A QUESTION. ✨,4.0,2025-06-10,True,2
REV01336,Beauty & Personal Care,Sunscreen Lotion,Couldn't be happier with this purchase. It's comfortable and fits perfectly. ❤️,5.0,2024-02-04,False,1
REV00289,Home & Kitchen,Vacuum Cleaner,This broke within a few days of use. The stitching came apart almost immediately.,2.0,2024-07-11,True,7
REV01450,Books & Media,Kids Story Set,Absolutely loved this product! Setup was simple and took less than five minutes. ❤️,4.0,2024-09-16,True,0
REV01053,Electronics,Bluetooth Speaker,"Five  stars, no doubt. The color and finish look great in person. ✨",5.0,2025-10-16,True,1
REV00690,Fashion,Backpack,</p>Fantastic value for the price. It looks even better than the pictures online. 👍,4.0,2025-01-17,True,2
REV00484,Electronics,Wireless Earbuds,Fantastic value for the price. The color and finish look great in person. ✨,5.0,2024-11-28,True,1
REV01742,Beauty & Personal Care,Hair Dryer,"it's an okay product, nothing special. it's comparable to other products in this price range. 🙂 http://example-shop.com/review",3.0,2024-09-26,True,7
REV00124,Home & Kitchen,Air Fryer,WORKS LIKE A CHARM. IT'S COMFORTABLE AND FITS PERFECTLY. ✨ WWW.SHOPREVIEW-SITE.COM/R/12345,4.0,2024-12-31,True,10
REV00481,Beauty & Personal Care,Sunscreen Lotion,I want a refund immediately. The material feels cheap and flimsy. 😡,1.0,2025-06-19,True,2
REV00462,Beauty & Personal Care,Lip Balm Set,</P>EXCEEDED MY EXPECTATIONS. IT'S COMFORTABLE AND FITS PERFECTLY. ✨,5.0,2024-12-05,True,4
REV01438,Books & Media,Biography,<br>highly recommend this to everyone. customer service was quick to respond when i had a question.,5.0,2025-05-05,True,1
REV01492,Sports & Outdoors,Camping Tent,   ,5.0,2025-08-14,True,5
REV01165,Beauty & Personal Care,Lip Balm Set,"Exceeded my expectations. Delivery was super fast, arrived a day early. 👍 although it took longer to arrive than promised.   ",5.0,2025-06-21,False,0
REV01663,Home & Kitchen,Non-Stick Pan Set,This is exactly what I needed. The color and finish look great in person. 😊   ,5.0,2024-06-11,True,4
REV00420,Electronics,Smartwatch,Fantastic value for the price. The color and finish look great in person. 🔥,4.0,2025-01-24,True,3
REV00357,Home & Kitchen,Non-Stick Pan Set,Couldn't  be happier with this purchase. It looks even better than the pictures online. 🔥,4.0,2024-10-28,True,1
REV00792,Fashion,Backpack,Works  like a charm. The build quality feels premium and sturdy. 👍,4.0,2025-04-18,True,2
REV01199,Books & Media,Biography,This broke within a few days of use. It doesn't match the pictures shown online at all.,2.0,2025-02-21,True,0
REV01485,Electronics,Laptop Stand,Absolutely loved this product! Customer service was quick to respond when I had a question. ❤️,5.0,2025-10-11,True,2
REV01786,Beauty & Personal Care,Lip Balm Set,Absolutely loved this product! Battery life lasts way longer than advertised. 🔥,4.0,2025-03-22,False,2
REV00267,Beauty & Personal Care,Hair Dryer,&amp;Best purchase I've made this year. It looks even better than the pictures online. 👍 but I wish it came in more color options.,5.0,2024-11-23,False,2
REV01122,Electronics,Bluetooth Speaker,Fantastic  value for the price. The color and finish look great in person. ❤️ although it took longer to arrive than promised.,4.0,2024-06-11,True,16
REV00426,Beauty & Personal Care,Sunscreen Lotion,One of the worst products I've bought online. The material feels cheap and flimsy. 👎,1.0,2025-12-30,True,4
REV01176,Sports & Outdoors,Dumbbell Set,Fantastic  value for the price. Battery life lasts way longer than advertised. 😊,5.0,2024-10-04,False,7
REV01442,Sports & Outdoors,Water Bottle,Reasonable purchase overall. Good enough for occasional use.,3.0,2024-09-05,True,0
REV01151,Sports & Outdoors,Cycling Helmet,"Five stars, no doubt. My family loves it just as much as I do. ❤️",5.0,2025-03-18,True,2
REV01194,Fashion,Denim Jacket,this is exactly what i needed. setup was simple and took less than five minutes. 👍,4.0,2024-06-29,True,2
REV00190,Fashion,Backpack,&amp;exceeded my expectations. it's comfortable and fits perfectly.,5.0,2024-11-30,True,0
REV01331,Books & Media,Cookbook,this is exactly what i needed. the build quality feels premium and sturdy. ❤️,4.0,2025-03-14,True,6
REV01247,Home & Kitchen,Vacuum Cleaner,"Works like a charm. Delivery was super fast, arrived a day early. ❤️",5.0,2025-08-05,True,1
REV01344,Home & Kitchen,Electric Kettle,I regret buying this. I found scratches on it right out of the packaging. 💔,2.0,2024-09-09,True,1
REV00125,Home & Kitchen,Non-Stick Pan Set,Exceeded my expectations. The color and finish look great in person.,5.0,2025-12-02,True,5
REV01621,Beauty & Personal Care,Moisturizer Cream,Absolutely loved this product! It's comfortable and fits perfectly. 😊,4.0,2025-09-24,False,1
REV01163,Electronics,USB-C Hub,Works like a charm. My family loves it just as much as I do. 👍,5.0,2024-06-07,False,9
REV00276,Home & Kitchen,Bedsheet Set,,4.0,2025-11-24,True,5
REV00445,Home & Kitchen,Blender,Extremely poor quality. The size was completely different from what was described. 👎,2.0,2025-07-07,True,0
REV00073,Beauty & Personal Care,Face Serum,"It's exactly what was advertised, nothing more. I might consider other brands next time. 🙂",3.0,2024-09-28,True,0
REV01093,Books & Media,Cookbook,I'm so impressed with the quality. The packaging was neat and nothing was damaged. 🔥,5.0,2025-11-12,True,8
REV01048,Beauty & Personal Care,Lip Balm Set,"Not bad, but not great either. Shipping took the standard amount of time.",3.0,2025-11-14,True,4
REV00185,Fashion,Running Shoes,"Does the job but nothing extraordinary. It does what it says, just don't expect much extra. 🙂",3.0,2024-03-21,True,0
REV01677,Electronics,Laptop Stand,   ,5.0,2024-03-21,False,2
REV00036,Home & Kitchen,Blender,Couldn't be happier with this purchase. Battery life lasts way longer than advertised. 😊   ,5.0,2024-09-07,False,0
REV01690,Home & Kitchen,Vacuum Cleaner,This broke within a few days of use. The instructions were confusing and unclear.,1.0,2024-10-02,True,3
REV00518,Beauty & Personal Care,Hair Dryer,Very frustrating experience overall. The stitching came apart almost immediately. 😡,1.0,2025-08-27,True,3
REV01612,Electronics,USB-C Hub,This broke within a few days of use. The instructions were confusing and unclear. 👎   ,1.0,2024-03-17,True,0
REV00105,Electronics,Smartwatch,One of the worst products I've bought online. The stitching came apart almost immediately. 💔,1.0,2025-06-06,True,0
REV01025,Sports & Outdoors,Dumbbell Set,Best purchase I've made this year. My family loves it just as much as I do. 😊 but the delivery experience could definitely be better.,4.0,2024-06-25,True,0
REV00535,Electronics,Power Bank,"Five stars, no doubt. Customer service was quick to respond when I had a question. 😊",4.0,2024-05-26,True,1
REV00763,Fashion,Backpack,Highly  recommend this to everyone. The build quality feels premium and sturdy. ❤️,4.0,2024-09-08,True,0
REV01410,Sports & Outdoors,Camping Tent,I WANT A REFUND IMMEDIATELY. THE MATERIAL FEELS CHEAP AND FLIMSY.,1.0,2024-07-03,False,1
REV01290,Home & Kitchen,Non-Stick Pan Set,   ,4.0,2024-03-04,True,3
REV00343,Electronics,Laptop Stand,Best purchase I've made this year. The build quality feels premium and sturdy. 👍   ,5.0,2025-11-08,False,2
REV00986,Sports & Outdoors,Resistance Bands,This broke within a few days of use. The material feels cheap and flimsy. 💔,1.0,2025-01-07,True,5
REV00653,Beauty & Personal Care,Lip Balm Set,"Couldn't be happier with this purchase. Delivery was super fast, arrived a day early. 👍",5.0,2024-11-25,True,6
REV00262,Books & Media,Kids Story Set,&amp;Highly recommend this to everyone. Setup was simple and took less than five minutes. ❤️,5.0,2025-11-08,True,5
REV01318,Beauty & Personal Care,Moisturizer Cream,exceeded my expectations. the build quality feels premium and sturdy. 😊,5.0,2024-01-27,True,3
REV00427,Home & Kitchen,Electric Kettle,"Reasonable  purchase overall. Packaging was standard, nothing memorable.",3.0,2024-01-13,True,6
REV00835,Sports & Outdoors,Cycling Helmet,This broke within a few days of use. There was a strange smell straight out of the box. 😡 www.shopreview-site.com/r/12345,2.0,2025-02-16,True,5
REV00173,Electronics,Smartwatch,Works like a charm. Setup was simple and took less than five minutes. 👍,4.0,2024-11-05,False,2
REV00786,Beauty & Personal Care,Face Serum,Exceeded my expectations. It looks even better than the pictures online. 👍,4.0,2025-09-15,True,0
REV00236,Home & Kitchen,Non-Stick Pan Set,One  of the worst products I've bought online. There was a strange smell straight out of the box. 😢,1.0,2025-06-12,False,10
REV00798,Books & Media,Kids Story Set,This is exactly what I needed. The build quality feels premium and sturdy. ✨,5.0,2024-11-20,True,2
REV00843,Home & Kitchen,Bedsheet Set,This broke within a few days of use. The material feels cheap and flimsy. 👎,2.0,2025-12-13,False,5
REV01032,Fashion,Cotton T-Shirt,This is exactly what I needed. Battery life lasts way longer than advertised. although the price is a bit high for what you get.,5.0,2024-01-15,True,1
REV00283,Books & Media,Kids Story Set,Best purchase I've made this year. Battery life lasts way longer than advertised. even though customer service was slow to respond.,4.0,2025-08-22,True,2
REV01476,Books & Media,Self-Help Book,Works like a charm. The color and finish look great in person. ❤️,5.0,2025-04-24,True,3
REV01539,Sports & Outdoors,Resistance Bands,Fantastic value for the price. It looks even better than the pictures online. ❤️ even though customer service was slow to respond.,5.0,2024-08-28,True,0
REV00657,Electronics,Smartwatch,Fantastic value for the price. It looks even better than the pictures online. ❤️,4.0,2024-10-10,False,5
REV00301,Books & Media,Comic Collection,One of the worst products I've bought online. Customer support never replied to my emails. http://example-shop.com/review,2.0,2024-06-18,True,0
REV00592,Electronics,Laptop Stand,&amp;Absolutely loved this product! The packaging was neat and nothing was damaged. ✨,5.0,2025-04-04,True,8
REV00995,Books & Media,Kids Story Set,I'm  so impressed with the quality. It looks even better than the pictures online. ❤️,4.0,2025-07-01,False,3
REV00867,Beauty & Personal Care,Lip Balm Set,Highly  recommend this to everyone. It looks even better than the pictures online. 👍   ,4.0,2025-11-15,True,1
REV00860,Fashion,Running Shoes,</p>Highly recommend this to everyone. My family loves it just as much as I do. 😊 https://bit.ly/3xample,5.0,2024-12-29,False,0
REV00989,Home & Kitchen,Electric Kettle,"Not bad, but not great either. I might consider other brands next time. 🤷",3.0,2024-05-31,True,1
REV00681,Books & Media,Biography,Exceeded my expectations. Battery life lasts way longer than advertised. 😊,5.0,2024-01-14,True,0
REV00514,Electronics,USB-C Hub,Fantastic value for the price. The build quality feels premium and sturdy. 👍 https://bit.ly/3xample,5.0,2024-02-26,True,5
REV01477,Sports & Outdoors,Water Bottle,I'm so impressed with the quality. The packaging was neat and nothing was damaged. ❤️ even though customer service was slow to respond.,5.0,2025-10-01,True,1
REV01085,Fashion,Leather Wallet,Couldn't be happier with this purchase. Battery life lasts way longer than advertised. 🔥,5.0,2024-08-03,True,1
REV01604,Beauty & Personal Care,Lip Balm Set,"Highly recommend this to everyone. Delivery was super fast, arrived a day early. ✨",5.0,2025-03-22,False,4
REV01771,Home & Kitchen,Non-Stick Pan Set,"It works as described, no complaints, no excitement. The design is simple but functional. 🤷",3.0,2025-02-12,True,4
REV00956,Fashion,Backpack,A decent option if you're on a budget. Some features could be improved in future versions. 🙂,3.0,2024-01-01,True,6
REV00618,Electronics,Smartwatch,Couldn't be happier with this purchase. It's comfortable and fits perfectly. ✨   ,5.0,2025-11-05,False,1
REV00895,Books & Media,Kids Story Set,One of the worst products I've bought online. I found scratches on it right out of the packaging. 😡,1.0,2024-10-02,True,2
REV00637,Beauty & Personal Care,Face Serum,<br>I'm so impressed with the quality. It looks even better than the pictures online. 👍 www.shopreview-site.com/r/12345,5.0,2024-12-08,False,0
REV00632,Books & Media,Fiction Novel,I'm so impressed with the quality. My family loves it just as much as I do. ❤️ but I wish it came in more color options.,4.0,2025-02-09,True,1
REV00667,Fashion,Cotton T-Shirt,"It works as described, no complaints, no excitement. I might consider other brands next time. 🙂",3.0,2024-10-09,True,16
REV01156,Books & Media,Fiction Novel,   ,4.0,2024-08-02,True,6
REV00848,Books & Media,Self-Help Book,Absolutely loved this product! Setup was simple and took less than five minutes. 👍,4.0,2024-03-29,True,0
REV00815,Books & Media,Kids Story Set,Really disappointed with this purchase. It arrived late and the box was damaged. 😢,2.0,2024-05-04,True,1
REV00259,Home & Kitchen,Blender,"This is exactly what I needed. Delivery was super fast, arrived a day early. 🔥",4.0,2024-02-04,True,4
REV01303,Books & Media,Fiction Novel,Not worth the money at all. Customer support never replied to my emails. 👎,1.0,2024-04-21,True,2
REV01735,Books & Media,Self-Help Book,Couldn't be happier with this purchase. It's comfortable and fits perfectly. 👍   ,5.0,2024-04-19,True,0
REV01782,Fashion,Denim Jacket,Would not recommend this to anyone. The size was completely different from what was described. 😡,1.0,2025-02-07,True,1
REV01541,Fashion,Denim Jacket,I'M SO IMPRESSED WITH THE QUALITY. THE PACKAGING WAS NEAT AND NOTHING WAS DAMAGED. 🔥 EVEN THOUGH CUSTOMER SERVICE WAS SLOW TO RESPOND.,5.0,2024-07-10,True,6
REV00323,Sports & Outdoors,Water Bottle,Really  disappointed with this purchase. It arrived late and the box was damaged. 👎,2.0,2025-12-20,False,6
REV00796,Books & Media,Fiction Novel,Exceeded my expectations. Customer service was quick to respond when I had a question. 😊,5.0,2024-09-22,True,14
REV01076,Beauty & Personal Care,Electric Trimmer,Absolutely loved this product! It's comfortable and fits perfectly. 😊,4.0,2024-11-17,True,0
REV00149,Sports & Outdoors,Water Bottle,Works like a charm. My family loves it just as much as I do. www.shopreview-site.com/r/12345,5.0,2025-12-05,True,0
REV01339,Beauty & Personal Care,Face Serum,"Five stars, no doubt. Customer service was quick to respond when I had a question. 👍",4.0,2024-01-27,False,0
REV01198,Books & Media,Self-Help Book,&amp;I'm so impressed with the quality. Customer service was quick to respond when I had a question.,5.0,2025-02-08,True,1
REV00978,Fashion,Backpack,This is exactly what I needed. It's comfortable and fits perfectly. 🔥,5.0,2025-11-11,False,8
REV01497,Home & Kitchen,Electric Kettle,"<br>Exceeded my expectations. Delivery was super fast, arrived a day early. 😊",4.0,2024-09-07,True,1
REV00041,Books & Media,Fiction Novel,Exceeded my expectations. The packaging was neat and nothing was damaged. 🔥,5.0,2025-12-13,True,2
REV00603,Electronics,USB-C Hub,Best purchase I've made this year. The color and finish look great in person. 😊,4.0,2025-11-28,True,4
REV00522,Home & Kitchen,Blender,Fantastic  value for the price. The color and finish look great in person. 🔥,4.0,2025-08-12,True,2
REV01324,Home & Kitchen,Electric Kettle,Best purchase I've made this year. It looks even better than the pictures online. ❤️,5.0,2024-06-17,True,2
REV00698,Fashion,Denim Jacket,Absolutely loved this product! Customer service was quick to respond when I had a question. 👍,4.0,2024-06-19,True,5
REV00668,Fashion,Leather Wallet,Exceeded my expectations. The packaging was neat and nothing was damaged. ✨,5.0,2024-04-03,True,3
REV01549,Fashion,Leather Wallet,Absolutely loved this product! It's comfortable and fits perfectly. ❤️,5.0,2024-10-10,True,0
REV00505,Sports & Outdoors,Resistance Bands,"It's exactly what was advertised, nothing more. Packaging was standard, nothing memorable. 🤷",3.0,2024-03-08,True,2
REV01776,Electronics,Laptop Stand,Best purchase I've made this year. The build quality feels premium and sturdy. ❤️ www.shopreview-site.com/r/12345,5.0,2024-08-01,False,0
REV00502,Home & Kitchen,Bedsheet Set,&amp;Absolutely loved this product! It's comfortable and fits perfectly.,5.0,2025-07-26,True,3
REV00619,Fashion,Running Shoes,highly recommend this to everyone. it looks even better than the pictures online. 👍,5.0,2025-05-18,False,1
REV00676,Electronics,Power Bank,I'm so impressed with the quality. It looks even better than the pictures online. ❤️ http://example-shop.com/review,5.0,2025-11-16,True,2
REV00386,Home & Kitchen,Air Fryer,"Would not recommend this to anyone. Customer support never replied to my emails. 💔 On the plus side, it did arrive quickly.",2.0,2025-10-22,True,5
REV00930,Home & Kitchen,Blender,"Five stars, no doubt. The color and finish look great in person.",5.0,2025-09-11,True,3
REV00704,Fashion,Sunglasses,Fantastic value for the price. The packaging was neat and nothing was damaged.,5.0,2025-12-17,False,4
REV00248,Fashion,Leather Wallet,I'm so impressed with the quality. It's comfortable and fits perfectly. 👍,4.0,2025-07-11,True,1
REV01609,Books & Media,Self-Help Book,Extremely poor quality. Customer support never replied to my emails. 😢,2.0,2024-06-14,False,0
REV01738,Electronics,Bluetooth Speaker,Fantastic value for the price. The packaging was neat and nothing was damaged. ❤️,5.0,2024-05-05,True,4
REV01644,Electronics,Power Bank,Highly recommend this to everyone. The packaging was neat and nothing was damaged. ❤️,4.0,2024-02-21,True,4
REV00035,Electronics,Bluetooth Speaker,This was a complete waste of time. It stopped working after just one week. 💔,1.0,2024-06-22,True,13
REV01569,Beauty & Personal Care,Face Serum,Fantastic value for the price. Battery life lasts way longer than advertised. ❤️,5.0,2025-04-28,False,4
REV00203,Books & Media,Kids Story Set,Works  like a charm. Customer service was quick to respond when I had a question. ❤️,4.0,2024-05-25,True,6
REV00085,Beauty & Personal Care,Face Serum,I regret buying this. The material feels cheap and flimsy. 😡,1.0,2025-11-17,False,2
REV01157,Electronics,Smartwatch,Absolutely  loved this product! The build quality feels premium and sturdy. 😊,4.0,2024-05-01,True,3
REV01174,Beauty & Personal Care,Face Serum,"Works like a charm. Delivery was super fast, arrived a day early.",5.0,2024-12-15,True,1
REV01581,Beauty & Personal Care,Sunscreen Lotion,Couldn't be happier with this purchase. Battery life lasts way longer than advertised. ❤️,4.0,2024-06-26,False,0
REV00939,Home & Kitchen,Vacuum Cleaner,"Five stars, no doubt. The packaging was neat and nothing was damaged. 👍",4.0,2024-01-11,True,2
REV00387,Sports & Outdoors,Yoga Mat,I regret buying this. It doesn't match the pictures shown online at all. 👎,2.0,2024-01-22,True,1
REV01346,Home & Kitchen,Vacuum Cleaner,Best purchase I've made this year. Setup was simple and took less than five minutes. 😊,4.0,2024-07-01,False,2
REV00747,Fashion,Backpack,"It works as described, no complaints, no excitement. It's a bit bulkier than I expected. 🤷",3.0,2025-08-28,True,0
REV01582,Books & Media,Kids Story Set,"It's exactly what was advertised, nothing more. Packaging was standard, nothing memorable. 🤷 www.shopreview-site.com/r/12345",3.0,2024-05-10,True,2
REV00422,Fashion,Sunglasses,"&amp;It's  exactly what was advertised, nothing more. There are better alternatives but this works fine too.",3.0,2025-02-11,False,9
REV01670,Beauty & Personal Care,Hair Dryer,"Fantastic value for the price. Delivery was super fast, arrived a day early. 🔥",4.0,2024-05-02,True,3
REV00425,Books & Media,Comic Collection,"Best purchase I've made this year. Delivery was super fast, arrived a day early. 😊 but I wish it came in more color options.",4.0,2025-09-18,False,2
REV00493,Electronics,Bluetooth Speaker,"I'm so impressed with the quality. Delivery was super fast, arrived a day early. 👍",5.0,2025-03-22,True,2
REV01624,Electronics,Laptop Stand,Best purchase I've made this year. It's comfortable and fits perfectly. 🔥,4.0,2024-05-22,False,1
REV00841,Home & Kitchen,Non-Stick Pan Set,Works like a charm. It's comfortable and fits perfectly. 👍,4.0,2024-12-25,False,11
REV00620,Electronics,Bluetooth Speaker,This  is exactly what I needed. Customer service was quick to respond when I had a question. 🔥 although it took longer to arrive than promised.,5.0,2024-05-27,True,0
REV01717,Beauty & Personal Care,Electric Trimmer,   ,5.0,2024-10-16,True,1
REV00691,Home & Kitchen,Bedsheet Set,Very frustrating experience overall. It arrived late and the box was damaged. 💔,2.0,2024-09-18,True,1
REV00792,Fashion,Backpack,Works  like a charm. The build quality feels premium and sturdy. 👍,4.0,2025-04-18,True,2
REV01395,Beauty & Personal Care,Face Serum,I'm so impressed with the quality. The build quality feels premium and sturdy. 🔥,5.0,2024-10-09,True,15
REV01606,Sports & Outdoors,Water Bottle,Not worth the money at all. It arrived late and the box was damaged. 💔,2.0,2024-10-11,True,3
REV00488,Fashion,Denim Jacket,THIS WAS A COMPLETE WASTE OF TIME. I FOUND SCRATCHES ON IT RIGHT OUT OF THE PACKAGING. 💔,1.0,2025-10-04,False,0
REV01457,Sports & Outdoors,Resistance Bands,Best purchase I've made this year. It looks even better than the pictures online. ❤️   ,5.0,2024-07-22,True,10
REV00992,Electronics,Bluetooth Speaker,"Five stars, no doubt. It's comfortable and fits perfectly.",4.0,2025-08-24,False,1
REV00736,Beauty & Personal Care,Face Serum,Couldn't be happier with this purchase. It looks even better than the pictures online. but I wish it came in more color options.,4.0,2025-06-24,True,4
REV01007,Books & Media,Fiction Novel,&amp;I'm so impressed with the quality. Setup was simple and took less than five minutes. ❤️,5.0,2024-08-08,True,0
REV00188,Fashion,Denim Jacket,"</p>Very  frustrating experience overall. It doesn't match the pictures shown online at all. 😢 On the plus side, it did arrive quickly.",1.0,2024-11-18,True,1
REV01709,Fashion,Running Shoes,Highly recommend this to everyone. It's comfortable and fits perfectly.,4.0,2024-09-21,True,3
REV01526,Sports & Outdoors,Resistance Bands,"It's an okay product, nothing special. Good enough for occasional use. 🤷",3.0,2024-12-15,True,1
REV00146,Electronics,Laptop Stand,&amp;This broke within a few days of use. It stopped working after just one week. 😢,1.0,2024-05-01,True,0
REV01441,Books & Media,Cookbook,HIGHLY RECOMMEND THIS TO EVERYONE. MY FAMILY LOVES IT JUST AS MUCH AS I DO. ❤️,4.0,2025-04-03,True,5
REV01787,Beauty & Personal Care,Electric Trimmer,</p>I'm so impressed with the quality. It's comfortable and fits perfectly.,5.0,2025-03-11,True,13
REV01028,Electronics,Bluetooth Speaker,"I'm so impressed with the quality. Delivery was super fast, arrived a day early. 🔥",5.0,2024-05-17,False,3
REV00768,Beauty & Personal Care,Moisturizer Cream,Best purchase I've made this year. Battery life lasts way longer than advertised.,4.0,2025-05-18,True,0
REV00396,Books & Media,Comic Collection,One of the worst products I've bought online. It arrived late and the box was damaged. 👎,2.0,2024-12-26,False,2
REV01257,Beauty & Personal Care,Hair Dryer,Fantastic value for the price. Customer service was quick to respond when I had a question. 😊,4.0,2024-05-28,True,2
REV01294,Books & Media,Self-Help Book,not worth the money at all. the stitching came apart almost immediately.,1.0,2025-06-21,False,3
REV01229,Books & Media,Self-Help Book,Fantastic value for the price. The packaging was neat and nothing was damaged. 🔥,4.0,2024-11-03,False,2
REV01757,Fashion,Running Shoes,Fantastic  value for the price. Customer service was quick to respond when I had a question. ✨,5.0,2025-07-30,True,5
REV00204,Home & Kitchen,Vacuum Cleaner,I'm  so impressed with the quality. It's comfortable and fits perfectly. 🔥,4.0,2025-12-28,True,0
REV00319,Home & Kitchen,Blender,I'm so impressed with the quality. Customer service was quick to respond when I had a question. ✨ although it took longer to arrive than promised.,4.0,2025-11-10,True,0
REV00222,Beauty & Personal Care,Lip Balm Set,highly recommend this to everyone. it looks even better than the pictures online. 🔥 www.shopreview-site.com/r/12345,4.0,2024-01-09,True,1
REV00024,Home & Kitchen,Air Fryer,I'm so impressed with the quality. Battery life lasts way longer than advertised. ❤️,4.0,2024-01-09,True,2
REV00208,Sports & Outdoors,Cycling Helmet,"Couldn't be happier with this purchase. Delivery was super fast, arrived a day early. ❤️",5.0,2025-08-27,True,1
REV01350,Sports & Outdoors,Cycling Helmet,Best  purchase I've made this year. The build quality feels premium and sturdy. 👍,5.0,2024-08-03,True,4
REV00547,Sports & Outdoors,Camping Tent,"Five stars, no doubt. The packaging was neat and nothing was damaged. 👍",4.0,2024-02-18,True,2
REV00496,Sports & Outdoors,Water Bottle,"I'm so impressed with the quality. Delivery was super fast, arrived a day early. 🔥",5.0,2025-03-14,True,3
REV00708,Books & Media,Self-Help Book,Best purchase I've made this year. It's comfortable and fits perfectly.,4.0,2025-09-07,True,8
REV00357,Home & Kitchen,Non-Stick Pan Set,Couldn't  be happier with this purchase. It looks even better than the pictures online. 🔥,,2024-10-28,True,1
REV01297,Sports & Outdoors,Resistance Bands,i'm so impressed with the quality. the packaging was neat and nothing was damaged. ❤️,4.0,2025-10-16,True,2
REV00003,Fashion,Backpack,ONE OF THE WORST PRODUCTS I'VE BOUGHT ONLINE. THERE WAS A STRANGE SMELL STRAIGHT OUT OF THE BOX. 😢,2.0,2024-02-14,True,0
REV01572,Fashion,Cotton T-Shirt,Couldn't  be happier with this purchase. Battery life lasts way longer than advertised. www.shopreview-site.com/r/12345,4.0,2024-08-11,False,2
REV01015,Electronics,Laptop Stand,Reasonable purchase overall. Good enough for occasional use.,3.0,2025-04-07,False,3
REV01096,Fashion,Cotton T-Shirt,"It's exactly what was advertised, nothing more. The design is simple but functional.",3.0,2025-01-30,True,7
REV00864,Sports & Outdoors,Camping Tent,COULDN'T BE HAPPIER WITH THIS PURCHASE. THE COLOR AND FINISH LOOK GREAT IN PERSON. 🔥 ALTHOUGH THE PRICE IS A BIT HIGH FOR WHAT YOU GET.,4.0,2024-08-25,False,17
REV00846,Sports & Outdoors,Camping Tent,"Not bad, but not great either. Shipping took the standard amount of time. 🙂",3.0,2025-09-30,True,2
REV00629,Books & Media,Fiction Novel,"It works as described, no complaints, no excitement. It does what it says, just don't expect much extra.",3.0,2024-03-20,True,2
REV00881,Electronics,Smartwatch,Best purchase I've made this year. It's comfortable and fits perfectly. 👍   ,4.0,2024-08-28,True,5
REV00345,Sports & Outdoors,Camping Tent,&amp;Best purchase I've made this year. Battery life lasts way longer than advertised. 🔥,5.0,2025-05-31,True,0
REV00892,Home & Kitchen,Non-Stick Pan Set,Absolutely loved this product! Battery life lasts way longer than advertised. ✨,4.0,2025-09-28,True,3
REV01607,Sports & Outdoors,Yoga Mat,"AVERAGE QUALITY FOR THE PRICE. IT DOES WHAT IT SAYS, JUST DON'T EXPECT MUCH EXTRA.",3.0,2025-12-05,True,3
REV00231,Electronics,Bluetooth Speaker,One  of the worst products I've bought online. It stopped working after just one week. 😡,2.0,2025-11-04,True,3
REV01159,Electronics,USB-C Hub,Reasonable purchase overall. Some features could be improved in future versions. 🤷 https://bit.ly/3xample,3.0,2024-04-10,True,1
REV01190,Home & Kitchen,Electric Kettle,This is exactly what I needed. Setup was simple and took less than five minutes. 👍,4.0,2025-07-30,True,4
REV00151,Fashion,Running Shoes,"Very frustrating experience overall. It arrived late and the box was damaged. 👎 On the plus side, it did arrive quickly.",1.0,2025-04-27,False,2
REV00490,Books & Media,Comic Collection,I'm so impressed with the quality. Setup was simple and took less than five minutes. 😊,4.0,2025-11-17,False,2
REV00349,Electronics,USB-C Hub,"It's an okay product, nothing special. Good enough for occasional use. https://bit.ly/3xample",3.0,2024-04-19,True,2
REV01357,Sports & Outdoors,Camping Tent,best purchase i've made this year. it's comfortable and fits perfectly. 👍   ,4.0,2024-01-07,False,1
REV00375,Home & Kitchen,Vacuum Cleaner,Fantastic value for the price. It's comfortable and fits perfectly. ❤️,5.0,2025-10-13,False,2
REV01230,Electronics,Smartwatch,Couldn't  be happier with this purchase. Setup was simple and took less than five minutes. 🔥 www.shopreview-site.com/r/12345,4.0,2024-03-18,False,1
REV01084,Sports & Outdoors,Cycling Helmet,I'm so impressed with the quality. Customer service was quick to respond when I had a question. ✨,5.0,2025-12-11,False,0
REV00152,Books & Media,Comic Collection,Absolutely loved this product! Customer service was quick to respond when I had a question. ✨,4.0,2025-06-29,True,3
REV01576,Sports & Outdoors,Yoga Mat,Absolutely loved this product! It's comfortable and fits perfectly.,5.0,2024-02-21,True,0
REV00200,Fashion,Cotton T-Shirt,Best purchase I've made this year. The packaging was neat and nothing was damaged. 🔥 although it took longer to arrive than promised.,5.0,2025-07-10,True,4
REV00650,Electronics,Bluetooth Speaker,I'm so impressed with the quality. Setup was simple and took less than five minutes. 🔥,5.0,2025-03-20,False,3
REV01551,Books & Media,Cookbook,"Extremely poor quality. The instructions were confusing and unclear. 😢 On the plus side, it did arrive quickly.",2.0,2024-11-24,True,4
REV01259,Fashion,Backpack,This broke within a few days of use. The stitching came apart almost immediately.,1.0,2024-01-21,True,1
REV00806,Books & Media,Comic Collection,This is exactly what I needed. The build quality feels premium and sturdy. ❤️,5.0,2025-02-28,True,3
REV00354,Sports & Outdoors,Camping Tent,Couldn't be happier with this purchase. The build quality feels premium and sturdy. 👍,4.0,2024-02-04,True,4
REV01042,Sports & Outdoors,Dumbbell Set,I'm so impressed with the quality. Battery life lasts way longer than advertised. 😊,4.0,2025-11-19,True,7
REV00510,Beauty & Personal Care,Hair Dryer,Couldn't be happier with this purchase. Customer service was quick to respond when I had a question.,5.0,2024-06-14,True,0
REV00889,Beauty & Personal Care,Hair Dryer,I'm so impressed with the quality. Customer service was quick to respond when I had a question. 👍,,2025-03-26,True,1
REV00300,Sports & Outdoors,Resistance Bands,Middle of the road experience. It's a bit bulkier than I expected.,3.0,2024-09-11,True,0
REV01626,Sports & Outdoors,Water Bottle,Works like a charm. It looks even better than the pictures online.,4.0,2025-04-30,True,0
REV01452,Fashion,Denim Jacket,Very frustrating experience overall. It arrived late and the box was damaged. 👎,1.0,2025-08-03,True,1
REV00790,Beauty & Personal Care,Lip Balm Set,"Best purchase I've made this year. Delivery was super fast, arrived a day early. ✨",4.0,2025-03-27,True,2
REV00721,Books & Media,Comic Collection,<p>This is exactly what I needed. Setup was simple and took less than five minutes. ✨ even though customer service was slow to respond.,5.0,2025-06-26,True,0
REV00822,Books & Media,Self-Help Book,"FIVE STARS, NO DOUBT. IT LOOKS EVEN BETTER THAN THE PICTURES ONLINE. 🔥",4.0,2025-07-28,True,2
REV01300,Books & Media,Cookbook,"Average quality for the price. It does what it says, just don't expect much extra.",3.0,2024-12-11,True,0
REV01747,Sports & Outdoors,Cycling Helmet,Works like a charm. My family loves it just as much as I do. ✨ although the price is a bit high for what you get.,5.0,2024-08-27,True,6
REV01088,Home & Kitchen,Blender,Average quality for the price. The design is simple but functional.,3.0,2025-09-25,True,5
REV00872,Home & Kitchen,Bedsheet Set,ABSOLUTELY LOVED THIS PRODUCT! THE BUILD QUALITY FEELS PREMIUM AND STURDY. ❤️,5.0,2025-11-10,False,0
REV00389,Beauty & Personal Care,Electric Trimmer,"<p>Middle of the road experience. It does what it says, just don't expect much extra. 🙂",3.0,2025-10-15,True,3
REV00033,Sports & Outdoors,Resistance Bands,"</p>It's fine, meets basic expectations. It's comparable to other products in this price range. 🤷",3.0,2025-06-03,True,2
REV00976,Home & Kitchen,Electric Kettle,I want a refund immediately. It doesn't match the pictures shown online at all. 😡,1.0,2024-10-17,True,0
REV00577,Beauty & Personal Care,Lip Balm Set,Exceeded my expectations. Battery life lasts way longer than advertised. 😊,5.0,2024-11-27,True,3
REV00871,Fashion,Cotton T-Shirt,Exceeded my expectations. It's comfortable and fits perfectly. ✨,5.0,2024-04-23,True,3
REV00797,Electronics,Wireless Earbuds,One of the worst products I've bought online. There was a strange smell straight out of the box. 😢,2.0,2025-12-14,True,0
REV01408,Electronics,Power Bank,,4.0,2025-07-13,False,4
REV01081,Books & Media,Comic Collection,Highly recommend this to everyone. The packaging was neat and nothing was damaged. but I wish it came in more color options.,5.0,2024-01-11,True,2
REV01001,Sports & Outdoors,Dumbbell Set,"A decent option if you're on a budget. Packaging was standard, nothing memorable.",3.0,2025-05-14,True,0
REV00670,Books & Media,Fiction Novel,<p>Very frustrating experience overall. It arrived late and the box was damaged. 💔,1.0,2025-12-15,True,0
REV01221,Fashion,Cotton T-Shirt,"Five  stars, no doubt. It looks even better than the pictures online. 👍 http://example-shop.com/review",4.0,2025-04-04,True,2
REV01501,Fashion,Leather Wallet,"Five stars, no doubt. Battery life lasts way longer than advertised. ✨",5.0,2025-03-31,True,4
REV00582,Sports & Outdoors,Dumbbell Set,This is exactly what I needed. The packaging was neat and nothing was damaged. 😊 even though customer service was slow to respond.,4.0,2025-06-23,True,4
REV00268,Electronics,Wireless Earbuds,This  is exactly what I needed. It's comfortable and fits perfectly. 🔥,5.0,2025-08-24,True,8
REV01722,Fashion,Leather Wallet,Average quality for the price. Shipping took the standard amount of time.,3.0,2024-03-04,False,16
REV00560,Books & Media,Self-Help Book,"It's exactly what was advertised, nothing more. It's a bit bulkier than I expected. 🤷",3.0,2024-04-02,False,0
REV00008,Home & Kitchen,Non-Stick Pan Set,"It's fine, meets basic expectations. It does what it says, just don't expect much extra.",3.0,2024-05-21,True,0
REV00447,Sports & Outdoors,Camping Tent,Highly recommend this to everyone. Battery life lasts way longer than advertised. 👍,5.0,2024-05-14,True,1
REV01546,Books & Media,Comic Collection,Best purchase I've made this year. Customer service was quick to respond when I had a question.,4.0,2024-08-04,True,9
REV00545,Electronics,Bluetooth Speaker,&amp;Exceeded my expectations. Battery life lasts way longer than advertised. 👍 even though customer service was slow to respond.,5.0,2025-08-25,True,0
REV00616,Beauty & Personal Care,Moisturizer Cream,Fantastic value for the price. Customer service was quick to respond when I had a question.,5.0,2025-07-07,True,0
REV00634,Fashion,Cotton T-Shirt,couldn't be happier with this purchase. it looks even better than the pictures online. ✨,4.0,2025-11-28,True,1
REV00287,Beauty & Personal Care,Lip Balm Set,This is exactly what I needed. The packaging was neat and nothing was damaged. 🔥 http://example-shop.com/review,4.0,2025-06-27,True,2
REV00966,Beauty & Personal Care,Electric Trimmer,"</p>Absolutely loved this product! Delivery was super fast, arrived a day early. 🔥",4.0,2025-07-09,True,2
REV00744,Beauty & Personal Care,Sunscreen Lotion,Fantastic value for the price. Customer service was quick to respond when I had a question. ❤️,4.0,2024-05-14,True,3
REV01131,Fashion,Sunglasses,Fantastic value for the price. Battery life lasts way longer than advertised. 😊,5.0,2024-11-26,False,2
REV00774,Sports & Outdoors,Dumbbell Set,"This is exactly what I needed. Delivery was super fast, arrived a day early. ✨",5.0,2025-01-05,True,2
REV00432,Home & Kitchen,Electric Kettle,Works like a charm. The packaging was neat and nothing was damaged. ✨,4.0,2024-03-30,True,1
REV01202,Fashion,Running Shoes,,4.0,2024-02-22,True,1
REV01293,Sports & Outdoors,Dumbbell Set,I'm so impressed with the quality. The color and finish look great in person. 😊,4.0,2025-02-20,False,2
REV00682,Sports & Outdoors,Yoga Mat,Highly recommend this to everyone. It looks even better than the pictures online.,4.0,2025-01-19,True,2
REV01552,Beauty & Personal Care,Electric Trimmer,Best purchase I've made this year. The build quality feels premium and sturdy. 🔥 http://example-shop.com/review   ,5.0,2025-09-29,False,1
REV00108,Books & Media,Cookbook,Best purchase I've made this year. My family loves it just as much as I do. 😊,5.0,2025-04-17,True,0
REV01592,Fashion,Denim Jacket,"It's an okay product, nothing special. It does what it says, just don't expect much extra. 🙂",3.0,2024-11-08,True,0
REV01332,Electronics,Power Bank,Reasonable purchase overall. Some features could be improved in future versions. 🤷,3.0,2024-01-16,True,3
REV01633,Beauty & Personal Care,Hair Dryer,Best purchase I've made this year. Customer service was quick to respond when I had a question. 😊,5.0,2024-01-31,True,0
REV01228,Sports & Outdoors,Dumbbell Set,This is exactly what I needed. The build quality feels premium and sturdy. 🔥,,2024-01-19,True,0
REV00557,Books & Media,Fiction Novel,"It works as described, no complaints, no excitement. It's a bit bulkier than I expected. 🙂",3.0,2024-02-27,True,2
REV01404,Fashion,Denim Jacket,Best purchase I've made this year. Battery life lasts way longer than advertised. 🔥,5.0,2024-04-26,False,0
REV01129,Books & Media,Fiction Novel,<p>Couldn't be happier with this purchase. The color and finish look great in person. 😊,4.0,2025-12-18,False,1
REV00022,Electronics,Laptop Stand,Not worth the money at all. The instructions were confusing and unclear.,1.0,2024-05-14,True,7
REV01448,Beauty & Personal Care,Lip Balm Set,This broke within a few days of use. It arrived late and the box was damaged. 😡,2.0,2024-05-06,True,6
REV01770,Home & Kitchen,Bedsheet Set,EXCEEDED MY EXPECTATIONS. THE COLOR AND FINISH LOOK GREAT IN PERSON. 👍,5.0,2024-08-22,True,0
REV00979,Books & Media,Comic Collection,"Five stars, no doubt. It's comfortable and fits perfectly. ✨",5.0,2024-06-09,False,1
REV01483,Home & Kitchen,Vacuum Cleaner,Best purchase I've made this year. It looks even better than the pictures online. ✨,5.0,2024-04-19,True,3
REV00788,Sports & Outdoors,Yoga Mat,average quality for the price. good enough for occasional use.,3.0,2024-03-30,True,0
REV01796,Home & Kitchen,Non-Stick Pan Set,"Five stars, no doubt. The color and finish look great in person. ✨ although the price is a bit high for what you get.",5.0,2024-11-08,True,0
REV00842,Home & Kitchen,Bedsheet Set,Fantastic value for the price. Setup was simple and took less than five minutes. ❤️,5.0,2025-09-02,True,5
REV00655,Fashion,Leather Wallet,I'm so impressed with the quality. Setup was simple and took less than five minutes. 🔥,4.0,2024-03-27,True,5
REV00139,Books & Media,Kids Story Set,Highly recommend this to everyone. Customer service was quick to respond when I had a question.,5.0,2025-11-05,True,3
REV00062,Sports & Outdoors,Camping Tent,"Fantastic value for the price. Delivery was super fast, arrived a day early. 🔥",4.0,2024-02-10,False,0
REV00385,Beauty & Personal Care,Electric Trimmer,Absolutely loved this product! Customer service was quick to respond when I had a question. ❤️,4.0,2025-12-05,True,5
REV00654,Sports & Outdoors,Resistance Bands,Fantastic  value for the price. My family loves it just as much as I do. 🔥,5.0,2024-07-26,True,4
REV01434,Books & Media,Biography,Best purchase I've made this year. Customer service was quick to respond when I had a question. 😊,4.0,2025-12-11,True,4
REV01406,Sports & Outdoors,Dumbbell Set,<p>Does the job but nothing extraordinary. Shipping took the standard amount of time. 🤷,3.0,2024-09-22,True,3
REV00916,Home & Kitchen,Vacuum Cleaner,This is exactly what I needed. My family loves it just as much as I do. 🔥,5.0,2024-11-11,True,2
REV01091,Sports & Outdoors,Camping Tent,A decent option if you're on a budget. I might consider other brands next time. 🤷,3.0,2025-10-14,True,0
REV00574,Books & Media,Comic Collection,Fantastic value for the price. The build quality feels premium and sturdy. 👍 but the delivery experience could definitely be better.,5.0,2025-05-21,True,3
REV01761,Fashion,Sunglasses,"reasonable purchase overall. packaging was standard, nothing memorable.",3.0,2024-11-04,False,1
REV00665,Books & Media,Kids Story Set,Fantastic value for the price. The build quality feels premium and sturdy. 👍,5.0,2025-04-10,True,2
REV00404,Electronics,Laptop Stand,This is exactly what I needed. Setup was simple and took less than five minutes. 😊,5.0,2025-02-08,True,7
REV00344,Electronics,Smartwatch,Fantastic value for the price. The color and finish look great in person. 🔥,4.0,2024-07-05,True,0
REV00711,Fashion,Sunglasses,Couldn't be happier with this purchase. The color and finish look great in person. 👍 although the price is a bit high for what you get.,4.0,2025-05-26,True,2
REV00661,Electronics,Bluetooth Speaker,"It's  fine, meets basic expectations. There are better alternatives but this works fine too.",3.0,2024-05-11,True,0
REV00004,Sports & Outdoors,Yoga Mat,One of the worst products I've bought online. It arrived late and the box was damaged.,1.0,2025-11-08,True,6
REV00007,Electronics,Bluetooth Speaker,This is exactly what I needed. Setup was simple and took less than five minutes. 😊,5.0,2025-10-20,True,0
REV01473,Home & Kitchen,Air Fryer,"Fantastic  value for the price. Delivery was super fast, arrived a day early. 😊",5.0,2025-01-15,False,0
REV00384,Fashion,Backpack,Absolutely loved this product! It's comfortable and fits perfectly. ✨ but I wish it came in more color options.,5.0,2024-04-25,True,6
REV00309,Fashion,Backpack,I regret buying this. It arrived late and the box was damaged. 💔,1.0,2025-12-10,True,0
REV01668,Electronics,Power Bank,Fantastic value for the price. The packaging was neat and nothing was damaged. ❤️,5.0,2025-08-06,True,4
REV00824,Beauty & Personal Care,Face Serum,NOT WORTH THE MONEY AT ALL. IT DOESN'T MATCH THE PICTURES SHOWN ONLINE AT ALL. 👎,2.0,2024-01-05,False,5
REV00413,Electronics,Laptop Stand,Highly recommend this to everyone. It looks even better than the pictures online. 👍,4.0,2025-10-02,True,7
REV01710,Books & Media,Self-Help Book,"Not bad, but not great either. The design is simple but functional. 🙂",3.0,2024-01-26,True,0
REV00856,Books & Media,Comic Collection,I regret buying this. The size was completely different from what was described. 😢,2.0,2024-06-05,True,0
REV00099,Fashion,Sunglasses,"This is exactly what I needed. Delivery was super fast, arrived a day early. 👍",5.0,2024-06-10,True,6
REV01536,Electronics,Wireless Earbuds,Best purchase I've made this year. My family loves it just as much as I do.,5.0,2024-05-02,True,2
REV00303,Beauty & Personal Care,Face Serum,I want a refund immediately. It doesn't match the pictures shown online at all. 😢,2.0,2024-01-01,False,1
REV00038,Fashion,Denim Jacket,Works like a charm. My family loves it just as much as I do. 😊,5.0,2025-07-26,True,3
REV01785,Fashion,Denim Jacket,Highly recommend this to everyone. My family loves it just as much as I do. 😊 although it took longer to arrive than promised.   ,5.0,2025-06-25,True,5
REV01753,Sports & Outdoors,Camping Tent,EXCEEDED  MY EXPECTATIONS. SETUP WAS SIMPLE AND TOOK LESS THAN FIVE MINUTES. ❤️,5.0,2025-08-15,True,2
REV01459,Home & Kitchen,Air Fryer,ABSOLUTELY LOVED THIS PRODUCT! THE PACKAGING WAS NEAT AND NOTHING WAS DAMAGED. 🔥,5.0,2024-11-02,False,5
REV00515,Fashion,Sunglasses,Works like a charm. It looks even better than the pictures online. ❤️,4.0,2025-02-07,True,5
REV01118,Books & Media,Fiction Novel,I'm so impressed with the quality. The color and finish look great in person. 👍 even though customer service was slow to respond.,5.0,2025-02-16,True,2
REV00298,Fashion,Running Shoes,Best purchase I've made this year. The build quality feels premium and sturdy. 👍 although it took longer to arrive than promised.,5.0,2025-09-18,True,1
REV01698,Books & Media,Comic Collection,Couldn't be happier with this purchase. The build quality feels premium and sturdy. 🔥 even though customer service was slow to respond.,5.0,2025-07-14,True,16
REV01218,Electronics,Laptop Stand,Exceeded my expectations. The build quality feels premium and sturdy. ✨ but the delivery experience could definitely be better.,5.0,2024-10-25,True,1
REV01307,Electronics,Bluetooth Speaker,"Not bad, but not great either. Good enough for occasional use. 🙂",3.0,2025-02-16,True,4
REV00711,Fashion,Sunglasses,Couldn't be happier with this purchase. The color and finish look great in person. 👍 although the price is a bit high for what you get.,4.0,2025-05-26,True,2
REV01196,Sports & Outdoors,Camping Tent,Best purchase I've made this year. Customer service was quick to respond when I had a question. ✨ http://example-shop.com/review   ,4.0,2025-05-31,False,0
REV00516,Home & Kitchen,Blender,Very frustrating experience overall. I found scratches on it right out of the packaging. 😡,1.0,2024-10-18,True,2
REV00046,Electronics,Laptop Stand,I regret buying this. It stopped working after just one week. 👎,2.0,2025-09-12,True,3
REV01164,Electronics,Smartwatch,Fantastic value for the price. My family loves it just as much as I do. 👍 but the delivery experience could definitely be better. http://example-shop.com/review,5.0,2025-05-20,True,0
REV01515,Electronics,Bluetooth Speaker,This is exactly what I needed. It's comfortable and fits perfectly. ❤️,5.0,2024-02-11,True,3
REV01389,Beauty & Personal Care,Lip Balm Set,<p>Not worth the money at all. The instructions were confusing and unclear. 💔,1.0,2024-04-19,True,0
REV00058,Electronics,Smartwatch,Best purchase I've made this year. The color and finish look great in person. ❤️ but the delivery experience could definitely be better.,5.0,2025-06-19,True,6
REV01415,Beauty & Personal Care,Sunscreen Lotion,This is exactly what I needed. Customer service was quick to respond when I had a question. ❤️,4.0,2025-01-27,True,0
REV00160,Home & Kitchen,Electric Kettle,I want a refund immediately. I found scratches on it right out of the packaging.,2.0,2024-06-15,True,0
REV01322,Fashion,Cotton T-Shirt,Absolutely loved this product! It's comfortable and fits perfectly. 😊,5.0,2024-06-13,True,3
REV01615,Electronics,USB-C Hub,Really disappointed with this purchase. The instructions were confusing and unclear. 😢,2.0,2024-09-29,True,0
REV01521,Beauty & Personal Care,Electric Trimmer,"It's fine, meets basic expectations. It's a bit bulkier than I expected.",3.0,2025-04-16,False,10
REV01596,Beauty & Personal Care,Electric Trimmer,"It's exactly what was advertised, nothing more. Shipping took the standard amount of time. 🙂",3.0,2024-06-03,True,7
REV00925,Electronics,Laptop Stand,Best purchase I've made this year. It looks even better than the pictures online. 🔥,5.0,2024-08-26,True,3
REV00562,Beauty & Personal Care,Electric Trimmer,"This is exactly what I needed. Delivery was super fast, arrived a day early. 👍",5.0,2025-04-09,True,4
REV01520,Beauty & Personal Care,Sunscreen Lotion,Very frustrating experience overall. It arrived late and the box was damaged.,1.0,2025-09-07,True,2
REV00875,Electronics,Wireless Earbuds,I'm  so impressed with the quality. It's comfortable and fits perfectly. ✨,5.0,2025-12-13,True,0
REV01783,Books & Media,Biography,Absolutely loved this product! Customer service was quick to respond when I had a question. 🔥,4.0,2025-01-04,True,3
REV01613,Books & Media,Kids Story Set,I regret buying this. It stopped working after just one week. 👎,2.0,2024-07-10,True,6
REV00894,Fashion,Leather Wallet,COULDN'T BE HAPPIER WITH THIS PURCHASE. THE BUILD QUALITY FEELS PREMIUM AND STURDY.,5.0,2025-05-30,False,2
REV00669,Beauty & Personal Care,Electric Trimmer,"Not bad, but not great either. There are better alternatives but this works fine too.",3.0,2025-03-18,True,3
REV00096,Sports & Outdoors,Camping Tent,Not  worth the money at all. The instructions were confusing and unclear. 😢,2.0,2024-11-15,True,6
REV01251,Fashion,Backpack,Highly recommend this to everyone. Customer service was quick to respond when I had a question. ✨,5.0,2024-09-12,True,4
REV00733,Books & Media,Cookbook,I'm so impressed with the quality. The color and finish look great in person. 🔥,5.0,2025-03-14,True,0
REV00580,Fashion,Denim Jacket,This is exactly what I needed. The packaging was neat and nothing was damaged. ❤️,5.0,2024-11-13,False,0
REV00834,Fashion,Running Shoes,&amp;Reasonable purchase overall. The design is simple but functional. 🤷,3.0,2024-08-05,True,8
REV00117,Sports & Outdoors,Camping Tent,Fantastic value for the price. It looks even better than the pictures online. ✨,4.0,2025-08-07,False,2
REV00260,Home & Kitchen,Electric Kettle,"Exceeded my expectations. Delivery was super fast, arrived a day early. ❤️",5.0,2025-08-31,False,0
REV01736,Sports & Outdoors,Yoga Mat,"Really disappointed with this purchase. There was a strange smell straight out of the box. 👎 On the plus side, it did arrive quickly.",1.0,2025-07-17,False,4
REV01472,Sports & Outdoors,Dumbbell Set,"Average  quality for the price. Packaging was standard, nothing memorable.",3.0,2025-07-09,False,3
REV00009,Electronics,Wireless Earbuds,Does the job but nothing extraordinary. The design is simple but functional.,3.0,2025-04-24,True,2
REV00219,Books & Media,Self-Help Book,I want a refund immediately. There was a strange smell straight out of the box. 😡,1.0,2024-10-17,True,5
REV00367,Books & Media,Fiction Novel,Fantastic value for the price. The build quality feels premium and sturdy. 👍,5.0,2025-05-13,True,2
REV00196,Fashion,Backpack,Fantastic value for the price. The color and finish look great in person. ✨,5.0,2024-12-03,True,1
REV01269,Home & Kitchen,Bedsheet Set,THIS IS EXACTLY WHAT I NEEDED. CUSTOMER SERVICE WAS QUICK TO RESPOND WHEN I HAD A QUESTION. BUT THE DELIVERY EXPERIENCE COULD DEFINITELY BE BETTER. WWW.SHOPREVIEW-SITE.COM/R/12345,5.0,2024-03-27,True,0
REV01532,Fashion,Denim Jacket,"Five stars, no doubt. Setup was simple and took less than five minutes.",4.0,2025-10-28,False,2
REV01209,Electronics,Bluetooth Speaker,"Fantastic  value for the price. Delivery was super fast, arrived a day early. 👍",4.0,2024-12-16,True,0
REV00781,Books & Media,Kids Story Set,"Couldn't be happier with this purchase. Delivery was super fast, arrived a day early.",4.0,2025-10-24,True,0
REV01675,Home & Kitchen,Air Fryer,Absolutely loved this product! The build quality feels premium and sturdy.,4.0,2025-01-15,False,0
REV00448,Books & Media,Biography,Exceeded my expectations. My family loves it just as much as I do. ❤️,5.0,2025-09-23,True,0
REV01178,Sports & Outdoors,Cycling Helmet,I'm so impressed with the quality. The color and finish look great in person. 👍,5.0,2024-07-28,True,0
REV00391,Sports & Outdoors,Dumbbell Set,Couldn't  be happier with this purchase. Setup was simple and took less than five minutes. ❤️,5.0,2024-07-01,False,2
REV00964,Books & Media,Comic Collection,Exceeded my expectations. The color and finish look great in person. 🔥,4.0,2024-07-02,False,1
REV01585,Sports & Outdoors,Water Bottle,Best purchase I've made this year. Setup was simple and took less than five minutes. 😊,5.0,2025-04-25,True,1
REV00197,Beauty & Personal Care,Lip Balm Set,Couldn't be happier with this purchase. Customer service was quick to respond when I had a question. ❤️,4.0,2024-10-25,True,4
REV00612,Beauty & Personal Care,Lip Balm Set,Fantastic  value for the price. Customer service was quick to respond when I had a question.,4.0,2025-07-26,True,8
REV01708,Sports & Outdoors,Dumbbell Set,,5.0,2024-03-11,True,2
REV00937,Electronics,Smartwatch,Works like a charm. The packaging was neat and nothing was damaged. 🔥,4.0,2025-09-11,False,5
REV01413,Home & Kitchen,Air Fryer,Couldn't be happier with this purchase. Battery life lasts way longer than advertised. 👍,4.0,2024-02-15,True,5
REV01270,Fashion,Running Shoes,Best purchase I've made this year. The packaging was neat and nothing was damaged. 😊,5.0,2025-06-27,False,4
REV01599,Books & Media,Kids Story Set,"Five  stars, no doubt. Delivery was super fast, arrived a day early. 👍",5.0,2025-07-01,False,6
REV00107,Books & Media,Self-Help Book,Best purchase I've made this year. My family loves it just as much as I do. 🔥,5.0,2025-10-01,True,0
REV00076,Electronics,Bluetooth Speaker,"Five stars, no doubt. Battery life lasts way longer than advertised. 🔥 although it took longer to arrive than promised.",5.0,2025-01-26,True,0
REV01623,Books & Media,Cookbook,I'm so impressed with the quality. The packaging was neat and nothing was damaged.,5.0,2024-09-28,True,0
REV00012,Beauty & Personal Care,Face Serum,Does  the job but nothing extraordinary. It's comparable to other products in this price range. 🤷,3.0,2024-03-11,False,1
REV01669,Sports & Outdoors,Water Bottle,Highly  recommend this to everyone. The color and finish look great in person. ✨,5.0,2024-12-02,True,4
REV00361,Books & Media,Comic Collection,I'm so impressed with the quality. My family loves it just as much as I do.,5.0,2025-09-25,True,0
REV00469,Sports & Outdoors,Resistance Bands,Really disappointed with this purchase. It arrived late and the box was damaged.,1.0,2024-09-30,False,7
REV01789,Fashion,Backpack,Does the job but nothing extraordinary. There are better alternatives but this works fine too. 🤷,3.0,2025-04-20,True,2
REV00059,Beauty & Personal Care,Electric Trimmer,<br>Couldn't be happier with this purchase. The packaging was neat and nothing was damaged. ❤️,5.0,2024-06-09,True,0
REV01106,Fashion,Backpack,Highly recommend this to everyone. Setup was simple and took less than five minutes. 🔥,5.0,2024-12-06,True,4
REV00102,Electronics,Wireless Earbuds,Would not recommend this to anyone. The size was completely different from what was described. 👎,2.0,2024-05-12,True,6
REV00377,Fashion,Cotton T-Shirt,HIGHLY RECOMMEND THIS TO EVERYONE. MY FAMILY LOVES IT JUST AS MUCH AS I DO. ✨ BUT I WISH IT CAME IN MORE COLOR OPTIONS.,4.0,2024-01-08,True,1
REV01795,Books & Media,Self-Help Book,Really disappointed with this purchase. The stitching came apart almost immediately. 😢,2.0,2024-04-03,True,0
REV01616,Electronics,Laptop Stand,Best  purchase I've made this year. My family loves it just as much as I do. ✨,4.0,2025-03-05,True,2
REV00359,Sports & Outdoors,Yoga Mat,"Fantastic value for the price. Delivery was super fast, arrived a day early. ❤️ but the delivery experience could definitely be better.",5.0,2024-01-10,True,10
REV00917,Fashion,Sunglasses,Best purchase I've made this year. It's comfortable and fits perfectly. 👍,4.0,2024-01-22,False,4
REV01547,Electronics,Power Bank,I'm so impressed with the quality. My family loves it just as much as I do. 👍 although the price is a bit high for what you get.,4.0,2024-08-29,True,5
REV00563,Electronics,USB-C Hub,Best  purchase I've made this year. My family loves it just as much as I do. but I wish it came in more color options.,5.0,2025-12-31,False,2
REV00584,Home & Kitchen,Blender,Absolutely loved this product! It's comfortable and fits perfectly. 😊,5.0,2024-09-16,True,2
REV00702,Beauty & Personal Care,Lip Balm Set,I regret buying this. The material feels cheap and flimsy.,1.0,2025-12-03,True,3
REV00255,Books & Media,Kids Story Set,Couldn't be happier with this purchase. Battery life lasts way longer than advertised. 👍,5.0,2024-01-02,False,3
REV00913,Beauty & Personal Care,Sunscreen Lotion,Best purchase I've made this year. Setup was simple and took less than five minutes. 👍,5.0,2024-10-29,True,2
REV00166,Sports & Outdoors,Water Bottle,I'm so impressed with the quality. The color and finish look great in person. ✨ even though customer service was slow to respond.,4.0,2025-06-06,True,4
REV00780,Books & Media,Fiction Novel,This is exactly what I needed. Customer service was quick to respond when I had a question. ❤️,5.0,2024-08-12,True,6
REV01385,Fashion,Denim Jacket,Couldn't be happier with this purchase. Setup was simple and took less than five minutes. 🔥 although it took longer to arrive than promised.,4.0,2024-03-08,False,3
REV01730,Home & Kitchen,Blender,ABSOLUTELY LOVED THIS PRODUCT! IT'S COMFORTABLE AND FITS PERFECTLY. ❤️,5.0,2024-07-17,True,3
REV01308,Books & Media,Kids Story Set,Couldn't be happier with this purchase. The packaging was neat and nothing was damaged. ✨,4.0,2025-09-06,True,0
REV00438,Home & Kitchen,Blender,"Extremely poor quality. I found scratches on it right out of the packaging. On the plus side, it did arrive quickly.",1.0,2024-06-01,True,0
REV00740,Sports & Outdoors,Cycling Helmet,absolutely loved this product! battery life lasts way longer than advertised. 😊,5.0,2024-04-13,True,1
REV01226,Books & Media,Fiction Novel,"It works as described, no complaints, no excitement. Some features could be improved in future versions. 🙂   ",3.0,2025-05-09,True,10
REV01458,Electronics,Power Bank,"It works as described, no complaints, no excitement. The design is simple but functional. 🙂",3.0,2025-03-24,False,3
REV00032,Sports & Outdoors,Cycling Helmet,"Five stars, no doubt. Battery life lasts way longer than advertised. 🔥",5.0,2024-01-02,True,1
REV01173,Fashion,Leather Wallet,Couldn't be happier with this purchase. It's comfortable and fits perfectly. 🔥,5.0,2025-03-19,True,3
REV01155,Home & Kitchen,Blender,One  of the worst products I've bought online. I found scratches on it right out of the packaging. 💔,2.0,2025-04-09,True,1
REV01565,Home & Kitchen,Bedsheet Set,"Highly recommend this to everyone. Delivery was super fast, arrived a day early. ❤️",5.0,2025-12-23,False,5
REV00221,Electronics,Power Bank,Would not recommend this to anyone. Customer support never replied to my emails. 😢,1.0,2025-10-26,True,12
REV01671,Beauty & Personal Care,Electric Trimmer,Absolutely loved this product! It looks even better than the pictures online. ❤️,5.0,2025-04-26,True,2
REV01423,Books & Media,Biography,Exceeded  my expectations. It's comfortable and fits perfectly. 👍,4.0,2024-01-03,False,1
REV01014,Home & Kitchen,Blender,<br>Fantastic value for the price. Setup was simple and took less than five minutes. ✨,5.0,2025-06-09,False,11
REV00086,Books & Media,Kids Story Set,This is exactly what I needed. The color and finish look great in person.,5.0,2024-10-13,True,0
REV00593,Electronics,Smartwatch,This was a complete waste of time. It stopped working after just one week. 💔,2.0,2025-11-03,True,8
REV01292,Books & Media,Self-Help Book,This is exactly what I needed. It looks even better than the pictures online. 👍,4.0,2024-05-06,True,1
REV00808,Fashion,Sunglasses,This is exactly what I needed. It looks even better than the pictures online. ✨,4.0,2024-06-26,True,3
REV01158,Home & Kitchen,Bedsheet Set,This is exactly what I needed. The build quality feels premium and sturdy.,5.0,2025-10-12,True,0
REV01732,Sports & Outdoors,Camping Tent,&amp;Fantastic value for the price. Setup was simple and took less than five minutes. 🔥,5.0,2024-09-08,True,2
REV00278,Beauty & Personal Care,Moisturizer Cream,"Five stars, no doubt. My family loves it just as much as I do. ❤️   ",5.0,2025-11-09,False,1
REV00852,Beauty & Personal Care,Lip Balm Set,"Five stars, no doubt. It's comfortable and fits perfectly.   ",4.0,2025-07-26,True,2
REV00229,Fashion,Running Shoes,Really disappointed with this purchase. The instructions were confusing and unclear.,1.0,2025-07-04,True,1
REV01241,Sports & Outdoors,Water Bottle,A decent option if you're on a budget. Shipping took the standard amount of time.,3.0,2025-03-11,True,6
REV01321,Sports & Outdoors,Camping Tent,"It works as described, no complaints, no excitement. The design is simple but functional. 🙂",3.0,2025-11-18,True,0
REV01261,Books & Media,Biography,Couldn't be happier with this purchase. The color and finish look great in person. ✨,5.0,2024-12-31,True,0
REV01035,Beauty & Personal Care,Sunscreen Lotion,I  want a refund immediately. It arrived late and the box was damaged. 😢,2.0,2024-04-06,True,1
REV00449,Home & Kitchen,Vacuum Cleaner,Average quality for the price. It's comparable to other products in this price range. 🤷 www.shopreview-site.com/r/12345,3.0,2024-10-16,True,6
REV00081,Home & Kitchen,Vacuum Cleaner,Absolutely loved this product! The color and finish look great in person. ❤️,4.0,2025-07-06,False,3
REV01489,Beauty & Personal Care,Sunscreen Lotion,WORKS LIKE A CHARM. THE BUILD QUALITY FEELS PREMIUM AND STURDY. ❤️,5.0,2024-01-10,False,0
REV01109,Books & Media,Cookbook,"WORKS LIKE A CHARM. DELIVERY WAS SUPER FAST, ARRIVED A DAY EARLY. 😊",5.0,2024-03-30,False,0
REV00066,Home & Kitchen,Electric Kettle,&amp;Exceeded my expectations. The packaging was neat and nothing was damaged. ✨,4.0,2025-10-02,True,0
REV00905,Home & Kitchen,Blender,Middle of the road experience. It's comparable to other products in this price range. 🙂,3.0,2024-06-22,True,0
REV01049,Sports & Outdoors,Yoga Mat,,4.0,2024-02-10,True,3
REV00304,Sports & Outdoors,Water Bottle,"Not bad, but not great either. It does what it says, just don't expect much extra.",3.0,2024-08-16,False,1
REV00220,Sports & Outdoors,Dumbbell Set,Couldn't be happier with this purchase. My family loves it just as much as I do. ❤️ https://bit.ly/3xample,5.0,2024-06-10,True,0
REV00990,Electronics,Smartwatch,"Five stars, no doubt. The color and finish look great in person. ❤️",5.0,2025-11-20,True,5
REV00948,Fashion,Cotton T-Shirt,I'm so impressed with the quality. Customer service was quick to respond when I had a question. ❤️ even though customer service was slow to respond.,4.0,2024-07-23,True,3
REV00568,Beauty & Personal Care,Hair Dryer,Couldn't  be happier with this purchase. It looks even better than the pictures online. ❤️,5.0,2024-08-29,True,0
REV00550,Home & Kitchen,Blender,Works like a charm. My family loves it just as much as I do. https://bit.ly/3xample,5.0,2025-11-07,False,1
REV00002,Fashion,Sunglasses,Couldn't be happier with this purchase. The build quality feels premium and sturdy. ✨,5.0,2024-01-07,True,2
REV00734,Books & Media,Fiction Novel,"highly recommend this to everyone. delivery was super fast, arrived a day early. ❤️",5.0,2024-02-28,True,1
REV00642,Home & Kitchen,Blender,"I'm so impressed with the quality. Delivery was super fast, arrived a day early. 😊 although the price is a bit high for what you get.",4.0,2024-12-29,True,0
REV00060,Sports & Outdoors,Yoga Mat,Best purchase I've made this year. The build quality feels premium and sturdy. 🔥,5.0,2025-04-09,True,2
REV01502,Home & Kitchen,Non-Stick Pan Set,"It's  fine, meets basic expectations. It does what it says, just don't expect much extra. 🙂",3.0,2025-11-07,True,2
REV00250,Electronics,Smartwatch,I'm so impressed with the quality. Setup was simple and took less than five minutes. ✨,5.0,2025-02-01,True,12
REV01304,Beauty & Personal Care,Moisturizer Cream,This  broke within a few days of use. Customer support never replied to my emails.,1.0,2025-07-21,True,0
REV00122,Fashion,Sunglasses,Couldn't be happier with this purchase. It's comfortable and fits perfectly. 🔥 even though customer service was slow to respond.,5.0,2024-03-05,True,1
REV01630,Beauty & Personal Care,Lip Balm Set,"ABSOLUTELY LOVED THIS PRODUCT! DELIVERY WAS SUPER FAST, ARRIVED A DAY EARLY. ✨",4.0,2025-12-05,True,6
REV00214,Electronics,Power Bank,Highly recommend this to everyone. Battery life lasts way longer than advertised. 😊,4.0,2024-12-25,False,6
REV01065,Sports & Outdoors,Resistance Bands,</p>Couldn't  be happier with this purchase. Battery life lasts way longer than advertised. 😊,5.0,2025-02-27,True,1
REV00029,Fashion,Leather Wallet,Really disappointed with this purchase. Customer support never replied to my emails. 😢,1.0,2025-12-19,True,0
REV00555,Home & Kitchen,Air Fryer,This is exactly what I needed. Battery life lasts way longer than advertised.,5.0,2025-05-27,False,0
REV01253,Beauty & Personal Care,Hair Dryer,Average quality for the price. Shipping took the standard amount of time. 🤷,3.0,2024-07-25,False,0
REV01431,Beauty & Personal Care,Moisturizer Cream,</p>Absolutely loved this product! Battery life lasts way longer than advertised. 🔥,5.0,2025-07-04,False,0
REV01313,Home & Kitchen,Bedsheet Set,I'm so impressed with the quality. It's comfortable and fits perfectly. 👍 www.shopreview-site.com/r/12345,4.0,2025-11-10,True,9
REV01714,Home & Kitchen,Air Fryer,Couldn't be happier with this purchase. My family loves it just as much as I do. 🔥,4.0,2024-03-23,True,2
REV01661,Home & Kitchen,Non-Stick Pan Set,Couldn't be happier with this purchase. The build quality feels premium and sturdy. even though customer service was slow to respond.,4.0,2025-01-10,True,0
REV01067,Beauty & Personal Care,Moisturizer Cream,This is exactly what I needed. My family loves it just as much as I do. 👍,4.0,2024-04-02,True,2
REV00406,Home & Kitchen,Non-Stick Pan Set,"Five stars, no doubt. Battery life lasts way longer than advertised. ✨",5.0,2025-09-30,True,5
REV00457,Books & Media,Kids Story Set,This is exactly what I needed. Battery life lasts way longer than advertised.,4.0,2025-01-28,False,1
REV01748,Books & Media,Cookbook,"Five stars, no doubt. It looks even better than the pictures online. ❤️ although the price is a bit high for what you get.",5.0,2025-03-04,True,0
REV00635,Beauty & Personal Care,Face Serum,This is exactly what I needed. The build quality feels premium and sturdy. ❤️,4.0,2024-02-14,False,1
REV01374,Books & Media,Self-Help Book,Best  purchase I've made this year. Battery life lasts way longer than advertised. 🔥,4.0,2025-07-21,True,0
REV00411,Sports & Outdoors,Water Bottle,EXCEEDED MY EXPECTATIONS. CUSTOMER SERVICE WAS QUICK TO RESPOND WHEN I HAD A QUESTION. 👍,5.0,2025-02-06,True,0
REV01334,Books & Media,Cookbook,Really disappointed with this purchase. There was a strange smell straight out of the box.,2.0,2025-10-28,True,3
REV01784,Fashion,Running Shoes,Fantastic value for the price. Setup was simple and took less than five minutes. but the delivery experience could definitely be better. http://example-shop.com/review,4.0,2025-07-05,True,3
REV01397,Sports & Outdoors,Camping Tent,Fantastic value for the price. The build quality feels premium and sturdy. 👍 although the price is a bit high for what you get.,4.0,2024-06-09,False,0
REV00154,Books & Media,Comic Collection,Fantastic value for the price. Battery life lasts way longer than advertised. 🔥,4.0,2025-01-23,False,1
REV01712,Home & Kitchen,Blender,"This  is exactly what I needed. Delivery was super fast, arrived a day early. 🔥",5.0,2025-04-14,True,0
REV01377,Beauty & Personal Care,Lip Balm Set,Does the job but nothing extraordinary. Good enough for occasional use.,3.0,2025-08-07,False,1
REV00338,Fashion,Running Shoes,Highly recommend this to everyone. Battery life lasts way longer than advertised. 👍 but the delivery experience could definitely be better.,4.0,2024-02-10,False,12
REV00424,Books & Media,Kids Story Set,&amp;I regret buying this. The instructions were confusing and unclear. 💔,1.0,2024-09-13,True,17
REV01486,Books & Media,Kids Story Set,"FIVE  STARS, NO DOUBT. IT LOOKS EVEN BETTER THAN THE PICTURES ONLINE. ❤️",4.0,2024-05-18,True,0
REV00833,Sports & Outdoors,Water Bottle,I'm so impressed with the quality. The packaging was neat and nothing was damaged. 👍 but I wish it came in more color options.,5.0,2024-04-19,True,5
REV01316,Books & Media,Fiction Novel,I'm so impressed with the quality. It's comfortable and fits perfectly. ❤️,5.0,2025-07-08,True,3
REV01115,Books & Media,Fiction Novel,"It's exactly what was advertised, nothing more. Some features could be improved in future versions.",3.0,2025-05-20,True,1
REV01060,Home & Kitchen,Non-Stick Pan Set,"Extremely poor quality. I found scratches on it right out of the packaging. 😢 On the plus side, it did arrive quickly.",1.0,2025-08-15,True,6
REV00470,Home & Kitchen,Bedsheet Set,Very frustrating experience overall. The instructions were confusing and unclear. 💔,2.0,2025-12-07,False,2
REV01059,Fashion,Sunglasses,Couldn't be happier with this purchase. The packaging was neat and nothing was damaged.,4.0,2024-09-26,True,2
REV01728,Books & Media,Kids Story Set,Exceeded my expectations. The color and finish look great in person. 🔥,5.0,2025-01-28,True,0
REV00086,Books & Media,Kids Story Set,This is exactly what I needed. The color and finish look great in person.,5.0,2024-10-13,True,0
REV01409,Home & Kitchen,Electric Kettle,Works like a charm. Customer service was quick to respond when I had a question. 👍,4.0,2025-08-07,False,0
REV00094,Sports & Outdoors,Resistance Bands,I'm so impressed with the quality. The packaging was neat and nothing was damaged. 🔥,5.0,2024-11-16,True,2
REV01383,Sports & Outdoors,Dumbbell Set,<p>One of the worst products I've bought online. The instructions were confusing and unclear. 😢,2.0,2024-04-16,True,9
REV00495,Electronics,Power Bank,Reasonable purchase overall. There are better alternatives but this works fine too. 🙂,3.0,2025-09-18,False,5
REV01116,Books & Media,Self-Help Book,Couldn't be happier with this purchase. The packaging was neat and nothing was damaged. 😊,5.0,2025-01-05,True,0
REV01097,Fashion,Cotton T-Shirt,Couldn't be happier with this purchase. Customer service was quick to respond when I had a question.,5.0,2024-05-13,True,2
REV01727,Books & Media,Biography,Works  like a charm. The build quality feels premium and sturdy. 🔥 but I wish it came in more color options.,5.0,2025-03-12,True,1
REV00694,Electronics,USB-C Hub,This is exactly what I needed. The packaging was neat and nothing was damaged.,5.0,2024-09-15,True,0
REV00749,Books & Media,Comic Collection,&amp;I'm so impressed with the quality. It looks even better than the pictures online. ❤️,4.0,2024-12-25,True,1
REV01066,Books & Media,Fiction Novel,&amp;Would  not recommend this to anyone. The stitching came apart almost immediately. 👎,2.0,2025-12-18,False,0
REV01600,Fashion,Backpack,I  regret buying this. It arrived late and the box was damaged. 😡,2.0,2025-06-07,True,1
REV00055,Beauty & Personal Care,Electric Trimmer,"Middle of the road experience. It does what it says, just don't expect much extra.",3.0,2024-01-15,True,0
REV01108,Sports & Outdoors,Cycling Helmet,This is exactly what I needed. Battery life lasts way longer than advertised. 👍,5.0,2025-11-18,True,1
REV01080,Home & Kitchen,Vacuum Cleaner,Absolutely loved this product! Customer service was quick to respond when I had a question. 👍,4.0,2025-10-03,True,4
REV00907,Sports & Outdoors,Water Bottle,"It's fine, meets basic expectations. Some features could be improved in future versions. 🤷 http://example-shop.com/review",3.0,2025-03-31,True,0
REV00569,Fashion,Cotton T-Shirt,Couldn't be happier with this purchase. My family loves it just as much as I do. 😊 but the delivery experience could definitely be better.,5.0,2025-03-09,True,2
REV00339,Home & Kitchen,Air Fryer,This broke within a few days of use. The size was completely different from what was described. 😢,2.0,2024-03-20,True,1
REV00723,Fashion,Sunglasses,I'm so impressed with the quality. Customer service was quick to respond when I had a question. 😊 http://example-shop.com/review,5.0,2025-03-09,False,0
REV01538,Electronics,Smartwatch,Exceeded my expectations. It looks even better than the pictures online. 🔥,4.0,2025-09-07,True,6
REV00245,Beauty & Personal Care,Electric Trimmer,Exceeded my expectations. The color and finish look great in person. ✨ http://example-shop.com/review,5.0,2024-04-04,False,6
REV01023,Beauty & Personal Care,Face Serum,Absolutely loved this product! The packaging was neat and nothing was damaged. 🔥,5.0,2025-10-29,True,3
REV00581,Sports & Outdoors,Dumbbell Set,"Five stars, no doubt. Delivery was super fast, arrived a day early. ❤️",5.0,2025-03-08,False,0
REV01734,Electronics,Smartwatch,I'm so impressed with the quality. Battery life lasts way longer than advertised. 😊,4.0,2024-08-04,True,3
REV01348,Sports & Outdoors,Yoga Mat,Works like a charm. The packaging was neat and nothing was damaged. ❤️,5.0,2024-11-28,True,2
REV00355,Sports & Outdoors,Water Bottle,"It's fine, meets basic expectations. Good enough for occasional use. 🙂",3.0,2024-10-09,True,3
REV01220,Electronics,Power Bank,"Five stars, no doubt. Customer service was quick to respond when I had a question.",4.0,2025-03-04,False,0
REV01104,Books & Media,Fiction Novel,"A decent option if you're on a budget. Packaging was standard, nothing memorable.",3.0,2025-09-28,False,5
REV00286,Books & Media,Fiction Novel,"Five stars, no doubt. The build quality feels premium and sturdy. 😊",4.0,2024-03-31,True,4
REV01407,Sports & Outdoors,Yoga Mat,I'm so impressed with the quality. Battery life lasts way longer than advertised.,5.0,2024-05-30,False,0
REV01284,Books & Media,Self-Help Book,"Not bad, but not great either. Packaging was standard, nothing memorable.",3.0,2025-01-22,True,0
REV01494,Books & Media,Comic Collection,I regret buying this. It stopped working after just one week. 👎,1.0,2024-01-03,True,2
REV00313,Beauty & Personal Care,Face Serum,"<br>Works like a charm. Delivery was super fast, arrived a day early. 😊",4.0,2024-09-13,True,1
REV00296,Home & Kitchen,Vacuum Cleaner,"Not worth the money at all. It arrived late and the box was damaged. 😡 On the plus side, it did arrive quickly.",2.0,2024-10-01,False,3
REV01743,Beauty & Personal Care,Sunscreen Lotion,I'm so impressed with the quality. My family loves it just as much as I do.   ,4.0,2024-07-09,False,2
REV00812,Books & Media,Self-Help Book,"Highly recommend this to everyone. Delivery was super fast, arrived a day early. 👍",4.0,2024-04-19,True,9
REV01018,Books & Media,Comic Collection,I'm so impressed with the quality. The color and finish look great in person. ❤️,4.0,2024-04-13,True,1
REV01741,Beauty & Personal Care,Hair Dryer,Would not recommend this to anyone. The instructions were confusing and unclear. 😡,2.0,2025-03-08,True,2
REV01036,Beauty & Personal Care,Face Serum,Exceeded my expectations. It's comfortable and fits perfectly.,5.0,2025-05-31,True,2
REV00927,Fashion,Sunglasses,Fantastic value for the price. It's comfortable and fits perfectly. 🔥,5.0,2024-03-24,False,5
REV01355,Sports & Outdoors,Cycling Helmet,One of the worst products I've bought online. The material feels cheap and flimsy. 😢,1.0,2024-06-20,True,1
REV00664,Beauty & Personal Care,Hair Dryer,Reasonable  purchase overall. Shipping took the standard amount of time. 🤷,3.0,2025-07-20,True,4
REV01133,Sports & Outdoors,Yoga Mat,<br>Highly recommend this to everyone. Battery life lasts way longer than advertised. ✨,4.0,2024-05-23,True,2
REV00591,Books & Media,Kids Story Set,Couldn't be happier with this purchase. It's comfortable and fits perfectly. ❤️ but I wish it came in more color options.,5.0,2025-05-14,True,1
REV00673,Fashion,Cotton T-Shirt,Fantastic value for the price. My family loves it just as much as I do. 🔥 although it took longer to arrive than promised.,5.0,2024-06-14,True,1
REV00450,Sports & Outdoors,Water Bottle,I  regret buying this. I found scratches on it right out of the packaging. 😡,,2025-04-17,True,0
REV00132,Home & Kitchen,Electric Kettle,I want a refund immediately. It arrived late and the box was damaged.   ,2.0,2024-07-09,True,2
REV01721,Books & Media,Comic Collection,"Highly recommend this to everyone. Delivery was super fast, arrived a day early.",4.0,2025-06-24,True,2
REV00689,Electronics,Bluetooth Speaker,Couldn't be happier with this purchase. It's comfortable and fits perfectly. 👍,4.0,2025-05-07,True,2
REV00626,Home & Kitchen,Bedsheet Set,This is exactly what I needed. Battery life lasts way longer than advertised.,5.0,2024-04-01,True,1
REV00862,Fashion,Backpack,Average quality for the price. It's comparable to other products in this price range.,3.0,2025-11-05,True,0
REV01188,Beauty & Personal Care,Sunscreen Lotion,This is exactly what I needed. The build quality feels premium and sturdy. ✨,5.0,2024-01-22,True,0
REV00645,Beauty & Personal Care,Electric Trimmer,Would not recommend this to anyone. It stopped working after just one week. 👎,1.0,2024-12-05,False,0
REV00527,Electronics,Wireless Earbuds,Best purchase I've made this year. The build quality feels premium and sturdy. 🔥,5.0,2024-12-16,True,4
REV00499,Books & Media,Comic Collection,this is exactly what i needed. it looks even better than the pictures online. 👍,5.0,2025-08-07,True,0
REV01639,Electronics,Power Bank,Exceeded my expectations. The build quality feels premium and sturdy. ❤️,5.0,2025-04-10,True,1
REV00784,Home & Kitchen,Air Fryer,Highly recommend this to everyone. The build quality feels premium and sturdy. ❤️,5.0,2024-05-12,True,0
REV00128,Books & Media,Biography,One of the worst products I've bought online. There was a strange smell straight out of the box. 👎,2.0,2024-03-21,True,2
REV01361,Books & Media,Biography,Highly recommend this to everyone. The packaging was neat and nothing was damaged. 👍,,2024-10-21,True,4
REV00251,Fashion,Denim Jacket,i'm so impressed with the quality. the color and finish look great in person. ❤️,5.0,2025-07-30,False,2
REV00596,Electronics,Wireless Earbuds,Extremely poor quality. The size was completely different from what was described. 😢,1.0,2024-04-26,True,2
REV00953,Electronics,Smartwatch,"Five stars, no doubt. Setup was simple and took less than five minutes. 👍 https://bit.ly/3xample",5.0,2025-02-12,True,0
REV00163,Books & Media,Kids Story Set,Absolutely loved this product! Setup was simple and took less than five minutes.,5.0,2025-12-21,True,4
REV00825,Home & Kitchen,Non-Stick Pan Set,<br>this is exactly what i needed. the build quality feels premium and sturdy. ✨,5.0,2024-12-20,True,3
REV01451,Electronics,Wireless Earbuds,Very frustrating experience overall. I found scratches on it right out of the packaging. 💔,2.0,2025-04-05,True,4
REV00444,Home & Kitchen,Electric Kettle,Works like a charm. Battery life lasts way longer than advertised. 🔥,5.0,2024-04-14,True,0
REV00098,Sports & Outdoors,Water Bottle,COULDN'T BE HAPPIER WITH THIS PURCHASE. IT'S COMFORTABLE AND FITS PERFECTLY. 😊,4.0,2024-12-25,True,1
REV00353,Electronics,Wireless Earbuds,<p>I regret buying this. It doesn't match the pictures shown online at all.,1.0,2025-02-14,True,13
REV00429,Sports & Outdoors,Camping Tent,"very frustrating experience overall. i found scratches on it right out of the packaging. 👎 on the plus side, it did arrive quickly.",1.0,2024-11-01,True,1
REV01272,Home & Kitchen,Blender,I'm so impressed with the quality. The build quality feels premium and sturdy. 👍,5.0,2025-12-12,True,2
REV00832,Sports & Outdoors,Water Bottle,Works like a charm. Battery life lasts way longer than advertised. ❤️,5.0,2025-01-29,False,2
REV00674,Electronics,Laptop Stand,EXCEEDED MY EXPECTATIONS. CUSTOMER SERVICE WAS QUICK TO RESPOND WHEN I HAD A QUESTION. ❤️ BUT I WISH IT CAME IN MORE COLOR OPTIONS.,4.0,2024-02-05,False,1
REV00507,Fashion,Sunglasses,Absolutely loved this product! Setup was simple and took less than five minutes. 🔥,5.0,2024-10-25,True,0
REV00656,Sports & Outdoors,Camping Tent,Would not recommend this to anyone. The stitching came apart almost immediately. 😡,1.0,2024-11-20,True,6
REV00602,Beauty & Personal Care,Sunscreen Lotion,   ,1.0,2024-03-03,True,1
REV01003,Electronics,Smartwatch,"It's fine, meets basic expectations. Packaging was standard, nothing memorable.",3.0,2024-08-03,True,4
REV00331,Electronics,Bluetooth Speaker,"Couldn't be happier with this purchase. Delivery was super fast, arrived a day early. 👍",4.0,2025-01-08,False,12
REV01353,Electronics,Wireless Earbuds,"Five stars, no doubt. Customer service was quick to respond when I had a question. 🔥",5.0,2025-09-11,True,4
REV00337,Fashion,Leather Wallet,I regret buying this. Customer support never replied to my emails.,1.0,2024-08-12,True,2
REV00700,Electronics,Wireless Earbuds,I'm so impressed with the quality. It's comfortable and fits perfectly. 😊,4.0,2025-09-10,True,3
REV01328,Beauty & Personal Care,Moisturizer Cream,"Works like a charm. Delivery was super fast, arrived a day early. 👍",5.0,2024-06-14,True,1
REV00327,Fashion,Sunglasses,I'm so impressed with the quality. Customer service was quick to respond when I had a question.,4.0,2025-10-25,True,4
REV00940,Home & Kitchen,Blender,"It's fine, meets basic expectations. Some features could be improved in future versions.",3.0,2025-09-13,True,2
REV00089,Sports & Outdoors,Dumbbell Set,couldn't be happier with this purchase. it looks even better than the pictures online. 👍,5.0,2024-09-13,True,1
REV01670,Beauty & Personal Care,Hair Dryer,"Fantastic value for the price. Delivery was super fast, arrived a day early. 🔥",4.0,2024-05-02,True,3
REV00112,Books & Media,Comic Collection,"Extremely poor quality. It arrived late and the box was damaged. 😢 On the plus side, it did arrive quickly.",2.0,2024-06-02,True,1
REV00622,Home & Kitchen,Vacuum Cleaner,Exceeded my expectations. The build quality feels premium and sturdy. 👍,5.0,2024-10-02,True,5
REV00350,Books & Media,Kids Story Set,This was a complete waste of time. The size was completely different from what was described.,2.0,2025-07-24,True,1
REV01411,Beauty & Personal Care,Sunscreen Lotion,Exceeded my expectations. Setup was simple and took less than five minutes. ✨,5.0,2025-08-27,True,0
REV00455,Books & Media,Cookbook,"Not bad, but not great either. Good enough for occasional use.",3.0,2024-04-01,True,1
REV01391,Sports & Outdoors,Resistance Bands,I want a refund immediately. There was a strange smell straight out of the box. 💔,1.0,2025-01-15,True,5
REV00306,Home & Kitchen,Blender,"This broke within a few days of use. There was a strange smell straight out of the box. 😡 On the plus side, it did arrive quickly.",1.0,2025-09-17,True,4
REV01791,Electronics,Bluetooth Speaker,"This is exactly what I needed. Delivery was super fast, arrived a day early. 🔥",4.0,2025-05-21,True,5
REV00407,Electronics,Smartwatch,would not recommend this to anyone. there was a strange smell straight out of the box. 👎,,2024-10-21,True,7
REV01636,Fashion,Leather Wallet,Average quality for the price. The design is simple but functional. 🙂,3.0,2025-10-17,True,0
REV00070,Beauty & Personal Care,Electric Trimmer,Works like a charm. Setup was simple and took less than five minutes. 😊,4.0,2025-07-05,True,10
REV00530,Electronics,Laptop Stand,I'm so impressed with the quality. The color and finish look great in person. 👍,4.0,2024-12-22,True,2
REV00202,Beauty & Personal Care,Electric Trimmer,"This is exactly what I needed. Delivery was super fast, arrived a day early. 😊 but the delivery experience could definitely be better.",4.0,2025-02-04,True,5
REV00936,Electronics,Laptop Stand,<br>best purchase i've made this year. customer service was quick to respond when i had a question. 👍,5.0,2024-11-30,True,0
REV01534,Fashion,Denim Jacket,I want a refund immediately. It doesn't match the pictures shown online at all. 💔   ,1.0,2024-10-12,False,10
REV01278,Books & Media,Kids Story Set,Really disappointed with this purchase. Customer support never replied to my emails. 😢,1.0,2024-06-12,True,9
REV01467,Books & Media,Comic Collection,"This broke within a few days of use. Customer support never replied to my emails. 😢 On the plus side, it did arrive quickly.",1.0,2025-09-09,False,2
REV00332,Beauty & Personal Care,Hair Dryer,Absolutely loved this product! Battery life lasts way longer than advertised. 👍,4.0,2024-12-05,False,0
REV00147,Electronics,Power Bank,"Five stars, no doubt. Battery life lasts way longer than advertised. ✨",5.0,2024-05-20,True,1
REV00061,Fashion,Cotton T-Shirt,Couldn't  be happier with this purchase. It looks even better than the pictures online. 🔥 but the delivery experience could definitely be better.,5.0,2024-11-10,True,6
REV01154,Sports & Outdoors,Yoga Mat,Very frustrating experience overall. The material feels cheap and flimsy. 😢,1.0,2024-04-29,True,2
REV00525,Home & Kitchen,Bedsheet Set,"Five stars, no doubt. Delivery was super fast, arrived a day early. ✨ https://bit.ly/3xample",5.0,2024-06-15,True,0
REV00920,Home & Kitchen,Electric Kettle,Absolutely loved this product! It looks even better than the pictures online.,5.0,2024-05-14,False,0
REV00489,Home & Kitchen,Electric Kettle,THIS IS EXACTLY WHAT I NEEDED. THE BUILD QUALITY FEELS PREMIUM AND STURDY. ✨,4.0,2024-08-12,True,0
REV00911,Beauty & Personal Care,Hair Dryer,"It's fine, meets basic expectations. Packaging was standard, nothing memorable. 🤷",3.0,2024-03-31,False,0
REV01694,Fashion,Sunglasses,"It's  exactly what was advertised, nothing more. There are better alternatives but this works fine too. 🤷",3.0,2024-06-19,True,2
REV01006,Beauty & Personal Care,Sunscreen Lotion,One of the worst products I've bought online. The instructions were confusing and unclear. 😡,1.0,2024-10-07,True,0
REV00235,Electronics,Smartwatch,"It's an okay product, nothing special. I might consider other brands next time. 🤷",3.0,2025-11-02,True,9
REV00472,Electronics,Laptop Stand,Exceeded my expectations. The build quality feels premium and sturdy. ✨,5.0,2025-09-11,True,5
REV00314,Electronics,USB-C Hub,Highly recommend this to everyone. It looks even better than the pictures online. ✨ but I wish it came in more color options.,4.0,2025-07-28,True,4
REV01255,Beauty & Personal Care,Hair Dryer,Absolutely loved this product! The build quality feels premium and sturdy.,5.0,2025-03-12,True,6
REV01517,Electronics,Power Bank,This is exactly what I needed. The packaging was neat and nothing was damaged. 👍   ,5.0,2025-10-24,True,0
REV01760,Sports & Outdoors,Cycling Helmet,Really disappointed with this purchase. Customer support never replied to my emails. 💔,1.0,2025-10-21,True,0
REV00328,Electronics,Laptop Stand,Works like a charm. Customer service was quick to respond when I had a question. 😊 although it took longer to arrive than promised.,4.0,2024-12-18,True,0
REV00813,Home & Kitchen,Non-Stick Pan Set,Does  the job but nothing extraordinary. Shipping took the standard amount of time. 🤷,,2025-02-27,True,3
REV00565,Beauty & Personal Care,Electric Trimmer,Best purchase I've made this year. The packaging was neat and nothing was damaged. 🔥,4.0,2025-10-03,True,0
REV01469,Beauty & Personal Care,Face Serum,"Five stars, no doubt. The packaging was neat and nothing was damaged. ✨ although it took longer to arrive than promised.",5.0,2024-01-19,False,2
REV00738,Beauty & Personal Care,Moisturizer Cream,This is exactly what I needed. Customer service was quick to respond when I had a question. ❤️,4.0,2024-10-24,True,3
REV00480,Home & Kitchen,Vacuum Cleaner,Not worth the money at all. It doesn't match the pictures shown online at all. 👎,2.0,2025-07-07,True,4
REV01372,Sports & Outdoors,Cycling Helmet,"IT'S AN OKAY PRODUCT, NOTHING SPECIAL. THE DESIGN IS SIMPLE BUT FUNCTIONAL.",3.0,2025-06-23,False,0
REV00729,Sports & Outdoors,Cycling Helmet,Exceeded my expectations. Battery life lasts way longer than advertised. even though customer service was slow to respond.,5.0,2024-08-15,True,3
REV00473,Books & Media,Comic Collection,Middle of the road experience. The design is simple but functional. 🙂,3.0,2024-10-10,True,0
REV00133,Beauty & Personal Care,Sunscreen Lotion,Exceeded my expectations. Setup was simple and took less than five minutes. ❤️,5.0,2024-05-18,False,4
REV00551,Books & Media,Biography,This  was a complete waste of time. I found scratches on it right out of the packaging.,1.0,2025-04-18,True,10
REV01329,Beauty & Personal Care,Sunscreen Lotion,Works like a charm. Customer service was quick to respond when I had a question. 😊,5.0,2025-05-18,True,5
REV00965,Sports & Outdoors,Cycling Helmet,Exceeded my expectations. Customer service was quick to respond when I had a question. 😊,5.0,2025-04-10,True,0
REV00807,Electronics,Power Bank,Absolutely loved this product! The build quality feels premium and sturdy. 😊,4.0,2025-08-08,False,1
REV00299,Books & Media,Comic Collection,Best  purchase I've made this year. My family loves it just as much as I do. 🔥 but I wish it came in more color options.,5.0,2025-06-21,True,0
REV01345,Fashion,Backpack,Works like a charm. The color and finish look great in person. ❤️,4.0,2025-08-09,False,1
REV00546,Home & Kitchen,Vacuum Cleaner,Couldn't be happier with this purchase. The packaging was neat and nothing was damaged. ❤️,5.0,2025-11-14,True,3
REV01390,Home & Kitchen,Non-Stick Pan Set,Absolutely loved this product! It looks even better than the pictures online.,4.0,2025-02-19,False,0
REV01037,Sports & Outdoors,Dumbbell Set,Average quality for the price. It's a bit bulkier than I expected. 🙂,3.0,2025-06-27,True,6
REV00697,Beauty & Personal Care,Lip Balm Set,This was a complete waste of time. The instructions were confusing and unclear. 👎,2.0,2025-08-03,False,2
REV01762,Beauty & Personal Care,Lip Balm Set,Reasonable purchase overall. It's comparable to other products in this price range. 🤷 http://example-shop.com/review,3.0,2025-08-01,False,0
REV00348,Books & Media,Comic Collection,Very frustrating experience overall. It arrived late and the box was damaged. 💔,2.0,2025-02-22,True,2
REV01648,Fashion,Backpack,"Five stars, no doubt. Customer service was quick to respond when I had a question. 😊",5.0,2024-10-28,True,0
REV01358,Electronics,Smartwatch,This was a complete waste of time. There was a strange smell straight out of the box. 👎,1.0,2024-04-28,True,1
REV01729,Beauty & Personal Care,Face Serum,Works like a charm. It looks even better than the pictures online. 🔥,4.0,2024-01-08,True,3
REV01555,Fashion,Denim Jacket,Fantastic value for the price. The packaging was neat and nothing was damaged.,4.0,2025-10-26,True,2
REV01254,Fashion,Denim Jacket,This is exactly what I needed. Battery life lasts way longer than advertised. 👍,5.0,2024-09-15,True,1
REV01291,Home & Kitchen,Air Fryer,This was a complete waste of time. The material feels cheap and flimsy. 😢,2.0,2024-09-20,True,6
REV00225,Beauty & Personal Care,Hair Dryer,"Exceeded my expectations. Delivery was super fast, arrived a day early. 👍",4.0,2024-10-10,True,0
REV00644,Fashion,Denim Jacket,   ,1.0,2025-07-26,False,1
REV00710,Fashion,Cotton T-Shirt,This is exactly what I needed. The color and finish look great in person. although the price is a bit high for what you get.,4.0,2025-11-26,False,8
REV00666,Sports & Outdoors,Yoga Mat,Best purchase I've made this year. Battery life lasts way longer than advertised. 🔥,4.0,2024-07-30,True,3
REV01666,Home & Kitchen,Air Fryer,&AMP;ABSOLUTELY LOVED THIS PRODUCT! IT LOOKS EVEN BETTER THAN THE PICTURES ONLINE.,4.0,2025-06-05,False,4
REV00731,Sports & Outdoors,Camping Tent,"Couldn't be happier with this purchase. Delivery was super fast, arrived a day early. 😊",4.0,2025-06-28,True,3
REV01325,Electronics,Laptop Stand,Best purchase I've made this year. The build quality feels premium and sturdy. 🔥 but I wish it came in more color options.,4.0,2025-08-10,False,1
REV00709,Home & Kitchen,Vacuum Cleaner,ONE OF THE WORST PRODUCTS I'VE BOUGHT ONLINE. I FOUND SCRATCHES ON IT RIGHT OUT OF THE PACKAGING. 💔,1.0,2024-04-28,True,0
REV00857,Electronics,Laptop Stand,EXCEEDED MY EXPECTATIONS. IT LOOKS EVEN BETTER THAN THE PICTURES ONLINE. 👍 ALTHOUGH THE PRICE IS A BIT HIGH FOR WHAT YOU GET.,5.0,2024-08-28,False,1
REV01764,Sports & Outdoors,Water Bottle,Absolutely loved this product! The color and finish look great in person. 👍,5.0,2024-09-07,True,4
REV01470,Electronics,Wireless Earbuds,This is exactly what I needed. It looks even better than the pictures online.,5.0,2025-04-26,False,0
REV01147,Beauty & Personal Care,Face Serum,AVERAGE QUALITY FOR THE PRICE. IT'S A BIT BULKIER THAN I EXPECTED. 🙂,3.0,2024-01-14,True,2
REV01142,Home & Kitchen,Non-Stick Pan Set,Works like a charm. The build quality feels premium and sturdy. ❤️ but the delivery experience could definitely be better.,4.0,2025-02-04,True,0
REV00657,Electronics,Smartwatch,Fantastic value for the price. It looks even better than the pictures online. ❤️,4.0,2024-10-10,False,5
REV01265,Home & Kitchen,Blender,This broke within a few days of use. It stopped working after just one week. 😡,1.0,2025-05-16,False,18
REV01070,Fashion,Backpack,middle of the road experience. i might consider other brands next time. 🙂,3.0,2024-06-30,False,5
REV01568,Books & Media,Kids Story Set,"middle of the road experience. packaging was standard, nothing memorable. 🙂",3.0,2025-12-08,True,2
REV00945,Books & Media,Biography,This is exactly what I needed. The build quality feels premium and sturdy. 😊,5.0,2025-09-15,True,14
REV00233,Electronics,Wireless Earbuds,"Five stars, no doubt. The packaging was neat and nothing was damaged. ❤️",5.0,2024-02-26,True,1
REV01201,Beauty & Personal Care,Hair Dryer,Absolutely loved this product! It looks even better than the pictures online. 🔥,4.0,2024-11-05,True,0
REV00777,Books & Media,Self-Help Book,"Couldn't be happier with this purchase. Delivery was super fast, arrived a day early. 🔥 www.shopreview-site.com/r/12345   ",5.0,2025-03-02,True,6
REV00501,Books & Media,Cookbook,"It's exactly what was advertised, nothing more. Some features could be improved in future versions. 🤷",3.0,2025-12-02,True,2
REV00950,Sports & Outdoors,Cycling Helmet,Best purchase I've made this year. It's comfortable and fits perfectly. ✨,4.0,2025-12-17,False,4
REV01009,Books & Media,Biography,<br>I'm so impressed with the quality. Setup was simple and took less than five minutes. ✨,4.0,2024-04-23,True,6
REV00996,Sports & Outdoors,Yoga Mat,Absolutely loved this product! My family loves it just as much as I do. ✨,5.0,2024-08-21,True,0
REV01560,Fashion,Leather Wallet,A  decent option if you're on a budget. There are better alternatives but this works fine too.,3.0,2024-11-18,True,0
REV01502,Home & Kitchen,Non-Stick Pan Set,"It's  fine, meets basic expectations. It does what it says, just don't expect much extra. 🙂",3.0,2025-11-07,True,2
REV00859,Beauty & Personal Care,Moisturizer Cream,This was a complete waste of time. The size was completely different from what was described. 😡,1.0,2025-03-02,False,3
REV00743,Fashion,Cotton T-Shirt,Absolutely loved this product! Customer service was quick to respond when I had a question. 🔥 https://bit.ly/3xample,4.0,2024-09-29,True,1
REV01463,Books & Media,Comic Collection,,4.0,2025-04-10,False,6
REV00362,Electronics,Wireless Earbuds,"Not worth the money at all. It doesn't match the pictures shown online at all. On the plus side, it did arrive quickly.",1.0,2025-08-11,False,4
REV01566,Home & Kitchen,Electric Kettle,Couldn't be happier with this purchase. My family loves it just as much as I do. ❤️,5.0,2025-11-04,True,5
REV01416,Books & Media,Cookbook,Couldn't be happier with this purchase. The packaging was neat and nothing was damaged. 😊,4.0,2025-01-30,True,3
REV00352,Beauty & Personal Care,Lip Balm Set,"Best purchase I've made this year. Delivery was super fast, arrived a day early. 👍",4.0,2025-02-02,False,0
REV01327,Fashion,Leather Wallet,Highly recommend this to everyone. It's comfortable and fits perfectly. 😊,4.0,2024-09-13,False,0
REV00811,Books & Media,Fiction Novel,Fantastic value for the price. Battery life lasts way longer than advertised. 👍,4.0,2025-01-22,True,0
REV01507,Books & Media,Biography,Average quality for the price. Some features could be improved in future versions. 🙂,3.0,2024-08-22,True,1
REV00324,Books & Media,Biography,exceeded my expectations. customer service was quick to respond when i had a question. 😊,4.0,2024-08-21,False,3
REV01700,Books & Media,Fiction Novel,reasonable purchase overall. shipping took the standard amount of time. 🙂,3.0,2024-12-03,True,2
REV00731,Sports & Outdoors,Camping Tent,"Couldn't be happier with this purchase. Delivery was super fast, arrived a day early. 😊",4.0,2025-06-28,True,3
REV01359,Home & Kitchen,Air Fryer,<p>I'm so impressed with the quality. The build quality feels premium and sturdy. ❤️,5.0,2024-10-17,True,10
REV00821,Electronics,Wireless Earbuds,Best purchase I've made this year. Battery life lasts way longer than advertised. 🔥,4.0,2024-05-05,True,5
REV01798,Beauty & Personal Care,Lip Balm Set,"Five stars, no doubt. The packaging was neat and nothing was damaged. ❤️",4.0,2024-03-09,True,3
REV00543,Beauty & Personal Care,Electric Trimmer,Fantastic  value for the price. The color and finish look great in person. 🔥,5.0,2025-01-10,True,1
REV01751,Fashion,Leather Wallet,"It's  fine, meets basic expectations. There are better alternatives but this works fine too.",3.0,2025-10-20,True,4
REV00526,Fashion,Sunglasses,I'm so impressed with the quality. It looks even better than the pictures online. ✨,5.0,2024-04-26,True,2
REV01793,Fashion,Denim Jacket,Highly recommend this to everyone. Battery life lasts way longer than advertised. 🔥,4.0,2024-01-12,True,1
REV01243,Beauty & Personal Care,Electric Trimmer,Highly recommend this to everyone. The packaging was neat and nothing was damaged. 😊 even though customer service was slow to respond.,4.0,2024-04-12,True,11
REV00459,Books & Media,Biography,Reasonable purchase overall. Good enough for occasional use. 🤷,3.0,2024-08-19,True,8
REV00478,Electronics,Power Bank,"Fantastic  value for the price. Delivery was super fast, arrived a day early. ✨",4.0,2025-10-24,True,1
REV00651,Electronics,Wireless Earbuds,I regret buying this. Customer support never replied to my emails. 👎,1.0,2024-02-17,True,8
REV00959,Home & Kitchen,Non-Stick Pan Set,This  is exactly what I needed. Battery life lasts way longer than advertised. ❤️,5.0,2025-08-23,True,2
REV01107,Fashion,Sunglasses,Really disappointed with this purchase. The stitching came apart almost immediately. 😡,1.0,2025-01-19,True,9
REV00014,Home & Kitchen,Vacuum Cleaner,A DECENT OPTION IF YOU'RE ON A BUDGET. I MIGHT CONSIDER OTHER BRANDS NEXT TIME.,3.0,2024-01-08,True,2
REV01528,Home & Kitchen,Non-Stick Pan Set,I'm so impressed with the quality. Battery life lasts way longer than advertised.,5.0,2025-11-14,False,10
REV00974,Home & Kitchen,Blender,This is exactly what I needed. My family loves it just as much as I do. ✨ even though customer service was slow to respond.,4.0,2025-06-29,True,0
REV01268,Fashion,Denim Jacket,Best purchase I've made this year. Setup was simple and took less than five minutes. 🔥 but I wish it came in more color options.,5.0,2025-10-04,True,5
REV00369,Sports & Outdoors,Camping Tent,"Five stars, no doubt. The build quality feels premium and sturdy. 🔥 although it took longer to arrive than promised.",4.0,2024-12-29,True,5
REV00984,Beauty & Personal Care,Hair Dryer,Average quality for the price. I might consider other brands next time.,3.0,2024-09-07,True,1
REV00342,Beauty & Personal Care,Moisturizer Cream,"It's fine, meets basic expectations. Good enough for occasional use. 🙂",3.0,2024-05-17,True,3
REV00971,Home & Kitchen,Blender,&amp;This broke within a few days of use. I found scratches on it right out of the packaging. 👎,1.0,2024-07-09,True,1
REV00707,Books & Media,Comic Collection,Does the job but nothing extraordinary. Shipping took the standard amount of time. 🤷 www.shopreview-site.com/r/12345,3.0,2024-09-20,True,0
REV00661,Electronics,Bluetooth Speaker,"It's  fine, meets basic expectations. There are better alternatives but this works fine too.",3.0,2024-05-11,True,0
REV00692,Books & Media,Cookbook,Works like a charm. My family loves it just as much as I do.,5.0,2024-02-05,False,0
REV00280,Books & Media,Cookbook,I'm so impressed with the quality. Customer service was quick to respond when I had a question. ✨,5.0,2025-11-28,True,2
REV00603,Electronics,USB-C Hub,Best purchase I've made this year. The color and finish look great in person. 😊,4.0,2025-11-28,True,4
REV01364,Electronics,Laptop Stand,I regret buying this. It doesn't match the pictures shown online at all. 💔,1.0,2024-11-24,True,0
REV00318,Electronics,Smartwatch,Extremely poor quality. The stitching came apart almost immediately. 😡,2.0,2024-03-15,True,1
REV01589,Electronics,Power Bank,Highly recommend this to everyone. The build quality feels premium and sturdy.,5.0,2024-12-29,True,6
REV01705,Home & Kitchen,Bedsheet Set,"It's fine, meets basic expectations. There are better alternatives but this works fine too. 🤷   ",3.0,2024-03-30,True,0
REV00963,Electronics,Smartwatch,"Five stars, no doubt. Customer service was quick to respond when I had a question. ✨ https://bit.ly/3xample",5.0,2024-11-06,True,0
REV00401,Electronics,Laptop Stand,Highly recommend this to everyone. The build quality feels premium and sturdy.,5.0,2025-03-20,True,0
REV00336,Sports & Outdoors,Water Bottle,Does the job but nothing extraordinary. There are better alternatives but this works fine too. 🤷,3.0,2024-06-18,True,6
REV00169,Fashion,Backpack,this is exactly what i needed. battery life lasts way longer than advertised. 🔥,5.0,2024-12-22,True,3
REV00595,Books & Media,Biography,Average quality for the price. The design is simple but functional. 🙂,3.0,2024-08-28,True,3
REV01153,Home & Kitchen,Blender,Best purchase I've made this year. The color and finish look great in person. 👍,5.0,2025-05-28,True,1
REV00482,Books & Media,Kids Story Set,Average  quality for the price. Good enough for occasional use. 🙂 http://example-shop.com/review,3.0,2025-09-25,True,1
REV00506,Beauty & Personal Care,Face Serum,Does the job but nothing extraordinary. There are better alternatives but this works fine too. 🙂,3.0,2025-05-23,True,13
REV01088,Home & Kitchen,Blender,Average quality for the price. The design is simple but functional.,3.0,2025-09-25,True,5
REV00179,Fashion,Leather Wallet,Would not recommend this to anyone. I found scratches on it right out of the packaging. 😢,1.0,2025-05-24,True,2
REV01430,Sports & Outdoors,Camping Tent,I regret buying this. The material feels cheap and flimsy. 😢,1.0,2025-09-20,True,0
REV01475,Sports & Outdoors,Dumbbell Set,I'm  so impressed with the quality. The build quality feels premium and sturdy. 😊,4.0,2025-12-18,False,8
REV00942,Books & Media,Biography,Fantastic value for the price. Customer service was quick to respond when I had a question. 🔥,5.0,2025-12-31,True,4
REV01458,Electronics,Power Bank,"It works as described, no complaints, no excitement. The design is simple but functional. 🙂",3.0,2025-03-24,False,3
REV00366,Home & Kitchen,Vacuum Cleaner,I regret buying this. The stitching came apart almost immediately. 👎,2.0,2025-01-25,True,5
REV00776,Sports & Outdoors,Cycling Helmet,I'm so impressed with the quality. It looks even better than the pictures online. 👍 but the delivery experience could definitely be better.,5.0,2025-03-10,True,2
REV01433,Beauty & Personal Care,Hair Dryer,&amp;Best purchase I've made this year. The packaging was neat and nothing was damaged. ❤️,4.0,2024-01-10,True,2
REV00998,Fashion,Denim Jacket,i'm  so impressed with the quality. the color and finish look great in person. ✨,5.0,2025-03-28,True,3
REV00320,Home & Kitchen,Electric Kettle,"It's fine, meets basic expectations. Good enough for occasional use.",3.0,2024-12-20,True,1
REV01587,Fashion,Denim Jacket,I want a refund immediately. It stopped working after just one week. 👎,2.0,2024-02-18,True,0
REV01651,Sports & Outdoors,Cycling Helmet,Works like a charm. The color and finish look great in person.,4.0,2025-10-16,True,17
REV00903,Books & Media,Comic Collection,Fantastic  value for the price. The packaging was neat and nothing was damaged. ❤️,4.0,2024-12-15,True,4
REV01298,Home & Kitchen,Air Fryer,THIS BROKE WITHIN A FEW DAYS OF USE. THE SIZE WAS COMPLETELY DIFFERENT FROM WHAT WAS DESCRIBED. 👎,2.0,2024-06-10,False,4
REV01553,Beauty & Personal Care,Face Serum,Average quality for the price. Shipping took the standard amount of time. 🙂,3.0,2025-09-27,True,1
REV01232,Sports & Outdoors,Dumbbell Set,Works like a charm. It's comfortable and fits perfectly. ❤️,4.0,2025-11-02,True,2
REV00356,Home & Kitchen,Bedsheet Set,<br>This is exactly what I needed. The packaging was neat and nothing was damaged. ✨,5.0,2025-08-19,True,2
REV00716,Books & Media,Fiction Novel,Couldn't be happier with this purchase. Customer service was quick to respond when I had a question. 🔥,4.0,2024-01-10,True,2
REV00979,Books & Media,Comic Collection,"Five stars, no doubt. It's comfortable and fits perfectly. ✨",5.0,2024-06-09,False,1
REV00285,Fashion,Denim Jacket,I'm so impressed with the quality. Battery life lasts way longer than advertised. 🔥,5.0,2024-03-23,True,1
REV00607,Home & Kitchen,Bedsheet Set,One of the worst products I've bought online. I found scratches on it right out of the packaging. 😡,2.0,2024-05-07,True,4
REV01077,Sports & Outdoors,Yoga Mat,Absolutely loved this product! Setup was simple and took less than five minutes. 🔥,5.0,2025-06-20,False,5
REV00267,Beauty & Personal Care,Hair Dryer,&amp;Best purchase I've made this year. It looks even better than the pictures online. 👍 but I wish it came in more color options.,5.0,2024-11-23,False,2
REV01191,Books & Media,Self-Help Book,Fantastic value for the price. The build quality feels premium and sturdy. 🔥 www.shopreview-site.com/r/12345,5.0,2024-09-18,True,5
REV01722,Fashion,Leather Wallet,Average quality for the price. Shipping took the standard amount of time.,3.0,2024-03-04,False,16
REV00680,Electronics,Laptop Stand,,3.0,2025-12-05,True,2
REV00521,Books & Media,Comic Collection,Highly recommend this to everyone. The packaging was neat and nothing was damaged. 👍,4.0,2024-03-09,True,4
REV01213,Sports & Outdoors,Camping Tent,"It works as described, no complaints, no excitement. There are better alternatives but this works fine too. 🤷",3.0,2025-11-09,True,6
REV00611,Beauty & Personal Care,Electric Trimmer,Couldn't be happier with this purchase. My family loves it just as much as I do.,5.0,2024-05-27,True,0
REV00393,Books & Media,Self-Help Book,"it's  an okay product, nothing special. it's a bit bulkier than i expected.",3.0,2025-03-01,False,7
REV01146,Books & Media,Comic Collection,Absolutely loved this product! My family loves it just as much as I do. 👍 although the price is a bit high for what you get.,4.0,2024-01-24,True,0
REV01005,Beauty & Personal Care,Lip Balm Set,This was a complete waste of time. It stopped working after just one week. 😢,1.0,2024-11-18,True,2
REV00783,Home & Kitchen,Non-Stick Pan Set,Works  like a charm. It looks even better than the pictures online.,5.0,2025-05-10,True,1
REV01557,Books & Media,Comic Collection,Couldn't be happier with this purchase. Battery life lasts way longer than advertised. 👍   ,5.0,2024-12-23,True,0
REV01601,Electronics,USB-C Hub,"Five stars, no doubt. It's comfortable and fits perfectly. 👍   ",4.0,2025-08-19,True,2
REV01184,Electronics,Bluetooth Speaker,Very frustrating experience overall. The size was completely different from what was described. 😢,2.0,2024-08-30,True,2
REV01354,Fashion,Leather Wallet,Really disappointed with this purchase. The size was completely different from what was described. 😢,2.0,2024-05-20,False,0
REV01312,Electronics,USB-C Hub,Fantastic value for the price. Customer service was quick to respond when I had a question.,4.0,2025-11-09,True,7
REV00658,Electronics,Wireless Earbuds,Exceeded my expectations. Battery life lasts way longer than advertised. 😊,4.0,2024-10-08,True,3
REV00199,Sports & Outdoors,Yoga Mat,Fantastic value for the price. It looks even better than the pictures online. 🔥,5.0,2024-05-22,True,1
REV01274,Fashion,Denim Jacket,<br>Really disappointed with this purchase. I found scratches on it right out of the packaging.,1.0,2024-05-19,False,1
REV01062,Sports & Outdoors,Yoga Mat,Fantastic value for the price. The color and finish look great in person. 🔥,5.0,2024-02-28,False,1
REV00638,Fashion,Running Shoes,Fantastic  value for the price. It looks even better than the pictures online. ❤️,,2025-03-25,True,0
REV00136,Sports & Outdoors,Dumbbell Set,"Couldn't be happier with this purchase. Delivery was super fast, arrived a day early. 😊",5.0,2024-03-16,True,4
REV00198,Books & Media,Biography,Couldn't be happier with this purchase. It looks even better than the pictures online. ❤️,4.0,2025-07-12,True,8
REV00647,Fashion,Leather Wallet,Couldn't be happier with this purchase. It looks even better than the pictures online. 👍,4.0,2024-01-07,True,3
REV01744,Home & Kitchen,Air Fryer,Highly recommend this to everyone. It's comfortable and fits perfectly. ❤️,4.0,2025-02-07,True,0
REV00194,Home & Kitchen,Vacuum Cleaner,"It's an okay product, nothing special. Packaging was standard, nothing memorable. 🤷",3.0,2025-08-08,True,0
REV00417,Books & Media,Comic Collection,This was a complete waste of time. Customer support never replied to my emails. 👎,2.0,2024-08-24,True,0
REV01508,Fashion,Running Shoes,"Highly recommend this to everyone. Delivery was super fast, arrived a day early. ❤️",4.0,2024-04-22,True,1
REV01311,Fashion,Leather Wallet,<br>This is exactly what I needed. The color and finish look great in person. ✨,5.0,2025-03-03,False,6
REV01550,Electronics,Bluetooth Speaker,"EXTREMELY POOR QUALITY. THE SIZE WAS COMPLETELY DIFFERENT FROM WHAT WAS DESCRIBED. ON THE PLUS SIDE, IT DID ARRIVE QUICKLY.",1.0,2024-03-20,True,1
REV00542,Home & Kitchen,Bedsheet Set,This is exactly what I needed. My family loves it just as much as I do. 😊,4.0,2024-06-09,True,6
REV00288,Books & Media,Self-Help Book,I'm so impressed with the quality. It looks even better than the pictures online.,5.0,2024-02-16,True,8
REV00538,Sports & Outdoors,Camping Tent,,5.0,2024-03-10,True,1
REV00735,Home & Kitchen,Blender,Fantastic value for the price. The build quality feels premium and sturdy. 🔥,5.0,2025-06-29,True,4
REV00757,Electronics,Laptop Stand,Fantastic value for the price. It's comfortable and fits perfectly.,5.0,2024-08-17,True,0
REV01652,Beauty & Personal Care,Face Serum,Fantastic value for the price. The build quality feels premium and sturdy. ❤️,4.0,2024-09-29,True,1
REV01424,Beauty & Personal Care,Sunscreen Lotion,"Best purchase I've made this year. Delivery was super fast, arrived a day early. ❤️ even though customer service was slow to respond.",5.0,2024-07-08,False,0
REV01533,Beauty & Personal Care,Face Serum,Exceeded  my expectations. My family loves it just as much as I do. 👍,5.0,2024-12-15,False,0
REV01139,Home & Kitchen,Electric Kettle,Works like a charm. Battery life lasts way longer than advertised. ✨,5.0,2025-02-06,True,2
REV00019,Fashion,Leather Wallet,"It's an okay product, nothing special. There are better alternatives but this works fine too. 🤷",3.0,2025-07-23,True,0
REV00646,Sports & Outdoors,Camping Tent,Couldn't be happier with this purchase. Setup was simple and took less than five minutes. 🔥,4.0,2025-10-16,True,0
REV00435,Beauty & Personal Care,Moisturizer Cream,Absolutely loved this product! Battery life lasts way longer than advertised. ❤️ http://example-shop.com/review,5.0,2024-11-03,True,8
REV01380,Electronics,Smartwatch,This is exactly what I needed. The build quality feels premium and sturdy.,5.0,2025-04-16,True,0
REV00962,Beauty & Personal Care,Hair Dryer,Best purchase I've made this year. The packaging was neat and nothing was damaged.,4.0,2025-02-18,False,1
REV00844,Home & Kitchen,Non-Stick Pan Set,Exceeded my expectations. It looks even better than the pictures online. 🔥,5.0,2025-06-23,True,2
REV01749,Home & Kitchen,Blender,Fantastic value for the price. The packaging was neat and nothing was damaged. ❤️,5.0,2025-04-30,True,6
REV00446,Fashion,Running Shoes,Fantastic value for the price. The build quality feels premium and sturdy. 😊,5.0,2025-12-07,True,5
REV01605,Fashion,Running Shoes,</p>I'm so impressed with the quality. Customer service was quick to respond when I had a question. 😊,4.0,2024-10-15,True,2
REV01562,Books & Media,Kids Story Set,Extremely poor quality. Customer support never replied to my emails.,1.0,2024-07-02,True,1
REV00676,Electronics,Power Bank,I'm so impressed with the quality. It looks even better than the pictures online. ❤️ http://example-shop.com/review,5.0,2025-11-16,True,2
REV00760,Electronics,USB-C Hub,"It's  an okay product, nothing special. It's comparable to other products in this price range. 🙂",3.0,2025-08-20,True,7
REV01156,Books & Media,Fiction Novel,   ,4.0,2024-08-02,True,6
REV00440,Home & Kitchen,Vacuum Cleaner,Not worth the money at all. It doesn't match the pictures shown online at all. 👎,1.0,2024-02-08,True,0
REV00981,Beauty & Personal Care,Hair Dryer,Really disappointed with this purchase. The stitching came apart almost immediately. 👎,,2024-11-28,True,1
REV01114,Home & Kitchen,Non-Stick Pan Set,Average quality for the price. There are better alternatives but this works fine too.,3.0,2024-09-13,False,2
REV00725,Home & Kitchen,Blender,Works like a charm. It's comfortable and fits perfectly. 👍 http://example-shop.com/review,5.0,2024-05-17,True,3
REV01511,Fashion,Sunglasses,Does  the job but nothing extraordinary. There are better alternatives but this works fine too. 🤷,3.0,2024-02-28,True,1
REV01295,Electronics,Smartwatch,"It's fine, meets basic expectations. Some features could be improved in future versions. 🙂",3.0,2025-06-20,False,3
REV00793,Home & Kitchen,Vacuum Cleaner,Fantastic value for the price. It's comfortable and fits perfectly. 🔥 but the delivery experience could definitely be better.,5.0,2024-12-02,True,0
REV00787,Home & Kitchen,Vacuum Cleaner,Best purchase I've made this year. Battery life lasts way longer than advertised. ❤️,5.0,2024-08-01,False,5
REV00827,Electronics,Wireless Earbuds,"It's fine, meets basic expectations. Some features could be improved in future versions. 🙂",3.0,2024-03-31,True,1
REV01620,Sports & Outdoors,Water Bottle,Absolutely loved this product! My family loves it just as much as I do. ❤️,4.0,2025-03-24,True,2
REV01432,Sports & Outdoors,Cycling Helmet,Highly recommend this to everyone. Battery life lasts way longer than advertised. 👍,5.0,2024-09-21,True,2
REV01148,Electronics,USB-C Hub,Not worth the money at all. The size was completely different from what was described. 😢,1.0,2025-12-07,True,0
REV00310,Home & Kitchen,Vacuum Cleaner,"Five stars, no doubt. Setup was simple and took less than five minutes. 🔥",5.0,2025-07-14,False,4
REV00487,Beauty & Personal Care,Face Serum,Absolutely loved this product! The build quality feels premium and sturdy. 👍,5.0,2025-05-02,True,0
REV01381,Books & Media,Fiction Novel,Really  disappointed with this purchase. It arrived late and the box was damaged.,2.0,2024-02-12,True,0
REV00878,Electronics,Wireless Earbuds,Best purchase I've made this year. My family loves it just as much as I do. 👍,5.0,2025-02-11,True,4
REV00693,Home & Kitchen,Bedsheet Set,Absolutely loved this product! Customer service was quick to respond when I had a question. ❤️,5.0,2024-06-14,True,1
REV00491,Electronics,USB-C Hub,"Five  stars, no doubt. Setup was simple and took less than five minutes. 👍",4.0,2025-07-04,True,4
REV00559,Electronics,USB-C Hub,Very frustrating experience overall. The material feels cheap and flimsy. 😡,2.0,2025-01-06,False,6
REV00049,Books & Media,Cookbook,,4.0,2025-04-15,True,1
REV01655,Electronics,USB-C Hub,Couldn't be happier with this purchase. The color and finish look great in person.,4.0,2025-03-11,False,1
REV00613,Electronics,Laptop Stand,,4.0,2024-10-28,True,3
REV01558,Beauty & Personal Care,Electric Trimmer,"Not bad, but not great either. Good enough for occasional use.   ",3.0,2025-03-06,False,6
REV01794,Home & Kitchen,Blender,"five stars, no doubt. it looks even better than the pictures online. 🔥",4.0,2025-12-24,True,4
REV00561,Fashion,Cotton T-Shirt,I'm  so impressed with the quality. Customer service was quick to respond when I had a question. 🔥,5.0,2025-05-18,True,9
REV01487,Home & Kitchen,Blender,"Five  stars, no doubt. The build quality feels premium and sturdy. 😊",5.0,2024-08-07,False,3
REV01800,Fashion,Sunglasses,&amp;Exceeded my expectations. The build quality feels premium and sturdy. ✨,4.0,2024-08-29,True,3
REV00873,Electronics,Smartwatch,"fantastic value for the price. delivery was super fast, arrived a day early. ✨",4.0,2025-09-19,False,1
REV00031,Home & Kitchen,Electric Kettle,Works like a charm. The packaging was neat and nothing was damaged.,4.0,2024-09-28,True,0
REV01711,Electronics,Bluetooth Speaker,I'm so impressed with the quality. The build quality feels premium and sturdy. ❤️,5.0,2024-06-01,True,2
REV01128,Electronics,Bluetooth Speaker,"Five stars, no doubt. The color and finish look great in person. 🔥",5.0,2024-07-23,False,2
REV00554,Home & Kitchen,Non-Stick Pan Set,Absolutely loved this product! Setup was simple and took less than five minutes. ❤️   ,4.0,2024-03-26,True,4
REV00764,Books & Media,Biography,"Does the job but nothing extraordinary. It does what it says, just don't expect much extra. 🙂   ",3.0,2024-01-14,True,1
REV01421,Home & Kitchen,Electric Kettle,Works like a charm. It's comfortable and fits perfectly. 😊,4.0,2024-11-05,True,4
REV01392,Fashion,Denim Jacket,Highly recommend this to everyone. My family loves it just as much as I do. 😊 even though customer service was slow to respond. http://example-shop.com/review,5.0,2025-06-10,True,4
REV00775,Electronics,Bluetooth Speaker,</p>This broke within a few days of use. It doesn't match the pictures shown online at all. 👎,1.0,2025-04-16,True,3
REV00130,Home & Kitchen,Blender,This is exactly what I needed. Setup was simple and took less than five minutes.,4.0,2025-11-26,True,0
REV00636,Fashion,Running Shoes,<p>Highly recommend this to everyone. The packaging was neat and nothing was damaged. ✨,5.0,2024-08-19,False,5
REV00556,Sports & Outdoors,Resistance Bands,Couldn't be happier with this purchase. It's comfortable and fits perfectly. ❤️,5.0,2025-02-03,False,0
REV00849,Fashion,Backpack,Would not recommend this to anyone. The instructions were confusing and unclear. www.shopreview-site.com/r/12345,1.0,2025-02-12,False,0
REV01125,Sports & Outdoors,Camping Tent,Couldn't be happier with this purchase. Battery life lasts way longer than advertised.,4.0,2025-08-30,True,0
REV00456,Sports & Outdoors,Water Bottle,This is exactly what I needed. Customer service was quick to respond when I had a question. ❤️ although it took longer to arrive than promised. https://bit.ly/3xample,4.0,2024-02-01,True,0
REV00164,Books & Media,Self-Help Book,Highly recommend this to everyone. Battery life lasts way longer than advertised. ✨,4.0,2025-12-19,True,2
REV01765,Electronics,Smartwatch,"<p>Five stars, no doubt. Battery life lasts way longer than advertised. ❤️",5.0,2024-02-04,True,1
REV01790,Beauty & Personal Care,Sunscreen Lotion,"Five stars, no doubt. My family loves it just as much as I do. 🔥",5.0,2024-07-03,True,2
REV01335,Fashion,Running Shoes,Couldn't be happier with this purchase. Customer service was quick to respond when I had a question. ❤️,5.0,2025-11-29,True,1
REV01099,Electronics,Bluetooth Speaker,   ,4.0,2025-04-02,True,5
REV00043,Beauty & Personal Care,Hair Dryer,Highly recommend this to everyone. The packaging was neat and nothing was damaged. 🔥 even though customer service was slow to respond.,4.0,2025-09-29,True,1
REV01696,Beauty & Personal Care,Moisturizer Cream,<br>I'm so impressed with the quality. The color and finish look great in person. 😊   ,4.0,2024-04-04,True,6
REV00886,Electronics,Bluetooth Speaker,"HIGHLY RECOMMEND THIS TO EVERYONE. DELIVERY WAS SUPER FAST, ARRIVED A DAY EARLY. 👍",4.0,2025-10-30,False,4
REV01737,Books & Media,Cookbook,This is exactly what I needed. It looks even better than the pictures online. 👍,4.0,2024-11-29,True,3
REV01510,Books & Media,Fiction Novel,Would not recommend this to anyone. Customer support never replied to my emails. 👎,1.0,2024-07-17,True,4
REV00282,Fashion,Backpack,This broke within a few days of use. It doesn't match the pictures shown online at all. 😢,2.0,2024-05-11,True,0
REV00934,Books & Media,Comic Collection,Would  not recommend this to anyone. It arrived late and the box was damaged.,1.0,2025-08-24,True,0
REV01629,Electronics,Laptop Stand,Highly recommend this to everyone. The color and finish look great in person. 👍,5.0,2024-02-23,True,0
REV00960,Sports & Outdoors,Dumbbell Set,I'm so impressed with the quality. Battery life lasts way longer than advertised. ❤️,4.0,2024-05-21,True,1
REV01365,Home & Kitchen,Blender,"Not bad, but not great either. I might consider other brands next time. 🙂",3.0,2025-06-07,False,1
REV01029,Books & Media,Self-Help Book,Highly recommend this to everyone. My family loves it just as much as I do. 🔥,4.0,2024-04-08,True,1
REV01124,Electronics,Wireless Earbuds,I want a refund immediately. There was a strange smell straight out of the box. 💔,1.0,2025-05-02,True,5
REV00171,Fashion,Denim Jacket,Fantastic value for the price. Battery life lasts way longer than advertised. 👍,4.0,2024-01-17,True,1
REV01773,Fashion,Cotton T-Shirt,<p>Absolutely loved this product! It looks even better than the pictures online. 👍,5.0,2024-05-22,True,0
REV01310,Home & Kitchen,Air Fryer,Works like a charm. Setup was simple and took less than five minutes. ✨,5.0,2024-08-16,True,1
REV01068,Beauty & Personal Care,Hair Dryer,I'm  so impressed with the quality. Battery life lasts way longer than advertised.,5.0,2025-07-24,True,6
REV00997,Beauty & Personal Care,Hair Dryer,Absolutely  loved this product! The color and finish look great in person. ❤️,4.0,2025-06-19,True,0
REV01268,Fashion,Denim Jacket,Best purchase I've made this year. Setup was simple and took less than five minutes. 🔥 but I wish it came in more color options.,5.0,2025-10-04,True,5
REV00239,Books & Media,Biography,this was a complete waste of time. it arrived late and the box was damaged. 👎,1.0,2024-08-25,False,2
REV00402,Electronics,Smartwatch,couldn't be happier with this purchase. the build quality feels premium and sturdy.,4.0,2024-08-14,True,2
REV00597,Electronics,Laptop Stand,I'm so impressed with the quality. My family loves it just as much as I do. ❤️,4.0,2025-12-07,False,2
REV00668,Fashion,Leather Wallet,Exceeded my expectations. The packaging was neat and nothing was damaged. ✨,5.0,2024-04-03,True,3
REV00513,Home & Kitchen,Bedsheet Set,Highly recommend this to everyone. My family loves it just as much as I do. ❤️,5.0,2025-03-28,True,1
REV01373,Books & Media,Self-Help Book,I'm so impressed with the quality. My family loves it just as much as I do.,4.0,2024-06-01,True,4
REV00380,Beauty & Personal Care,Electric Trimmer,couldn't be happier with this purchase. my family loves it just as much as i do. 👍,5.0,2025-03-24,True,4
REV00924,Beauty & Personal Care,Hair Dryer,Very frustrating experience overall. The material feels cheap and flimsy. 💔,2.0,2025-10-07,False,0
REV01342,Sports & Outdoors,Camping Tent,This broke within a few days of use. The material feels cheap and flimsy. 💔,1.0,2025-11-10,False,1
REV00156,Home & Kitchen,Blender,Highly recommend this to everyone. Customer service was quick to respond when I had a question. 😊,4.0,2024-02-23,True,0
REV01393,Fashion,Running Shoes,This is exactly what I needed. It's comfortable and fits perfectly. 👍 but I wish it came in more color options.,5.0,2024-01-14,True,0
REV00891,Home & Kitchen,Air Fryer,<p>Not worth the money at all. I found scratches on it right out of the packaging. 💔,1.0,2025-10-19,True,6
REV01039,Books & Media,Fiction Novel,"It's exactly what was advertised, nothing more. Good enough for occasional use. 🤷",3.0,2025-06-18,False,1
REV00926,Beauty & Personal Care,Electric Trimmer,"It works as described, no complaints, no excitement. Packaging was standard, nothing memorable.",3.0,2024-01-06,True,5
REV01233,Books & Media,Biography,Exceeded my expectations. Battery life lasts way longer than advertised.,4.0,2024-10-26,True,0
REV00531,Sports & Outdoors,Resistance Bands,COULDN'T BE HAPPIER WITH THIS PURCHASE. IT LOOKS EVEN BETTER THAN THE PICTURES ONLINE. ✨,5.0,2025-07-04,True,12
REV01481,Books & Media,Cookbook,"Not bad, but not great either. It does what it says, just don't expect much extra.",3.0,2025-10-07,False,1
REV00766,Home & Kitchen,Bedsheet Set,Exceeded my expectations. It looks even better than the pictures online. 👍,4.0,2024-02-27,True,2
REV01287,Electronics,Bluetooth Speaker,"Highly recommend this to everyone. Delivery was super fast, arrived a day early. 🔥",4.0,2025-01-17,True,1
REV01004,Fashion,Cotton T-Shirt,Best purchase I've made this year. It looks even better than the pictures online. 🔥,4.0,2025-10-31,True,4
REV00951,Sports & Outdoors,Resistance Bands,"HIGHLY RECOMMEND THIS TO EVERYONE. DELIVERY WAS SUPER FAST, ARRIVED A DAY EARLY. ✨",4.0,2024-05-23,True,0
REV01276,Books & Media,Cookbook,Fantastic value for the price. Customer service was quick to respond when I had a question. http://example-shop.com/review,4.0,2024-02-01,True,0
REV01412,Fashion,Sunglasses,This is exactly what I needed. It's comfortable and fits perfectly. ✨,5.0,2025-11-11,True,0
REV01224,Beauty & Personal Care,Lip Balm Set,A decent option if you're on a budget. I might consider other brands next time. 🙂,3.0,2025-08-03,False,0
REV01402,Sports & Outdoors,Camping Tent,Couldn't  be happier with this purchase. My family loves it just as much as I do. 🔥,5.0,2025-03-25,True,9
REV00983,Books & Media,Fiction Novel,Best purchase I've made this year. My family loves it just as much as I do.,4.0,2024-09-07,True,2
REV00814,Books & Media,Self-Help Book,"It's fine, meets basic expectations. There are better alternatives but this works fine too. 🤷",3.0,2024-07-01,True,2
REV01061,Sports & Outdoors,Resistance Bands,Fantastic value for the price. It's comfortable and fits perfectly. ❤️ although it took longer to arrive than promised.,5.0,2024-08-17,True,2
REV00685,Beauty & Personal Care,Sunscreen Lotion,A decent option if you're on a budget. The design is simple but functional. 🤷,3.0,2024-05-24,False,0
REV00801,Books & Media,Kids Story Set,"</p>It's an okay product, nothing special. It's comparable to other products in this price range. 🤷",3.0,2025-04-11,True,1
REV01182,Beauty & Personal Care,Lip Balm Set,Reasonable purchase overall. Good enough for occasional use. 🙂,3.0,2024-02-25,True,1
REV00410,Electronics,Wireless Earbuds,&amp;One of the worst products I've bought online. The size was completely different from what was described. 😢,1.0,2024-11-19,True,1
REV00994,Home & Kitchen,Non-Stick Pan Set,,5.0,2025-10-15,False,2
REV00238,Sports & Outdoors,Cycling Helmet,I'm so impressed with the quality. It's comfortable and fits perfectly. 👍 https://bit.ly/3xample,4.0,2024-12-09,True,14
REV00297,Electronics,Bluetooth Speaker,A decent option if you're on a budget. The design is simple but functional. 🙂,3.0,2025-03-07,True,1
REV00201,Home & Kitchen,Bedsheet Set,This broke within a few days of use. The stitching came apart almost immediately. 😡,2.0,2025-10-22,True,6
REV00376,Beauty & Personal Care,Sunscreen Lotion,This broke within a few days of use. The size was completely different from what was described. 😢,2.0,2024-01-11,True,8
REV01617,Sports & Outdoors,Resistance Bands,"It's fine, meets basic expectations. It does what it says, just don't expect much extra.",3.0,2024-06-03,True,0
REV00100,Books & Media,Cookbook,COULDN'T BE HAPPIER WITH THIS PURCHASE. THE COLOR AND FINISH LOOK GREAT IN PERSON. 😊,5.0,2025-09-13,True,4
REV00687,Sports & Outdoors,Dumbbell Set,Highly  recommend this to everyone. Setup was simple and took less than five minutes. ✨,5.0,2025-02-11,True,2
REV00648,Electronics,Bluetooth Speaker,Absolutely  loved this product! It's comfortable and fits perfectly. 😊 but I wish it came in more color options.   ,5.0,2024-07-21,True,0
REV00110,Sports & Outdoors,Resistance Bands,I'm so impressed with the quality. Battery life lasts way longer than advertised. ✨,5.0,2024-03-27,True,5
REV00180,Books & Media,Biography,"<p>five stars, no doubt. it looks even better than the pictures online. ❤️",5.0,2024-10-29,True,2
REV00623,Beauty & Personal Care,Sunscreen Lotion,"This is exactly what I needed. Delivery was super fast, arrived a day early. 🔥 but the delivery experience could definitely be better. https://bit.ly/3xample",5.0,2025-07-22,True,2
REV00421,Beauty & Personal Care,Sunscreen Lotion,Very frustrating experience overall. The stitching came apart almost immediately.,1.0,2024-02-13,False,3
REV00631,Fashion,Leather Wallet,"</p>It's an okay product, nothing special. It's a bit bulkier than I expected.",3.0,2025-10-02,True,4
REV01351,Electronics,Bluetooth Speaker,Highly recommend this to everyone. My family loves it just as much as I do. 😊,4.0,2025-03-05,True,11
REV01778,Sports & Outdoors,Camping Tent,This broke within a few days of use. There was a strange smell straight out of the box.,2.0,2025-05-04,True,2
REV00159,Fashion,Running Shoes,,4.0,2024-04-19,False,0
REV01739,Fashion,Sunglasses,"Five stars, no doubt. Battery life lasts way longer than advertised.",5.0,2024-12-03,False,2
REV00135,Books & Media,Comic Collection,Best purchase I've made this year. Battery life lasts way longer than advertised. ✨,4.0,2025-08-09,True,1
REV00486,Fashion,Backpack,"Five stars, no doubt. It's comfortable and fits perfectly. 👍 http://example-shop.com/review",5.0,2024-06-10,True,8
REV00888,Beauty & Personal Care,Lip Balm Set,Works  like a charm. It looks even better than the pictures online. 🔥 although the price is a bit high for what you get.,5.0,2024-10-09,True,1
REV00053,Beauty & Personal Care,Face Serum,Exceeded my expectations. Setup was simple and took less than five minutes. 👍,5.0,2025-07-17,True,0
REV01258,Books & Media,Cookbook,works like a charm. setup was simple and took less than five minutes. although it took longer to arrive than promised.,4.0,2024-10-16,True,7
REV01275,Electronics,Power Bank,,4.0,2025-10-11,True,0
REV00330,Sports & Outdoors,Cycling Helmet,"Works like a charm. Delivery was super fast, arrived a day early. ❤️",5.0,2025-11-18,True,2
REV00969,Electronics,Wireless Earbuds,A decent option if you're on a budget. It's comparable to other products in this price range. 🙂,3.0,2024-03-21,True,5
REV00737,Electronics,Laptop Stand,Fantastic value for the price. Customer service was quick to respond when I had a question.,5.0,2024-12-27,False,1
REV00755,Sports & Outdoors,Yoga Mat,best purchase i've made this year. the color and finish look great in person. ❤️ https://bit.ly/3xample,4.0,2025-05-21,True,4
REV01024,Books & Media,Self-Help Book,One of the worst products I've bought online. It doesn't match the pictures shown online at all. 😡,1.0,2025-08-01,True,3
REV01349,Home & Kitchen,Vacuum Cleaner,Highly recommend this to everyone. Setup was simple and took less than five minutes. 👍 even though customer service was slow to respond.,5.0,2024-04-25,False,1
REV01529,Books & Media,Kids Story Set,   ,4.0,2024-08-06,True,0
REV00023,Home & Kitchen,Vacuum Cleaner,A  decent option if you're on a budget. Shipping took the standard amount of time. 🙂,3.0,2024-09-28,True,3
REV00785,Electronics,Bluetooth Speaker,This is exactly what I needed. It's comfortable and fits perfectly. 😊 www.shopreview-site.com/r/12345   ,4.0,2024-06-14,True,1
REV00474,Books & Media,Comic Collection,Extremely poor quality. The size was completely different from what was described. 👎,2.0,2024-09-28,True,6
REV00609,Fashion,Cotton T-Shirt,This was a complete waste of time. The size was completely different from what was described.,1.0,2025-01-04,True,3
REV01691,Home & Kitchen,Air Fryer,   ,4.0,2025-09-26,False,1
REV01203,Fashion,Backpack,Exceeded  my expectations. Setup was simple and took less than five minutes. ❤️ but I wish it came in more color options.,5.0,2025-06-08,True,2
REV01797,Books & Media,Comic Collection,"This is exactly what I needed. Delivery was super fast, arrived a day early. ❤️",4.0,2025-01-19,True,2
REV00290,Beauty & Personal Care,Face Serum,I'm so impressed with the quality. It looks even better than the pictures online. https://bit.ly/3xample,4.0,2024-02-08,True,0
REV00468,Sports & Outdoors,Dumbbell Set,"It works as described, no complaints, no excitement. There are better alternatives but this works fine too. 🤷",3.0,2025-01-26,True,0
REV00605,Sports & Outdoors,Resistance Bands,Reasonable  purchase overall. It's comparable to other products in this price range.,3.0,2024-05-09,True,17
REV00067,Electronics,Smartwatch,This was a complete waste of time. I found scratches on it right out of the packaging. 👎,2.0,2024-09-02,True,1
REV00452,Home & Kitchen,Blender,"It's fine, meets basic expectations. The design is simple but functional.",3.0,2025-09-02,True,2
REV01788,Fashion,Backpack,Exceeded my expectations. It looks even better than the pictures online. 👍,5.0,2025-03-21,True,1
REV01041,Electronics,Power Bank,I regret buying this. Customer support never replied to my emails. 💔,1.0,2025-10-23,True,0
REV01351,Electronics,Bluetooth Speaker,Highly recommend this to everyone. My family loves it just as much as I do. 😊,4.0,2025-03-05,True,11
REV01337,Books & Media,Comic Collection,I'm so impressed with the quality. It's comfortable and fits perfectly. 🔥,5.0,2025-09-12,True,0
REV00144,Sports & Outdoors,Cycling Helmet,Fantastic value for the price. Setup was simple and took less than five minutes. 🔥 but I wish it came in more color options.,4.0,2025-05-21,True,2
REV01429,Sports & Outdoors,Camping Tent,&amp;A decent option if you're on a budget. It's comparable to other products in this price range. http://example-shop.com/review,3.0,2024-05-19,True,0
REV00717,Sports & Outdoors,Yoga Mat,Best purchase I've made this year. The packaging was neat and nothing was damaged. 🔥,4.0,2024-04-30,False,3
REV01192,Home & Kitchen,Electric Kettle,Highly recommend this to everyone. My family loves it just as much as I do. 👍,5.0,2025-01-25,True,1
REV01368,Fashion,Denim Jacket,Couldn't be happier with this purchase. The color and finish look great in person. ✨,5.0,2025-08-22,True,4
REV01440,Electronics,USB-C Hub,Works like a charm. It looks even better than the pictures online. ✨   ,4.0,2025-03-15,True,0
REV00533,Sports & Outdoors,Dumbbell Set,"This is exactly what I needed. Delivery was super fast, arrived a day early. ❤️ although the price is a bit high for what you get.",4.0,2024-03-25,True,4
REV01145,Beauty & Personal Care,Lip Balm Set,Absolutely loved this product! Setup was simple and took less than five minutes. 😊,4.0,2024-07-28,True,0
REV00683,Electronics,Smartwatch,Couldn't  be happier with this purchase. My family loves it just as much as I do.,5.0,2025-02-28,True,0
REV00090,Electronics,USB-C Hub,ABSOLUTELY LOVED THIS PRODUCT! CUSTOMER SERVICE WAS QUICK TO RESPOND WHEN I HAD A QUESTION. 😊,5.0,2024-04-26,True,0
REV00222,Beauty & Personal Care,Lip Balm Set,highly recommend this to everyone. it looks even better than the pictures online. 🔥 www.shopreview-site.com/r/12345,4.0,2024-01-09,True,1
REV01602,Home & Kitchen,Electric Kettle,"It's exactly what was advertised, nothing more. It does what it says, just don't expect much extra. 🙂",3.0,2024-02-13,True,5
REV01132,Electronics,Wireless Earbuds,"Five stars, no doubt. It's comfortable and fits perfectly. 🔥",5.0,2025-02-09,True,1
REV00473,Books & Media,Comic Collection,Middle of the road experience. The design is simple but functional. 🙂,3.0,2024-10-10,True,0
REV00624,Fashion,Cotton T-Shirt,"Very frustrating experience overall. The instructions were confusing and unclear. 💔 On the plus side, it did arrive quickly.",2.0,2024-09-08,True,0
REV01577,Books & Media,Self-Help Book,Fantastic  value for the price. My family loves it just as much as I do. ❤️ even though customer service was slow to respond. http://example-shop.com/review,5.0,2025-01-10,False,1
REV01518,Fashion,Leather Wallet,"It's  fine, meets basic expectations. The design is simple but functional. 🙂",3.0,2024-09-18,True,0
REV01495,Beauty & Personal Care,Moisturizer Cream,BEST PURCHASE I'VE MADE THIS YEAR. BATTERY LIFE LASTS WAY LONGER THAN ADVERTISED. ❤️ BUT THE DELIVERY EXPERIENCE COULD DEFINITELY BE BETTER.,5.0,2025-02-04,True,5
REV01584,Books & Media,Biography,Highly recommend this to everyone. It's comfortable and fits perfectly. 🔥,5.0,2024-09-23,True,0
REV00421,Beauty & Personal Care,Sunscreen Lotion,Very frustrating experience overall. The stitching came apart almost immediately.,1.0,2024-02-13,False,3
REV00831,Sports & Outdoors,Dumbbell Set,"<br>I'm so impressed with the quality. Delivery was super fast, arrived a day early. 😊",4.0,2024-12-14,True,2
REV00141,Books & Media,Cookbook,Fantastic value for the price. It looks even better than the pictures online.,5.0,2024-12-14,True,1
REV00463,Home & Kitchen,Electric Kettle,Best  purchase I've made this year. The build quality feels premium and sturdy.,4.0,2024-06-22,True,0
REV00912,Books & Media,Comic Collection,i'm so impressed with the quality. the build quality feels premium and sturdy. 🔥 although it took longer to arrive than promised.,4.0,2024-08-28,True,4
REV00106,Sports & Outdoors,Water Bottle,I'm so impressed with the quality. Battery life lasts way longer than advertised. ❤️,4.0,2025-09-08,True,3
REV01444,Electronics,USB-C Hub,WORKS LIKE A CHARM. THE BUILD QUALITY FEELS PREMIUM AND STURDY. 😊   ,4.0,2025-09-15,False,1
REV01653,Fashion,Leather Wallet,Reasonable purchase overall. The design is simple but functional.,3.0,2024-01-31,True,1
REV01220,Electronics,Power Bank,"Five stars, no doubt. Customer service was quick to respond when I had a question.",4.0,2025-03-04,False,0
REV00943,Books & Media,Fiction Novel,I regret buying this. It arrived late and the box was damaged. 💔,2.0,2024-10-11,False,1
REV01175,Sports & Outdoors,Water Bottle,"Five stars, no doubt. Setup was simple and took less than five minutes. 🔥",4.0,2025-09-11,True,0
REV01443,Books & Media,Comic Collection,"I regret buying this. It doesn't match the pictures shown online at all. 👎 On the plus side, it did arrive quickly.",1.0,2025-05-01,True,8
REV00614,Fashion,Denim Jacket,Couldn't be happier with this purchase. The packaging was neat and nothing was damaged. 😊   ,4.0,2025-07-14,True,0
REV01149,Electronics,USB-C Hub,"It's an okay product, nothing special. Good enough for occasional use. 🤷",3.0,2024-10-20,True,0
REV01445,Fashion,Cotton T-Shirt,Works like a charm. It's comfortable and fits perfectly. 👍   ,5.0,2025-12-17,True,5
REV01166,Home & Kitchen,Bedsheet Set,"It's exactly what was advertised, nothing more. Shipping took the standard amount of time. 🤷",3.0,2024-09-26,False,0
REV01419,Electronics,Power Bank,Absolutely loved this product! The color and finish look great in person. 😊 although the price is a bit high for what you get.,5.0,2025-01-01,True,0
REV01046,Sports & Outdoors,Water Bottle,"FIVE STARS, NO DOUBT. IT LOOKS EVEN BETTER THAN THE PICTURES ONLINE.",5.0,2024-10-09,False,10
REV00519,Electronics,Wireless Earbuds,This is exactly what I needed. Setup was simple and took less than five minutes. 🔥,4.0,2024-10-23,True,3
REV01767,Fashion,Leather Wallet,<p>Best purchase I've made this year. The color and finish look great in person. 🔥 although it took longer to arrive than promised.,4.0,2024-04-02,True,1
REV00050,Beauty & Personal Care,Hair Dryer,This broke within a few days of use. The size was completely different from what was described.,,2024-09-08,False,0
REV01215,Beauty & Personal Care,Sunscreen Lotion,I'm so impressed with the quality. The packaging was neat and nothing was damaged. 🔥,4.0,2025-01-20,False,6
REV01554,Sports & Outdoors,Water Bottle,Fantastic value for the price. The packaging was neat and nothing was damaged. 😊,5.0,2024-03-22,True,0
REV00054,Books & Media,Biography,Highly recommend this to everyone. Setup was simple and took less than five minutes. ❤️,4.0,2024-07-15,True,4
REV01101,Sports & Outdoors,Resistance Bands,Fantastic value for the price. Setup was simple and took less than five minutes.,5.0,2024-02-10,True,0
REV01774,Books & Media,Self-Help Book,This was a complete waste of time. It stopped working after just one week. 😡,1.0,2024-05-09,True,1
REV01330,Books & Media,Kids Story Set,Reasonable purchase overall. It's a bit bulkier than I expected. 🤷,3.0,2025-06-11,True,3
REV00819,Books & Media,Biography,This is exactly what I needed. My family loves it just as much as I do. 🔥,4.0,2024-12-27,True,0
REV00730,Electronics,Wireless Earbuds,"Average  quality for the price. It does what it says, just don't expect much extra.",3.0,2025-08-08,False,3
REV00640,Beauty & Personal Care,Face Serum,"This was a complete waste of time. The stitching came apart almost immediately. 💔 On the plus side, it did arrive quickly.",2.0,2025-02-24,True,2
REV01167,Books & Media,Cookbook,Fantastic value for the price. The packaging was neat and nothing was damaged. ✨,4.0,2025-11-11,True,3
REV01051,Books & Media,Cookbook,Exceeded my expectations. Setup was simple and took less than five minutes. 🔥,5.0,2024-09-11,True,2
REV01579,Fashion,Sunglasses,Best purchase I've made this year. The color and finish look great in person. 👍 although the price is a bit high for what you get.,5.0,2024-08-23,True,0
REV01672,Books & Media,Cookbook,Works like a charm. It looks even better than the pictures online.,5.0,2024-01-09,True,0
REV00957,Fashion,Denim Jacket,Highly recommend this to everyone. Setup was simple and took less than five minutes. 😊,5.0,2025-01-18,True,1
REV00026,Home & Kitchen,Blender,Fantastic value for the price. Setup was simple and took less than five minutes. 😊 but I wish it came in more color options. www.shopreview-site.com/r/12345,5.0,2025-03-28,True,4
REV00078,Home & Kitchen,Blender,Highly recommend this to everyone. The packaging was neat and nothing was damaged.,5.0,2025-08-08,True,0
REV00249,Home & Kitchen,Blender,<p>works like a charm. battery life lasts way longer than advertised. 🔥 www.shopreview-site.com/r/12345,4.0,2024-08-26,False,0
REV01427,Sports & Outdoors,Dumbbell Set,Middle of the road experience. The design is simple but functional. 🙂,3.0,2025-12-12,True,7
REV01252,Books & Media,Self-Help Book,This is exactly what I needed. Customer service was quick to respond when I had a question. 👍 http://example-shop.com/review   ,4.0,2024-04-19,True,9
REV01699,Home & Kitchen,Vacuum Cleaner,I'm so impressed with the quality. The build quality feels premium and sturdy. 😊 although it took longer to arrive than promised.,5.0,2024-05-01,False,5
REV00970,Books & Media,Comic Collection,highly recommend this to everyone. the packaging was neat and nothing was damaged. 🔥 even though customer service was slow to respond.,4.0,2025-08-07,True,0
REV00273,Beauty & Personal Care,Hair Dryer,This is exactly what I needed. My family loves it just as much as I do. ✨,4.0,2024-05-18,True,1
REV01016,Books & Media,Fiction Novel,A decent option if you're on a budget. Shipping took the standard amount of time. 🙂,3.0,2025-03-18,False,2
REV00241,Fashion,Cotton T-Shirt,Highly  recommend this to everyone. Battery life lasts way longer than advertised. 🔥,4.0,2025-08-21,True,3
REV00906,Home & Kitchen,Blender,Exceeded my expectations. It looks even better than the pictures online.,5.0,2024-02-10,False,4
REV00311,Books & Media,Comic Collection,"It's exactly what was advertised, nothing more. It's a bit bulkier than I expected. 🙂",3.0,2025-12-28,True,0
REV00985,Electronics,Wireless Earbuds,Absolutely loved this product! The packaging was neat and nothing was damaged. ✨,4.0,2024-05-03,True,0
REV01078,Sports & Outdoors,Camping Tent,Really disappointed with this purchase. It stopped working after just one week. 😡,2.0,2025-08-07,True,0
REV00242,Electronics,Smartwatch,   ,4.0,2024-05-02,True,2
REV00395,Fashion,Denim Jacket,Works  like a charm. It looks even better than the pictures online. ✨,4.0,2025-01-01,True,8
REV01267,Electronics,USB-C Hub,Does the job but nothing extraordinary. Good enough for occasional use. 🙂,3.0,2024-07-02,True,0
REV01597,Electronics,Wireless Earbuds,"Five stars, no doubt. The packaging was neat and nothing was damaged. 👍 although it took longer to arrive than promised.",5.0,2025-04-19,True,1
REV01723,Fashion,Running Shoes,COULDN'T BE HAPPIER WITH THIS PURCHASE. MY FAMILY LOVES IT JUST AS MUCH AS I DO. ✨,5.0,2024-08-02,True,3
REV01087,Home & Kitchen,Blender,Does  the job but nothing extraordinary. It's a bit bulkier than I expected. 🙂,3.0,2024-09-08,True,5
REV01673,Sports & Outdoors,Yoga Mat,"Five stars, no doubt. It looks even better than the pictures online. ✨",4.0,2024-09-27,True,3
REV01766,Beauty & Personal Care,Sunscreen Lotion,"It's exactly what was advertised, nothing more. It does what it says, just don't expect much extra.",3.0,2024-06-15,True,4
REV01180,Home & Kitchen,Non-Stick Pan Set,This is exactly what I needed. My family loves it just as much as I do.,4.0,2025-01-20,False,0
REV00279,Home & Kitchen,Blender,Very frustrating experience overall. The stitching came apart almost immediately. 😢,2.0,2024-09-24,True,0
REV01667,Home & Kitchen,Bedsheet Set,This was a complete waste of time. The size was completely different from what was described. 💔   ,2.0,2025-02-25,True,0
REV00586,Sports & Outdoors,Resistance Bands,Fantastic value for the price. My family loves it just as much as I do. ✨,4.0,2025-09-10,True,11
REV00765,Books & Media,Self-Help Book,Best  purchase I've made this year. It looks even better than the pictures online. 😊,5.0,2025-07-09,True,2
REV00274,Sports & Outdoors,Water Bottle,REALLY DISAPPOINTED WITH THIS PURCHASE. CUSTOMER SUPPORT NEVER REPLIED TO MY EMAILS. 👎,2.0,2025-01-12,False,3
REV00379,Sports & Outdoors,Resistance Bands,Highly recommend this to everyone. Setup was simple and took less than five minutes.,4.0,2025-10-14,True,2
REV00307,Electronics,Power Bank,I'm so impressed with the quality. My family loves it just as much as I do. 👍,4.0,2025-04-06,True,0
REV00063,Books & Media,Cookbook,"Middle of the road experience. Packaging was standard, nothing memorable. 🙂",3.0,2025-11-19,False,1
REV00261,Beauty & Personal Care,Lip Balm Set,Absolutely loved this product! The packaging was neat and nothing was damaged.,4.0,2025-12-14,True,1
REV01588,Beauty & Personal Care,Sunscreen Lotion,Really  disappointed with this purchase. It stopped working after just one week. 😢,1.0,2024-03-16,True,0
REV00503,Sports & Outdoors,Resistance Bands,I'm so impressed with the quality. Customer service was quick to respond when I had a question. ❤️,5.0,2024-08-02,True,3
REV01064,Books & Media,Fiction Novel,This is exactly what I needed. It looks even better than the pictures online.,5.0,2025-02-20,True,0
REV01136,Books & Media,Kids Story Set,<p>Really disappointed with this purchase. The material feels cheap and flimsy. 👎,2.0,2025-01-31,True,1
REV00820,Books & Media,Self-Help Book,Fantastic value for the price. Customer service was quick to respond when I had a question. 😊,5.0,2025-06-27,True,7
REV01479,Sports & Outdoors,Resistance Bands,</p>Couldn't be happier with this purchase. The packaging was neat and nothing was damaged. 👍,5.0,2024-09-19,True,5
REV00253,Fashion,Cotton T-Shirt,Best purchase I've made this year. Battery life lasts way longer than advertised. 😊 although it took longer to arrive than promised.,5.0,2024-03-15,True,0
REV00715,Books & Media,Cookbook,Highly recommend this to everyone. It looks even better than the pictures online.,5.0,2025-12-27,True,6
REV01583,Beauty & Personal Care,Face Serum,Very frustrating experience overall. The material feels cheap and flimsy. 😡,1.0,2024-02-29,True,2
REV00215,Sports & Outdoors,Resistance Bands,This is exactly what I needed. Customer service was quick to respond when I had a question. ✨ but the delivery experience could definitely be better.,4.0,2024-06-21,True,0
REV00876,Books & Media,Biography,Works like a charm. Customer service was quick to respond when I had a question. 😊,4.0,2024-02-29,True,0
REV01509,Home & Kitchen,Blender,Couldn't be happier with this purchase. It looks even better than the pictures online. but the delivery experience could definitely be better.,5.0,2024-10-10,False,1
REV01564,Sports & Outdoors,Water Bottle,"Five stars, no doubt. The color and finish look great in person. 🔥",5.0,2024-10-26,True,0
REV01447,Home & Kitchen,Bedsheet Set,"Five stars, no doubt. Setup was simple and took less than five minutes. ❤️",5.0,2025-09-09,True,3
REV00326,Electronics,Bluetooth Speaker,This broke within a few days of use. It arrived late and the box was damaged. 😢,1.0,2025-11-07,True,2
REV01222,Books & Media,Self-Help Book,Highly recommend this to everyone. Battery life lasts way longer than advertised.,5.0,2025-11-18,True,5
REV01537,Sports & Outdoors,Camping Tent,I'm so impressed with the quality. The color and finish look great in person.,4.0,2025-05-21,False,0
REV00069,Beauty & Personal Care,Moisturizer Cream,Fantastic value for the price. It looks even better than the pictures online. 🔥,4.0,2024-10-09,True,3
REV00896,Sports & Outdoors,Camping Tent,Would not recommend this to anyone. There was a strange smell straight out of the box. 👎,2.0,2025-03-31,True,4
REV01500,Beauty & Personal Care,Electric Trimmer,Average quality for the price. There are better alternatives but this works fine too. 🙂,3.0,2024-01-09,False,6
REV01212,Sports & Outdoors,Camping Tent,"Highly recommend this to everyone. Delivery was super fast, arrived a day early. 👍",5.0,2024-04-10,True,1
REV00397,Sports & Outdoors,Camping Tent,"Five stars, no doubt. The packaging was neat and nothing was damaged.",4.0,2024-09-17,True,2
REV01305,Sports & Outdoors,Cycling Helmet,I'm so impressed with the quality. Battery life lasts way longer than advertised. ❤️,5.0,2024-08-05,True,0
REV00065,Beauty & Personal Care,Electric Trimmer,Extremely poor quality. It arrived late and the box was damaged. 👎,1.0,2025-04-10,True,2
REV00855,Home & Kitchen,Blender,FANTASTIC VALUE FOR THE PRICE. BATTERY LIFE LASTS WAY LONGER THAN ADVERTISED. 😊 ALTHOUGH IT TOOK LONGER TO ARRIVE THAN PROMISED.,4.0,2025-05-22,True,3
REV01140,Home & Kitchen,Vacuum Cleaner,Absolutely  loved this product! My family loves it just as much as I do. ✨,5.0,2024-04-19,True,0
REV01386,Books & Media,Comic Collection,Really  disappointed with this purchase. It stopped working after just one week.,1.0,2025-04-09,True,0
REV00364,Books & Media,Fiction Novel,I  want a refund immediately. It arrived late and the box was damaged. http://example-shop.com/review,2.0,2024-09-22,True,4
REV00129,Fashion,Sunglasses,Highly recommend this to everyone. Battery life lasts way longer than advertised. 😊 even though customer service was slow to respond.,5.0,2024-02-13,True,3
REV00761,Books & Media,Comic Collection,One of the worst products I've bought online. The size was completely different from what was described.,1.0,2025-02-08,True,8
REV00441,Electronics,Power Bank,"It's exactly what was advertised, nothing more. Some features could be improved in future versions. 🤷",3.0,2024-11-13,True,3
REV01219,Sports & Outdoors,Yoga Mat,Couldn't be happier with this purchase. Setup was simple and took less than five minutes. 👍 although it took longer to arrive than promised.,4.0,2024-08-17,True,1
REV01763,Fashion,Sunglasses,Really disappointed with this purchase. Customer support never replied to my emails. 👎,2.0,2024-02-03,True,0
REV01756,Fashion,Leather Wallet,Absolutely loved this product! Battery life lasts way longer than advertised. although the price is a bit high for what you get.,4.0,2024-10-13,True,0
REV01044,Electronics,Laptop Stand,"Very frustrating experience overall. It doesn't match the pictures shown online at all. 👎 On the plus side, it did arrive quickly.",2.0,2025-01-25,False,3
REV01249,Sports & Outdoors,Camping Tent,<p>Couldn't be happier with this purchase. It looks even better than the pictures online. 🔥,4.0,2024-05-19,True,6
REV01593,Sports & Outdoors,Cycling Helmet,&AMP;WORKS LIKE A CHARM. THE COLOR AND FINISH LOOK GREAT IN PERSON. ✨ HTTP://EXAMPLE-SHOP.COM/REVIEW,4.0,2025-12-01,True,2
REV00564,Books & Media,Fiction Novel,Very frustrating experience overall. The instructions were confusing and unclear. 😢,1.0,2024-10-15,True,1
REV00703,Beauty & Personal Care,Sunscreen Lotion,THIS  IS EXACTLY WHAT I NEEDED. IT LOOKS EVEN BETTER THAN THE PICTURES ONLINE. 😊,5.0,2024-11-29,True,1
REV00243,Books & Media,Cookbook,Couldn't be happier with this purchase. The build quality feels premium and sturdy. 👍,4.0,2025-11-24,True,6
REV01100,Books & Media,Fiction Novel,Highly  recommend this to everyone. Setup was simple and took less than five minutes. 😊,4.0,2025-02-23,True,1
REV00830,Sports & Outdoors,Dumbbell Set,Couldn't  be happier with this purchase. My family loves it just as much as I do.,4.0,2025-12-29,True,1
REV01399,Home & Kitchen,Vacuum Cleaner,One of the worst products I've bought online. The instructions were confusing and unclear. 😡,1.0,2025-08-25,True,2
REV01676,Fashion,Sunglasses,does the job but nothing extraordinary. some features could be improved in future versions.,3.0,2025-07-11,False,1
REV00360,Home & Kitchen,Non-Stick Pan Set,This was a complete waste of time. It arrived late and the box was damaged. 💔,2.0,2025-08-10,True,3
REV01248,Electronics,USB-C Hub,Absolutely loved this product! My family loves it just as much as I do. 👍,4.0,2025-02-21,True,2
REV00370,Sports & Outdoors,Cycling Helmet,"Fantastic value for the price. Delivery was super fast, arrived a day early. 🔥",4.0,2025-03-07,True,1
REV01650,Home & Kitchen,Vacuum Cleaner,"Five stars, no doubt. The color and finish look great in person. ❤️",4.0,2024-03-14,True,4
REV00795,Electronics,Laptop Stand,This  is exactly what I needed. The build quality feels premium and sturdy. ❤️,4.0,2025-03-09,True,3
REV01031,Electronics,Smartwatch,Would not recommend this to anyone. The size was completely different from what was described. 👎,1.0,2024-09-30,True,2
REV01273,Electronics,Smartwatch,This broke within a few days of use. It arrived late and the box was damaged.,1.0,2025-07-05,False,2
REV01384,Home & Kitchen,Non-Stick Pan Set,"Exceeded my expectations. Delivery was super fast, arrived a day early. ❤️ although it took longer to arrive than promised.   ",4.0,2025-11-11,True,0
REV01315,Books & Media,Cookbook,Exceeded my expectations. It's comfortable and fits perfectly. 🔥,4.0,2025-03-12,True,1
REV01660,Home & Kitchen,Bedsheet Set,works like a charm. my family loves it just as much as i do. 👍,5.0,2025-08-04,True,4
REV00537,Books & Media,Biography,This was a complete waste of time. The stitching came apart almost immediately.,1.0,2025-02-18,False,0
REV01008,Beauty & Personal Care,Electric Trimmer,"Exceeded my expectations. Delivery was super fast, arrived a day early. 👍",4.0,2025-11-06,True,1
REV01530,Electronics,Power Bank,Very frustrating experience overall. The instructions were confusing and unclear. 👎   ,1.0,2025-10-23,True,9
REV01513,Sports & Outdoors,Yoga Mat,One of the worst products I've bought online. It arrived late and the box was damaged. 💔 http://example-shop.com/review,1.0,2024-01-30,True,1
REV00319,Home & Kitchen,Blender,I'm so impressed with the quality. Customer service was quick to respond when I had a question. ✨ although it took longer to arrive than promised.,4.0,2025-11-10,True,0
REV01420,Sports & Outdoors,Resistance Bands,Best  purchase I've made this year. It looks even better than the pictures online.,5.0,2024-09-11,True,1
REV00973,Books & Media,Cookbook,Exceeded my expectations. It looks even better than the pictures online. 👍 even though customer service was slow to respond.,5.0,2025-03-06,True,2
REV00057,Beauty & Personal Care,Moisturizer Cream,Fantastic  value for the price. Battery life lasts way longer than advertised. 👍,5.0,2025-08-13,True,4
REV00358,Electronics,Laptop Stand,Highly recommend this to everyone. It's comfortable and fits perfectly. ✨,4.0,2025-04-14,True,7
REV00511,Electronics,Bluetooth Speaker,,5.0,2025-07-06,False,1
REV01378,Electronics,Wireless Earbuds,Best  purchase I've made this year. The color and finish look great in person. 👍,5.0,2025-05-04,True,1
REV01195,Beauty & Personal Care,Moisturizer Cream,BEST PURCHASE I'VE MADE THIS YEAR. IT LOOKS EVEN BETTER THAN THE PICTURES ONLINE. 😊,5.0,2024-05-07,True,3
REV01563,Electronics,Smartwatch,Works like a charm. Customer service was quick to respond when I had a question. 🔥,5.0,2025-06-21,True,2
REV01250,Sports & Outdoors,Cycling Helmet,Couldn't be happier with this purchase. Setup was simple and took less than five minutes. ❤️,5.0,2024-04-27,True,1
REV01211,Sports & Outdoors,Water Bottle,&amp;This was a complete waste of time. The stitching came apart almost immediately. 👎,2.0,2025-02-18,True,0
REV00011,Fashion,Sunglasses,Exceeded my expectations. Setup was simple and took less than five minutes.,4.0,2024-01-01,True,0
REV01618,Beauty & Personal Care,Electric Trimmer,This is exactly what I needed. It's comfortable and fits perfectly. 🔥,4.0,2024-11-11,True,0
REV00183,Electronics,USB-C Hub,<p>Absolutely  loved this product! The build quality feels premium and sturdy. 🔥 but the delivery experience could definitely be better. https://bit.ly/3xample,5.0,2025-09-23,False,1
REV01643,Sports & Outdoors,Dumbbell Set,"works like a charm. delivery was super fast, arrived a day early. ❤️",4.0,2024-03-05,True,0
REV00628,Fashion,Backpack,"Five stars, no doubt. Battery life lasts way longer than advertised. 👍 https://bit.ly/3xample",5.0,2024-01-05,False,1
REV01353,Electronics,Wireless Earbuds,"Five stars, no doubt. Customer service was quick to respond when I had a question. 🔥",5.0,2025-09-11,True,4
REV01214,Home & Kitchen,Air Fryer,,2.0,2025-05-18,False,9
REV01141,Fashion,Denim Jacket,"Middle of the road experience. Packaging was standard, nothing memorable.",3.0,2025-10-03,True,1
REV00947,Electronics,Smartwatch,Exceeded my expectations. Customer service was quick to respond when I had a question. ❤️,5.0,2024-03-24,False,0
REV00138,Electronics,Wireless Earbuds,Works like a charm. Customer service was quick to respond when I had a question. ❤️,4.0,2024-03-21,True,2
REV00866,Home & Kitchen,Blender,"It's an okay product, nothing special. The design is simple but functional. 🤷",3.0,2024-07-19,True,2
REV00908,Beauty & Personal Care,Electric Trimmer,Not worth the money at all. It arrived late and the box was damaged. 💔,,2024-12-28,False,10
REV01347,Home & Kitchen,Vacuum Cleaner,I regret buying this. The stitching came apart almost immediately. 👎,1.0,2025-01-13,True,1
REV01540,Fashion,Backpack,I WANT A REFUND IMMEDIATELY. IT STOPPED WORKING AFTER JUST ONE WEEK.,2.0,2024-08-15,True,8
REV00701,Home & Kitchen,Bedsheet Set,EXTREMELY POOR QUALITY. THERE WAS A STRANGE SMELL STRAIGHT OUT OF THE BOX. 👎,2.0,2025-04-12,False,0
REV00718,Books & Media,Cookbook,Very frustrating experience overall. The instructions were confusing and unclear. 👎 http://example-shop.com/review,,2024-06-25,True,0
REV01482,Home & Kitchen,Vacuum Cleaner,&amp;Best purchase I've made this year. It's comfortable and fits perfectly. 😊,4.0,2024-12-09,True,11
REV01073,Beauty & Personal Care,Moisturizer Cream,Exceeded my expectations. It's comfortable and fits perfectly. 😊,4.0,2025-01-01,True,5
REV01755,Beauty & Personal Care,Electric Trimmer,"<br>Fantastic value for the price. Delivery was super fast, arrived a day early. 😊",5.0,2024-03-23,True,0
REV00126,Books & Media,Biography,AVERAGE QUALITY FOR THE PRICE. THE DESIGN IS SIMPLE BUT FUNCTIONAL. 🙂,3.0,2024-11-19,False,1
REV00870,Fashion,Sunglasses,"</p>Highly recommend this to everyone. Delivery was super fast, arrived a day early. 😊 www.shopreview-site.com/r/12345",4.0,2024-03-10,False,1
REV00879,Electronics,USB-C Hub,"Exceeded my expectations. Delivery was super fast, arrived a day early. ❤️",5.0,2025-03-30,True,2
REV01071,Books & Media,Fiction Novel,Works like a charm. Customer service was quick to respond when I had a question. 🔥 although the price is a bit high for what you get.,5.0,2024-10-25,True,2
REV00257,Electronics,Smartwatch,"Five stars, no doubt. Battery life lasts way longer than advertised. 👍",5.0,2024-01-12,True,6
REV01424,Beauty & Personal Care,Sunscreen Lotion,"Best purchase I've made this year. Delivery was super fast, arrived a day early. ❤️ even though customer service was slow to respond.",5.0,2024-07-08,False,0
REV00840,Home & Kitchen,Air Fryer,average quality for the price. some features could be improved in future versions.,3.0,2024-01-18,True,3
REV01417,Home & Kitchen,Blender,Would not recommend this to anyone. The instructions were confusing and unclear. 😢,2.0,2025-07-01,True,1
REV00092,Electronics,Wireless Earbuds,FANTASTIC VALUE FOR THE PRICE. THE PACKAGING WAS NEAT AND NOTHING WAS DAMAGED. 🔥,5.0,2024-10-08,True,6
REV01531,Electronics,Power Bank,"It's exactly what was advertised, nothing more. It's comparable to other products in this price range. 🙂",3.0,2025-07-24,True,0
REV00017,Beauty & Personal Care,Lip Balm Set,Extremely poor quality. It arrived late and the box was damaged. 👎,1.0,2024-03-18,True,8
REV01625,Electronics,Power Bank,<p>This is exactly what I needed. Setup was simple and took less than five minutes. ✨,5.0,2024-08-14,True,2
REV01449,Beauty & Personal Care,Sunscreen Lotion,Works like a charm. Setup was simple and took less than five minutes. ✨,4.0,2024-06-07,False,0
REV01072,Books & Media,Fiction Novel,Couldn't be happier with this purchase. It's comfortable and fits perfectly. 👍,5.0,2025-11-05,True,1
REV00158,Home & Kitchen,Electric Kettle,Highly  recommend this to everyone. The build quality feels premium and sturdy. 😊,5.0,2025-03-03,False,3
REV01525,Home & Kitchen,Vacuum Cleaner,This is exactly what I needed. The color and finish look great in person. ✨,4.0,2024-10-19,True,0
REV01394,Books & Media,Comic Collection,"Five  stars, no doubt. My family loves it just as much as I do. 😊 although the price is a bit high for what you get.",5.0,2025-06-04,True,0
REV00884,Sports & Outdoors,Camping Tent,Highly recommend this to everyone. The color and finish look great in person. 👍,5.0,2024-02-28,False,1
REV00991,Books & Media,Comic Collection,Average  quality for the price. The design is simple but functional.,3.0,2024-11-06,True,4
REV00972,Books & Media,Self-Help Book,COULDN'T BE HAPPIER WITH THIS PURCHASE. THE PACKAGING WAS NEAT AND NOTHING WAS DAMAGED. 👍,5.0,2025-09-05,True,3
REV00659,Sports & Outdoors,Dumbbell Set,Works like a charm. Setup was simple and took less than five minutes. 😊,4.0,2025-11-02,True,3
REV00383,Books & Media,Fiction Novel,,1.0,2024-11-15,False,2
REV01243,Beauty & Personal Care,Electric Trimmer,Highly recommend this to everyone. The packaging was neat and nothing was damaged. 😊 even though customer service was slow to respond.,4.0,2024-04-12,True,11
REV01702,Home & Kitchen,Vacuum Cleaner,Couldn't be happier with this purchase. The color and finish look great in person. ✨,5.0,2024-02-24,True,1
REV01647,Home & Kitchen,Air Fryer,<br>Couldn't be happier with this purchase. The color and finish look great in person. ✨,4.0,2025-08-14,True,2
REV00091,Beauty & Personal Care,Moisturizer Cream,"Five stars, no doubt. It's comfortable and fits perfectly. ✨ although it took longer to arrive than promised.",4.0,2024-11-04,True,0
REV00675,Sports & Outdoors,Dumbbell Set,Fantastic value for the price. The build quality feels premium and sturdy.,5.0,2024-02-23,True,0
REV00430,Electronics,Wireless Earbuds,Exceeded my expectations. The packaging was neat and nothing was damaged. 👍,4.0,2025-04-11,True,0
REV00103,Books & Media,Fiction Novel,<br>Works  like a charm. It's comfortable and fits perfectly.,4.0,2025-03-15,True,0
REV01079,Electronics,Wireless Earbuds,<p>One of the worst products I've bought online. It stopped working after just one week. 😡,2.0,2025-02-03,False,1
REV01524,Beauty & Personal Care,Moisturizer Cream,Couldn't be happier with this purchase. Setup was simple and took less than five minutes.,4.0,2025-01-14,True,1
REV00458,Home & Kitchen,Vacuum Cleaner,<br>Best purchase I've made this year. Setup was simple and took less than five minutes. although the price is a bit high for what you get.,4.0,2024-05-19,True,1
REV01013,Books & Media,Biography,This is exactly what I needed. The packaging was neat and nothing was damaged. 🔥,4.0,2024-02-02,False,0
REV00615,Electronics,Power Bank,Fantastic value for the price. The color and finish look great in person. ❤️,5.0,2024-05-21,True,1
REV00914,Electronics,Bluetooth Speaker,One of the worst products I've bought online. It doesn't match the pictures shown online at all. 😢,1.0,2025-02-11,True,10
REV01152,Home & Kitchen,Non-Stick Pan Set,"Five  stars, no doubt. Battery life lasts way longer than advertised.",4.0,2025-10-02,True,1
REV01134,Sports & Outdoors,Dumbbell Set,"I'm so impressed with the quality. Delivery was super fast, arrived a day early. ❤️",4.0,2025-06-21,True,3
REV00485,Books & Media,Kids Story Set,Works like a charm. Customer service was quick to respond when I had a question. ❤️,4.0,2024-05-24,True,1
REV00044,Beauty & Personal Care,Sunscreen Lotion,COULDN'T BE HAPPIER WITH THIS PURCHASE. THE BUILD QUALITY FEELS PREMIUM AND STURDY. 😊,5.0,2025-01-23,True,3
REV00423,Home & Kitchen,Vacuum Cleaner,<p>I  regret buying this. The instructions were confusing and unclear. 😢,2.0,2024-07-03,True,1
REV00594,Home & Kitchen,Bedsheet Set,This is exactly what I needed. The packaging was neat and nothing was damaged.,5.0,2025-12-08,True,0
REV00039,Beauty & Personal Care,Sunscreen Lotion,Works like a charm. The packaging was neat and nothing was damaged. ✨,5.0,2024-10-10,True,0
REV01137,Books & Media,Biography,Absolutely  loved this product! It's comfortable and fits perfectly. ❤️,4.0,2024-08-01,True,3
REV00589,Books & Media,Fiction Novel,This is exactly what I needed. It's comfortable and fits perfectly. 👍 but I wish it came in more color options.,5.0,2025-03-31,False,0
REV00810,Fashion,Cotton T-Shirt,"i'm so impressed with the quality. delivery was super fast, arrived a day early. 😊 although the price is a bit high for what you get.",4.0,2025-01-26,True,3
REV00791,Sports & Outdoors,Camping Tent,A decent option if you're on a budget. Shipping took the standard amount of time.,3.0,2025-10-21,True,1
REV00454,Electronics,Smartwatch,Best purchase I've made this year. The color and finish look great in person.,5.0,2025-04-02,True,1
REV00818,Fashion,Cotton T-Shirt,Best purchase I've made this year. It looks even better than the pictures online.,5.0,2024-06-18,True,0
REV01370,Sports & Outdoors,Camping Tent,Highly recommend this to everyone. The packaging was neat and nothing was damaged. 😊,5.0,2024-10-23,True,0
REV01571,Electronics,Smartwatch,"Five stars, no doubt. Delivery was super fast, arrived a day early. 👍",4.0,2025-12-24,True,7
REV00161,Books & Media,Cookbook,Best purchase I've made this year. The build quality feels premium and sturdy.,4.0,2025-02-19,False,3
REV01665,Electronics,Wireless Earbuds,Very frustrating experience overall. It doesn't match the pictures shown online at all. 😢,2.0,2024-09-28,True,3
REV01170,Fashion,Leather Wallet,Would not recommend this to anyone. It stopped working after just one week. 💔,2.0,2024-03-13,True,1
REV01103,Beauty & Personal Care,Lip Balm Set,Couldn't be happier with this purchase. Battery life lasts way longer than advertised. ❤️,5.0,2024-06-02,True,7
REV00475,Electronics,Power Bank,I'm so impressed with the quality. The color and finish look great in person. 🔥,5.0,2025-03-28,True,2
REV01282,Home & Kitchen,Electric Kettle,I REGRET BUYING THIS. THE STITCHING CAME APART ALMOST IMMEDIATELY. 💔 WWW.SHOPREVIEW-SITE.COM/R/12345,1.0,2025-07-25,True,0
REV00097,Sports & Outdoors,Water Bottle,I'm  so impressed with the quality. Customer service was quick to respond when I had a question.,5.0,2024-08-19,False,3
REV01314,Fashion,Backpack,Very frustrating experience overall. The stitching came apart almost immediately. 💔,1.0,2025-11-23,True,3
REV01210,Home & Kitchen,Vacuum Cleaner,This was a complete waste of time. The stitching came apart almost immediately.,1.0,2025-11-29,False,1
REV01340,Beauty & Personal Care,Electric Trimmer,"One of the worst products I've bought online. It arrived late and the box was damaged. On the plus side, it did arrive quickly.",2.0,2024-06-02,False,2
REV00750,Fashion,Cotton T-Shirt,Absolutely  loved this product! Customer service was quick to respond when I had a question. 😊 even though customer service was slow to respond.,4.0,2025-05-18,True,5
REV00789,Beauty & Personal Care,Electric Trimmer,"i regret buying this. the size was completely different from what was described. 👎 on the plus side, it did arrive quickly.",1.0,2024-09-19,True,3
REV01123,Home & Kitchen,Bedsheet Set,Couldn't be happier with this purchase. The packaging was neat and nothing was damaged. ✨ but the delivery experience could definitely be better.,5.0,2025-08-01,False,2
REV00227,Fashion,Backpack,This is exactly what I needed. Setup was simple and took less than five minutes. but the delivery experience could definitely be better.,4.0,2024-01-13,False,7
REV00451,Beauty & Personal Care,Hair Dryer,MIDDLE OF THE ROAD EXPERIENCE. IT'S A BIT BULKIER THAN I EXPECTED.,3.0,2025-03-21,True,0
REV00877,Electronics,Laptop Stand,Really disappointed with this purchase. It stopped working after just one week. 💔   ,1.0,2024-09-12,False,0
REV01758,Beauty & Personal Care,Electric Trimmer,Highly recommend this to everyone. The build quality feels premium and sturdy. 👍,5.0,2024-08-12,True,8
REV00382,Fashion,Running Shoes,"Not bad, but not great either. There are better alternatives but this works fine too. 🙂",3.0,2024-01-13,True,4
REV01632,Beauty & Personal Care,Electric Trimmer,Best purchase I've made this year. Setup was simple and took less than five minutes. 😊,4.0,2025-05-04,True,0
REV00816,Electronics,Laptop Stand,Absolutely  loved this product! It's comfortable and fits perfectly. ✨,5.0,2024-03-26,True,1
REV01504,Sports & Outdoors,Camping Tent,"Five stars, no doubt. It's comfortable and fits perfectly. ✨ although it took longer to arrive than promised.",5.0,2025-12-08,True,0
REV01056,Electronics,Wireless Earbuds,Very frustrating experience overall. The instructions were confusing and unclear. 😢,2.0,2024-10-27,True,0
REV00649,Fashion,Cotton T-Shirt,I  regret buying this. There was a strange smell straight out of the box.,2.0,2024-05-20,True,0
REV01302,Electronics,Laptop Stand,I'm so impressed with the quality. Battery life lasts way longer than advertised. 🔥,5.0,2024-03-15,True,1
REV00322,Sports & Outdoors,Camping Tent,"It's exactly what was advertised, nothing more. It does what it says, just don't expect much extra. 🤷",3.0,2024-04-08,True,1
REV00652,Sports & Outdoors,Dumbbell Set,</p>This broke within a few days of use. The size was completely different from what was described. 👎,1.0,2024-08-02,True,2
REV01490,Home & Kitchen,Bedsheet Set,<br>Couldn't  be happier with this purchase. It looks even better than the pictures online. ❤️ www.shopreview-site.com/r/12345,5.0,2024-02-16,True,10
REV01792,Sports & Outdoors,Dumbbell Set,Best purchase I've made this year. Setup was simple and took less than five minutes.,4.0,2024-03-20,True,5
REV00949,Home & Kitchen,Electric Kettle,Fantastic value for the price. Setup was simple and took less than five minutes. 😊,4.0,2024-06-23,True,0
REV00443,Electronics,Bluetooth Speaker,Fantastic value for the price. The build quality feels premium and sturdy. 😊,5.0,2024-11-24,True,0
REV00583,Sports & Outdoors,Yoga Mat,"This was a complete waste of time. It doesn't match the pictures shown online at all. 💔 On the plus side, it did arrive quickly.",2.0,2024-09-11,True,5
REV00751,Home & Kitchen,Air Fryer,Exceeded my expectations. The build quality feels premium and sturdy.,,2025-06-25,True,1
REV01689,Home & Kitchen,Blender,"Couldn't be happier with this purchase. Delivery was super fast, arrived a day early. 👍",5.0,2025-07-02,False,0
REV01011,Home & Kitchen,Blender,Works like a charm. Setup was simple and took less than five minutes. although the price is a bit high for what you get.,5.0,2025-04-01,True,2
REV00874,Sports & Outdoors,Cycling Helmet,I regret buying this. The size was completely different from what was described. 😡,1.0,2024-08-21,True,0
REV00714,Fashion,Leather Wallet,One of the worst products I've bought online. The size was completely different from what was described. 👎,1.0,2025-02-04,True,9
REV00372,Home & Kitchen,Bedsheet Set,Couldn't be happier with this purchase. It's comfortable and fits perfectly. 🔥 https://bit.ly/3xample,5.0,2024-03-22,True,2
REV00398,Beauty & Personal Care,Moisturizer Cream,One of the worst products I've bought online. The material feels cheap and flimsy. 😡,1.0,2024-08-15,True,6
REV01506,Fashion,Sunglasses,Couldn't  be happier with this purchase. My family loves it just as much as I do. 👍,4.0,2025-06-10,True,1
REV01189,Sports & Outdoors,Cycling Helmet,Reasonable purchase overall. Good enough for occasional use. 🙂,3.0,2025-02-17,True,4
REV00189,Fashion,Sunglasses,Best purchase I've made this year. The packaging was neat and nothing was damaged. 😊,5.0,2025-01-28,True,0
REV00922,Fashion,Sunglasses,</p>highly recommend this to everyone. battery life lasts way longer than advertised. 🔥,4.0,2025-03-15,True,2
REV01657,Books & Media,Cookbook,I'm so impressed with the quality. Customer service was quick to respond when I had a question.,5.0,2024-09-11,False,0
REV01686,Fashion,Backpack,"It's an okay product, nothing special. Good enough for occasional use. 🤷",3.0,2025-09-23,True,2
REV01656,Sports & Outdoors,Dumbbell Set,I'm  so impressed with the quality. Battery life lasts way longer than advertised. 😊,5.0,2024-01-13,True,3
REV01200,Beauty & Personal Care,Hair Dryer,Absolutely loved this product! It looks even better than the pictures online. 😊,5.0,2025-01-17,True,3
REV00123,Beauty & Personal Care,Sunscreen Lotion,THIS BROKE WITHIN A FEW DAYS OF USE. THE MATERIAL FEELS CHEAP AND FLIMSY.,1.0,2025-11-15,True,7
REV00010,Sports & Outdoors,Yoga Mat,Exceeded  my expectations. It's comfortable and fits perfectly. ❤️,4.0,2024-09-26,False,1
REV01561,Beauty & Personal Care,Hair Dryer,"It's an okay product, nothing special. Good enough for occasional use.",3.0,2024-03-21,True,0
REV00165,Beauty & Personal Care,Sunscreen Lotion,I'm so impressed with the quality. It looks even better than the pictures online.,4.0,2025-07-31,True,0
REV00805,Beauty & Personal Care,Hair Dryer,"It's fine, meets basic expectations. I might consider other brands next time.",3.0,2025-04-20,True,2
REV01126,Fashion,Leather Wallet,Very frustrating experience overall. It doesn't match the pictures shown online at all. 😡,2.0,2025-04-18,True,7
REV00232,Electronics,Wireless Earbuds,Best purchase I've made this year. The build quality feels premium and sturdy. 👍,5.0,2024-10-02,True,2
REV01376,Fashion,Denim Jacket,Works  like a charm. The packaging was neat and nothing was damaged. 😊   ,4.0,2024-11-05,True,3
REV00374,Books & Media,Biography,Highly recommend this to everyone. It looks even better than the pictures online. 👍   ,4.0,2024-12-31,False,2
REV00572,Sports & Outdoors,Cycling Helmet,"Five stars, no doubt. My family loves it just as much as I do. 👍 although it took longer to arrive than promised.",5.0,2024-10-14,True,2
REV01645,Sports & Outdoors,Yoga Mat,"Five stars, no doubt. The packaging was neat and nothing was damaged.",5.0,2025-01-22,False,0
REV00727,Home & Kitchen,Bedsheet Set,This is exactly what I needed. Customer service was quick to respond when I had a question. ✨,5.0,2025-07-31,True,2
REV00272,Books & Media,Self-Help Book,"It's fine, meets basic expectations. The design is simple but functional. 🤷",3.0,2025-10-23,True,3
REV01542,Beauty & Personal Care,Face Serum,"It's exactly what was advertised, nothing more. The design is simple but functional. 🙂",3.0,2025-10-22,False,2
REV00240,Sports & Outdoors,Cycling Helmet,"Five stars, no doubt. My family loves it just as much as I do. although the price is a bit high for what you get.",5.0,2025-11-09,False,2
REV00935,Beauty & Personal Care,Electric Trimmer,Very frustrating experience overall. The stitching came apart almost immediately.,2.0,2024-08-25,False,3
REV01208,Fashion,Leather Wallet,Couldn't be happier with this purchase. It looks even better than the pictures online. 🔥,4.0,2024-03-08,True,9
REV00077,Fashion,Leather Wallet,very frustrating experience overall. customer support never replied to my emails. 👎,2.0,2024-06-10,True,2
REV00224,Fashion,Backpack,"Best purchase I've made this year. Delivery was super fast, arrived a day early. ✨",5.0,2025-02-25,True,4
REV00663,Electronics,Smartwatch,Best purchase I've made this year. Battery life lasts way longer than advertised. ✨,5.0,2025-02-04,True,1
REV00643,Books & Media,Kids Story Set,</p>Fantastic value for the price. Customer service was quick to respond when I had a question. 👍 although the price is a bit high for what you get.,4.0,2025-08-20,False,2
REV00982,Fashion,Sunglasses,"Fantastic value for the price. Delivery was super fast, arrived a day early. ❤️ although it took longer to arrive than promised.",5.0,2024-06-14,True,1
REV01493,Electronics,Power Bank,Couldn't be happier with this purchase. The packaging was neat and nothing was damaged. ✨ although it took longer to arrive than promised.,4.0,2025-05-05,True,10
REV00461,Home & Kitchen,Air Fryer,Couldn't be happier with this purchase. My family loves it just as much as I do. although it took longer to arrive than promised.,5.0,2025-09-16,True,2
REV00312,Fashion,Sunglasses,Works like a charm. Battery life lasts way longer than advertised. even though customer service was slow to respond.,4.0,2025-06-30,True,1
REV01043,Beauty & Personal Care,Hair Dryer,Highly recommend this to everyone. Battery life lasts way longer than advertised. 😊,4.0,2025-03-24,True,2
REV01216,Electronics,Wireless Earbuds,Exceeded my expectations. The build quality feels premium and sturdy. 👍,4.0,2024-02-22,True,5
REV00414,Beauty & Personal Care,Hair Dryer,Couldn't be happier with this purchase. Customer service was quick to respond when I had a question. 🔥,4.0,2025-07-08,True,1
REV01030,Books & Media,Kids Story Set,I'm so impressed with the quality. Customer service was quick to respond when I had a question. 👍,5.0,2024-10-16,False,2
REV01179,Sports & Outdoors,Water Bottle,"Best purchase I've made this year. Delivery was super fast, arrived a day early.",5.0,2025-10-25,False,0
REV00281,Electronics,USB-C Hub,Fantastic value for the price. Setup was simple and took less than five minutes. ❤️,5.0,2024-12-17,True,0
REV00500,Electronics,Power Bank,Fantastic value for the price. Customer service was quick to respond when I had a question.,5.0,2024-03-13,True,1
REV00329,Books & Media,Kids Story Set,Average quality for the price. The design is simple but functional. 🙂,3.0,2024-02-25,False,1
REV00001,Books & Media,Self-Help Book,Absolutely  loved this product! Setup was simple and took less than five minutes. 👍,4.0,2024-01-31,True,9
REV00573,Beauty & Personal Care,Electric Trimmer,"Not bad, but not great either. Good enough for occasional use. 🤷",3.0,2024-06-03,True,6
REV00933,Home & Kitchen,Bedsheet Set,Absolutely loved this product! It looks even better than the pictures online. ❤️,5.0,2024-09-17,True,8
REV00610,Fashion,Backpack,This is exactly what I needed. The packaging was neat and nothing was damaged. 😊 but I wish it came in more color options.,5.0,2025-08-25,True,0
REV00742,Fashion,Sunglasses,"Highly  recommend this to everyone. Delivery was super fast, arrived a day early. 🔥",4.0,2025-12-27,True,0
REV01186,Home & Kitchen,Vacuum Cleaner,"Exceeded my expectations. Delivery was super fast, arrived a day early. 👍",5.0,2024-04-19,True,5
REV00340,Beauty & Personal Care,Hair Dryer,Works  like a charm. The packaging was neat and nothing was damaged. ❤️,5.0,2025-03-26,True,6
REV01207,Books & Media,Biography,Highly recommend this to everyone. Customer service was quick to respond when I had a question. 👍,4.0,2024-01-13,False,0
REV00494,Sports & Outdoors,Cycling Helmet,Best purchase I've made this year. The packaging was neat and nothing was damaged. ❤️ but the delivery experience could definitely be better.,5.0,2024-03-02,True,1
REV00167,Electronics,Power Bank,&amp;I  regret buying this. I found scratches on it right out of the packaging. 💔,1.0,2024-01-04,True,0
REV00782,Home & Kitchen,Air Fryer,"Exceeded  my expectations. Delivery was super fast, arrived a day early. ❤️ www.shopreview-site.com/r/12345",5.0,2024-01-12,True,0
REV01121,Sports & Outdoors,Camping Tent,I'm so impressed with the quality. It looks even better than the pictures online. 🔥,5.0,2024-12-27,False,0
REV00928,Beauty & Personal Care,Lip Balm Set,Exceeded my expectations. The packaging was neat and nothing was damaged. 👍,5.0,2024-02-09,False,0
REV00056,Fashion,Cotton T-Shirt,"It's an okay product, nothing special. Some features could be improved in future versions.",3.0,2024-01-13,True,0
REV00351,Home & Kitchen,Blender,Works like a charm. My family loves it just as much as I do. ❤️,4.0,2024-05-01,True,0
REV00941,Books & Media,Cookbook,fantastic  value for the price. the packaging was neat and nothing was damaged. 😊,5.0,2025-04-27,False,6
REV00772,Books & Media,Biography,"Exceeded my expectations. Delivery was super fast, arrived a day early. ✨",4.0,2024-12-27,True,0
REV00040,Sports & Outdoors,Cycling Helmet,I'm  so impressed with the quality. Setup was simple and took less than five minutes. 🔥 even though customer service was slow to respond.,4.0,2025-01-27,True,0
REV00523,Home & Kitchen,Non-Stick Pan Set,Couldn't be happier with this purchase. The build quality feels premium and sturdy. 👍,5.0,2024-12-30,True,2
REV01289,Beauty & Personal Care,Moisturizer Cream,Highly recommend this to everyone. The packaging was neat and nothing was damaged. ❤️   ,5.0,2024-08-19,True,2
REV01678,Home & Kitchen,Non-Stick Pan Set,"Average quality for the price. Packaging was standard, nothing memorable. 🙂",3.0,2024-04-20,True,0
REV00305,Home & Kitchen,Blender,couldn't  be happier with this purchase. the color and finish look great in person. 🔥,4.0,2025-10-10,False,3
REV00216,Books & Media,Cookbook,This was a complete waste of time. The stitching came apart almost immediately. 😢,2.0,2025-02-25,False,4
REV01323,Sports & Outdoors,Yoga Mat,,1.0,2024-04-01,False,1
REV01396,Fashion,Leather Wallet,"&amp;Best purchase I've made this year. Delivery was super fast, arrived a day early.",5.0,2025-03-12,True,11
REV00539,Electronics,Smartwatch,This is exactly what I needed. The color and finish look great in person.,4.0,2025-05-19,True,3
REV01603,Fashion,Sunglasses,Works like a charm. My family loves it just as much as I do. 🔥,5.0,2025-10-15,True,5
REV01262,Fashion,Sunglasses,A  decent option if you're on a budget. I might consider other brands next time. 🙂,3.0,2024-08-24,True,1
REV01401,Books & Media,Comic Collection,Highly recommend this to everyone. The color and finish look great in person. 😊,5.0,2025-09-15,True,7
REV01113,Sports & Outdoors,Yoga Mat,Not worth the money at all. Customer support never replied to my emails. 👎,1.0,2024-07-11,True,1
REV01117,Sports & Outdoors,Resistance Bands,Exceeded my expectations. The color and finish look great in person. ❤️,5.0,2025-05-15,True,5
REV01659,Sports & Outdoors,Camping Tent,"</p>Works like a charm. Delivery was super fast, arrived a day early. ✨",4.0,2025-02-14,True,0
REV00269,Beauty & Personal Care,Face Serum,This  is exactly what I needed. Customer service was quick to respond when I had a question. 👍,5.0,2024-10-19,False,0
REV01063,Beauty & Personal Care,Lip Balm Set,"Best purchase I've made this year. Delivery was super fast, arrived a day early.   ",5.0,2025-09-04,True,3
REV00153,Home & Kitchen,Bedsheet Set,Highly recommend this to everyone. The color and finish look great in person. 🔥,5.0,2024-10-22,True,11
REV00080,Home & Kitchen,Non-Stick Pan Set,"It's fine, meets basic expectations. Good enough for occasional use. 🤷",3.0,2025-10-04,True,3
REV01454,Electronics,Wireless Earbuds,Exceeded my expectations. It's comfortable and fits perfectly. 🔥 http://example-shop.com/review,5.0,2025-07-25,False,0
REV01266,Fashion,Leather Wallet,"five stars, no doubt. delivery was super fast, arrived a day early. 😊",5.0,2025-07-23,True,5
REV01619,Sports & Outdoors,Water Bottle,Average quality for the price. It's comparable to other products in this price range. 🤷,3.0,2024-11-01,False,9
REV00845,Books & Media,Cookbook,"five stars, no doubt. the packaging was neat and nothing was damaged. ✨",4.0,2025-03-19,True,4
REV00390,Books & Media,Fiction Novel,Absolutely loved this product! The color and finish look great in person. ❤️,5.0,2025-06-20,True,3
REV00346,Fashion,Sunglasses,Exceeded my expectations. Customer service was quick to respond when I had a question. 🔥,4.0,2025-11-06,True,1
REV00175,Home & Kitchen,Bedsheet Set,This is exactly what I needed. It's comfortable and fits perfectly. ❤️,4.0,2024-08-18,True,2
REV01731,Fashion,Denim Jacket,"It works as described, no complaints, no excitement. The design is simple but functional. 🙂",3.0,2025-11-15,True,0
REV01590,Home & Kitchen,Bedsheet Set,   ,5.0,2025-04-10,True,3
REV00025,Sports & Outdoors,Camping Tent,Exceeded my expectations. Customer service was quick to respond when I had a question. ❤️ although the price is a bit high for what you get.,4.0,2025-12-04,True,0
REV00162,Sports & Outdoors,Camping Tent,   ,5.0,2024-12-03,True,0
REV01580,Fashion,Cotton T-Shirt,This is exactly what I needed. My family loves it just as much as I do. 🔥 although the price is a bit high for what you get.   ,5.0,2025-03-13,True,1
REV00695,Sports & Outdoors,Water Bottle,This  is exactly what I needed. The color and finish look great in person. ❤️,5.0,2024-12-18,False,1
REV00120,Fashion,Leather Wallet,"FIVE STARS, NO DOUBT. THE BUILD QUALITY FEELS PREMIUM AND STURDY. 🔥 ALTHOUGH IT TOOK LONGER TO ARRIVE THAN PROMISED.",5.0,2025-10-27,True,0
REV01083,Books & Media,Cookbook,This is exactly what I needed. Setup was simple and took less than five minutes. ✨,4.0,2024-07-25,False,11
REV00263,Beauty & Personal Care,Hair Dryer,Exceeded my expectations. The build quality feels premium and sturdy. 👍,5.0,2025-05-15,False,1
REV00571,Electronics,Wireless Earbuds,Highly recommend this to everyone. It's comfortable and fits perfectly. ✨,5.0,2024-07-02,True,1
REV01693,Books & Media,Comic Collection,I regret buying this. It stopped working after just one week. 😢,1.0,2025-05-31,True,6
REV01193,Fashion,Running Shoes,"<br>Best purchase I've made this year. Delivery was super fast, arrived a day early. ✨",4.0,2025-03-22,True,2
REV00082,Home & Kitchen,Blender,Works like a charm. Setup was simple and took less than five minutes. 👍,5.0,2024-04-27,True,2
REV01535,Books & Media,Self-Help Book,A decent option if you're on a budget. The design is simple but functional. 🤷,3.0,2025-11-05,False,3
REV00739,Home & Kitchen,Electric Kettle,I'm so impressed with the quality. The build quality feels premium and sturdy.,5.0,2024-02-06,False,4
REV01649,Books & Media,Kids Story Set,Works like a charm. Setup was simple and took less than five minutes. ✨,5.0,2025-07-28,False,0
REV01246,Beauty & Personal Care,Face Serum,   ,3.0,2024-02-13,True,0
REV01780,Books & Media,Cookbook,Not worth the money at all. The stitching came apart almost immediately. 💔,1.0,2024-12-27,True,1
REV00411,Sports & Outdoors,Water Bottle,EXCEEDED MY EXPECTATIONS. CUSTOMER SERVICE WAS QUICK TO RESPOND WHEN I HAD A QUESTION. 👍,5.0,2025-02-06,True,0
REV00114,Books & Media,Cookbook,Best purchase I've made this year. It's comfortable and fits perfectly. 😊,5.0,2025-05-12,True,1
REV00265,Books & Media,Comic Collection,Not  worth the money at all. It arrived late and the box was damaged. 😢,1.0,2025-06-19,True,6
REV00436,Home & Kitchen,Air Fryer,Exceeded my expectations. Battery life lasts way longer than advertised. ❤️,4.0,2025-11-19,True,0
REV00084,Books & Media,Cookbook,Exceeded my expectations. It looks even better than the pictures online. 🔥 although it took longer to arrive than promised.,4.0,2025-12-18,True,0
REV00093,Sports & Outdoors,Water Bottle,A  decent option if you're on a budget. There are better alternatives but this works fine too.,3.0,2025-11-01,True,3
REV00302,Beauty & Personal Care,Electric Trimmer,"<p>It's fine, meets basic expectations. It's comparable to other products in this price range. 🤷",3.0,2025-03-30,False,0
REV00020,Beauty & Personal Care,Hair Dryer,I'm  so impressed with the quality. Setup was simple and took less than five minutes. 👍,5.0,2025-05-29,False,1
REV00186,Beauty & Personal Care,Moisturizer Cream,Very frustrating experience overall. It stopped working after just one week. 👎   ,2.0,2025-02-19,True,0
REV00228,Home & Kitchen,Non-Stick Pan Set,One of the worst products I've bought online. The stitching came apart almost immediately. 💔   ,2.0,2024-03-10,True,2
REV01234,Beauty & Personal Care,Hair Dryer,This is exactly what I needed. It looks even better than the pictures online.,4.0,2024-03-11,True,0
REV00334,Books & Media,Comic Collection,Does the job but nothing extraordinary. Shipping took the standard amount of time. 🙂,3.0,2024-08-05,False,0
REV01256,Beauty & Personal Care,Sunscreen Lotion,Not worth the money at all. The stitching came apart almost immediately. 💔,1.0,2025-02-03,True,6
REV00509,Home & Kitchen,Blender,"Average quality for the price. Packaging was standard, nothing memorable. 🙂",3.0,2024-05-31,True,2
REV01453,Fashion,Sunglasses,Works like a charm. The build quality feels premium and sturdy.   ,4.0,2024-08-23,True,0
REV00315,Sports & Outdoors,Resistance Bands,This was a complete waste of time. The material feels cheap and flimsy. 💔   ,1.0,2024-09-14,True,0
REV01409,Home & Kitchen,Electric Kettle,Works like a charm. Customer service was quick to respond when I had a question. 👍,4.0,2025-08-07,False,0
REV00791,Sports & Outdoors,Camping Tent,A decent option if you're on a budget. Shipping took the standard amount of time.,3.0,2025-10-21,True,1
REV01687,Books & Media,Fiction Novel,"It  works as described, no complaints, no excitement. It's comparable to other products in this price range. 🤷",3.0,2024-11-03,True,3
REV00552,Fashion,Backpack,Highly recommend this to everyone. The packaging was neat and nothing was damaged. 🔥,5.0,2025-10-23,True,7
REV00672,Fashion,Sunglasses,Absolutely loved this product! My family loves it just as much as I do. 😊 but I wish it came in more color options.   ,5.0,2024-04-27,True,3
REV01263,Electronics,Smartwatch,&amp;Fantastic value for the price. The packaging was neat and nothing was damaged. ✨,5.0,2024-02-07,True,0
REV01162,Fashion,Sunglasses,Absolutely loved this product! It's comfortable and fits perfectly. 🔥 but the delivery experience could definitely be better.,4.0,2024-02-19,True,1
REV01050,Beauty & Personal Care,Moisturizer Cream,Couldn't be happier with this purchase. It's comfortable and fits perfectly. 😊   ,5.0,2025-08-03,True,1
REV01628,Electronics,USB-C Hub,,4.0,2025-01-01,True,0
REV01205,Sports & Outdoors,Dumbbell Set,Works like a charm. Battery life lasts way longer than advertised. 😊,5.0,2025-06-13,True,1
REV00341,Electronics,Laptop Stand,Highly recommend this to everyone. It looks even better than the pictures online. 👍,5.0,2024-04-26,True,0
REV01086,Electronics,Laptop Stand,Absolutely loved this product! Customer service was quick to respond when I had a question. ❤️,5.0,2025-01-24,True,0
REV00308,Sports & Outdoors,Water Bottle,&amp;Best purchase I've made this year. My family loves it just as much as I do. 😊,5.0,2024-06-30,True,7
REV00923,Beauty & Personal Care,Sunscreen Lotion,HIGHLY RECOMMEND THIS TO EVERYONE. MY FAMILY LOVES IT JUST AS MUCH AS I DO. ❤️,5.0,2025-07-13,True,0
REV01183,Electronics,Bluetooth Speaker,Exceeded my expectations. It's comfortable and fits perfectly. ✨,4.0,2025-08-03,True,0
REV01548,Books & Media,Cookbook,"It's  fine, meets basic expectations. It does what it says, just don't expect much extra. 🤷",3.0,2024-08-13,True,3
REV01496,Electronics,Power Bank,"It's exactly what was advertised, nothing more. Packaging was standard, nothing memorable. 🙂",3.0,2024-08-12,True,4
REV00018,Sports & Outdoors,Yoga Mat,Absolutely loved this product! It's comfortable and fits perfectly. 😊,5.0,2025-02-14,False,4
REV00068,Home & Kitchen,Blender,Absolutely loved this product! It's comfortable and fits perfectly. 🔥 although the price is a bit high for what you get.,5.0,2025-06-05,True,1
REV01642,Fashion,Leather Wallet,"Exceeded my expectations. Delivery was super fast, arrived a day early.",5.0,2025-06-09,True,6
REV01586,Home & Kitchen,Blender,</p>Exceeded my expectations. Customer service was quick to respond when I had a question. 👍,5.0,2025-06-03,True,0
REV00722,Sports & Outdoors,Water Bottle,"Works like a charm. Delivery was super fast, arrived a day early. 👍",5.0,2024-11-17,True,1
REV00113,Sports & Outdoors,Resistance Bands,Average quality for the price. It's comparable to other products in this price range. 🤷,3.0,2024-11-13,True,0
REV01688,Electronics,USB-C Hub,Best  purchase I've made this year. Setup was simple and took less than five minutes. ❤️,5.0,2025-08-11,True,4
REV00726,Fashion,Sunglasses,"Five stars, no doubt. Setup was simple and took less than five minutes. 👍",4.0,2025-04-12,True,2
REV00517,Home & Kitchen,Vacuum Cleaner,"It's exactly what was advertised, nothing more. Shipping took the standard amount of time. 🙂",3.0,2025-03-10,True,0
REV01779,Fashion,Running Shoes,"It's exactly what was advertised, nothing more. Packaging was standard, nothing memorable. 🤷",3.0,2025-10-14,False,2
REV01127,Books & Media,Cookbook,Exceeded my expectations. My family loves it just as much as I do. 🔥,5.0,2024-09-09,True,5
REV00416,Books & Media,Self-Help Book,Average quality for the price. It's comparable to other products in this price range. 🙂,3.0,2025-03-29,True,1
REV01512,Sports & Outdoors,Dumbbell Set,Fantastic value for the price. My family loves it just as much as I do. 🔥,5.0,2024-01-24,True,1
REV01498,Sports & Outdoors,Water Bottle,ONE OF THE WORST PRODUCTS I'VE BOUGHT ONLINE. I FOUND SCRATCHES ON IT RIGHT OUT OF THE PACKAGING. 😢,2.0,2024-01-07,True,6
REV00264,Home & Kitchen,Air Fryer,WORKS LIKE A CHARM. THE PACKAGING WAS NEAT AND NOTHING WAS DAMAGED. 👍,4.0,2025-07-31,True,0
REV01701,Sports & Outdoors,Camping Tent,I REGRET BUYING THIS. THE MATERIAL FEELS CHEAP AND FLIMSY. 👎,1.0,2025-02-24,True,0
REV00847,Fashion,Cotton T-Shirt,<br>Fantastic value for the price. Setup was simple and took less than five minutes. 😊,4.0,2024-01-06,True,0
REV00292,Books & Media,Fiction Novel,I'm so impressed with the quality. The build quality feels premium and sturdy. ❤️,4.0,2024-04-17,True,1
REV01288,Electronics,Smartwatch,"It works as described, no complaints, no excitement. It's a bit bulkier than I expected.",3.0,2024-01-24,True,3
REV00252,Beauty & Personal Care,Sunscreen Lotion,"<br>Not bad, but not great either. The design is simple but functional. 🤷   ",3.0,2025-09-20,True,5
REV00606,Sports & Outdoors,Camping Tent,"I'm  so impressed with the quality. Delivery was super fast, arrived a day early. ✨",4.0,2025-08-29,True,1
REV01651,Sports & Outdoors,Cycling Helmet,Works like a charm. The color and finish look great in person.,4.0,2025-10-16,True,17
REV01439,Beauty & Personal Care,Electric Trimmer,Couldn't be happier with this purchase. The packaging was neat and nothing was damaged. ✨ although it took longer to arrive than promised.,4.0,2024-06-28,True,0
REV01026,Sports & Outdoors,Dumbbell Set,<p>Best purchase I've made this year. Battery life lasts way longer than advertised. 😊,4.0,2024-11-24,True,1
REV01574,Electronics,Smartwatch,Highly recommend this to everyone. Customer service was quick to respond when I had a question. 👍,5.0,2025-04-13,True,3
REV01400,Beauty & Personal Care,Face Serum,Highly recommend this to everyone. The build quality feels premium and sturdy. 😊,5.0,2025-07-30,True,0
REV00381,Fashion,Running Shoes,I regret buying this. The material feels cheap and flimsy. 💔,2.0,2024-02-02,True,1
REV01608,Books & Media,Self-Help Book,"It's an okay product, nothing special. Some features could be improved in future versions. 🤷",3.0,2024-04-08,True,0
REV00968,Sports & Outdoors,Yoga Mat,Best purchase I've made this year. Customer service was quick to respond when I had a question.,5.0,2025-06-20,True,4
REV00368,Sports & Outdoors,Water Bottle,</p>Absolutely loved this product! The packaging was neat and nothing was damaged. 😊,4.0,2025-01-04,True,6
REV00403,Books & Media,Comic Collection,This is exactly what I needed. My family loves it just as much as I do. ✨,4.0,2025-05-02,True,4
REV00679,Home & Kitchen,Bedsheet Set,Couldn't be happier with this purchase. Battery life lasts way longer than advertised. 😊 but the delivery experience could definitely be better.,5.0,2025-08-05,True,1
REV01664,Beauty & Personal Care,Lip Balm Set,this is exactly what i needed. the packaging was neat and nothing was damaged. 😊,5.0,2025-11-30,True,2
REV01027,Electronics,Bluetooth Speaker,Really disappointed with this purchase. It doesn't match the pictures shown online at all. 😡,2.0,2024-06-22,True,8
REV01120,Electronics,Power Bank,I regret buying this. Customer support never replied to my emails. www.shopreview-site.com/r/12345   ,1.0,2025-02-05,True,0
REV00900,Electronics,USB-C Hub,I regret buying this. It arrived late and the box was damaged. 👎,1.0,2024-09-04,True,0
REV00536,Books & Media,Kids Story Set,Does the job but nothing extraordinary. The design is simple but functional. 🙂,3.0,2024-08-26,False,0
REV00952,Home & Kitchen,Electric Kettle,<br>Couldn't  be happier with this purchase. The packaging was neat and nothing was damaged.,5.0,2024-12-08,True,0
REV00980,Fashion,Leather Wallet,Highly  recommend this to everyone. The build quality feels premium and sturdy. ✨,5.0,2025-03-04,False,4
REV00497,Fashion,Denim Jacket,A decent option if you're on a budget. There are better alternatives but this works fine too.,3.0,2025-03-03,False,2
REV01679,Sports & Outdoors,Yoga Mat,Absolutely loved this product! It looks even better than the pictures online. ❤️,5.0,2025-02-12,True,1
REV00460,Sports & Outdoors,Yoga Mat,Couldn't be happier with this purchase. My family loves it just as much as I do.,5.0,2025-08-04,True,0
REV01309,Books & Media,Comic Collection,"Fantastic value for the price. Delivery was super fast, arrived a day early. ✨",4.0,2024-12-04,True,0
REV00212,Fashion,Cotton T-Shirt,Really disappointed with this purchase. The size was completely different from what was described. 👎,2.0,2024-04-25,True,2
REV00938,Fashion,Backpack,Highly recommend this to everyone. Customer service was quick to respond when I had a question. 🔥,5.0,2024-12-22,True,2
REV01435,Home & Kitchen,Vacuum Cleaner,<br>Average quality for the price. It's comparable to other products in this price range.,3.0,2025-01-16,False,1
REV00174,Books & Media,Kids Story Set,I'm so impressed with the quality. The packaging was neat and nothing was damaged. ❤️,5.0,2025-07-23,True,0
REV01312,Electronics,USB-C Hub,Fantastic value for the price. Customer service was quick to respond when I had a question.,4.0,2025-11-09,True,7
REV00193,Home & Kitchen,Air Fryer,"Best  purchase I've made this year. Delivery was super fast, arrived a day early. 👍",5.0,2025-09-03,True,4
REV00143,Home & Kitchen,Vacuum Cleaner,Couldn't be happier with this purchase. The packaging was neat and nothing was damaged. 👍,4.0,2024-06-12,True,0
REV01437,Fashion,Denim Jacket,Exceeded  my expectations. Customer service was quick to respond when I had a question. ✨,5.0,2025-04-01,True,1
REV01217,Fashion,Running Shoes,Best  purchase I've made this year. Setup was simple and took less than five minutes. ❤️,5.0,2024-11-13,True,1
REV00690,Fashion,Backpack,</p>Fantastic value for the price. It looks even better than the pictures online. 👍,4.0,2025-01-17,True,2
REV01426,Home & Kitchen,Blender,This is exactly what I needed. The color and finish look great in person. ❤️,5.0,2024-02-20,True,0
REV00230,Home & Kitchen,Air Fryer,This was a complete waste of time. It arrived late and the box was damaged.,1.0,2025-10-27,True,0
REV00570,Home & Kitchen,Air Fryer,Exceeded my expectations. It's comfortable and fits perfectly. 😊 but the delivery experience could definitely be better.,4.0,2025-12-27,True,2
REV00759,Electronics,USB-C Hub,"Five stars, no doubt. The color and finish look great in person. ❤️",5.0,2024-10-28,True,6
REV01242,Electronics,Wireless Earbuds,Highly recommend this to everyone. Customer service was quick to respond when I had a question.,5.0,2025-06-27,True,0
REV00598,Sports & Outdoors,Resistance Bands,Not worth the money at all. The material feels cheap and flimsy. 💔,1.0,2024-04-14,False,6
REV00762,Fashion,Backpack,This is exactly what I needed. Battery life lasts way longer than advertised. 👍,4.0,2025-05-17,False,0
REV00155,Beauty & Personal Care,Electric Trimmer,Best purchase I've made this year. Setup was simple and took less than five minutes. 😊,5.0,2024-07-25,False,0
REV01455,Books & Media,Biography,"It works as described, no complaints, no excitement. Shipping took the standard amount of time. 🙂",3.0,2024-03-04,False,1
REV01428,Electronics,Wireless Earbuds,,2.0,2024-05-08,True,2
REV00885,Sports & Outdoors,Cycling Helmet,Highly recommend this to everyone. It's comfortable and fits perfectly. 🔥,4.0,2024-08-31,True,1
REV01206,Beauty & Personal Care,Moisturizer Cream,This is exactly what I needed. It's comfortable and fits perfectly. 😊,5.0,2025-01-21,True,0
REV01360,Sports & Outdoors,Water Bottle,Couldn't be happier with this purchase. The packaging was neat and nothing was damaged. 🔥,5.0,2024-08-15,True,0
REV01019,Sports & Outdoors,Yoga Mat,I regret buying this. I found scratches on it right out of the packaging. 😢,2.0,2025-03-10,False,0
REV01682,Electronics,Power Bank,I'M SO IMPRESSED WITH THE QUALITY. THE COLOR AND FINISH LOOK GREAT IN PERSON. 🔥 ALTHOUGH THE PRICE IS A BIT HIGH FOR WHAT YOU GET.,5.0,2025-06-05,True,0
REV00075,Fashion,Backpack,This was a complete waste of time. It stopped working after just one week. 😡,1.0,2024-01-30,True,0
REV00809,Home & Kitchen,Blender,Best purchase I've made this year. The packaging was neat and nothing was damaged. 👍 but the delivery experience could definitely be better.,5.0,2024-09-23,False,3
REV00415,Fashion,Denim Jacket,Highly recommend this to everyone. It's comfortable and fits perfectly. 👍,5.0,2024-03-10,True,1
REV01460,Books & Media,Self-Help Book,I'm so impressed with the quality. Setup was simple and took less than five minutes. 😊,4.0,2025-09-25,True,1
REV01231,Home & Kitchen,Blender,Works like a charm. The packaging was neat and nothing was damaged. 😊,5.0,2024-02-22,True,6
REV00931,Beauty & Personal Care,Hair Dryer,"Five stars, no doubt. Customer service was quick to respond when I had a question. 👍 www.shopreview-site.com/r/12345",5.0,2024-01-06,True,3
REV00641,Sports & Outdoors,Resistance Bands,Couldn't be happier with this purchase. The build quality feels premium and sturdy. 🔥,4.0,2024-01-27,True,3
REV00234,Sports & Outdoors,Dumbbell Set,A  decent option if you're on a budget. The design is simple but functional. 🤷,3.0,2024-01-03,True,6
REV00021,Sports & Outdoors,Dumbbell Set,<br>Really  disappointed with this purchase. I found scratches on it right out of the packaging. 😡,2.0,2024-09-09,True,2
REV01713,Fashion,Leather Wallet,Fantastic value for the price. The build quality feels premium and sturdy. ✨,5.0,2024-06-05,False,2
REV00030,Electronics,Power Bank,Would not recommend this to anyone. It stopped working after just one week. 💔,1.0,2024-10-12,False,1
REV00804,Electronics,Laptop Stand,One of the worst products I've bought online. It arrived late and the box was damaged. 💔,1.0,2025-11-14,True,4
REV00883,Electronics,Power Bank,One of the worst products I've bought online. It doesn't match the pictures shown online at all. 😡   ,2.0,2024-12-22,False,1
REV01634,Home & Kitchen,Vacuum Cleaner,This is exactly what I needed. Setup was simple and took less than five minutes. ✨,4.0,2024-08-25,True,2
REV01614,Sports & Outdoors,Resistance Bands,"Does the job but nothing extraordinary. It does what it says, just don't expect much extra. 🤷",3.0,2025-05-08,True,1
REV01055,Electronics,Smartwatch,"Middle of the road experience. Packaging was standard, nothing memorable.",3.0,2025-12-13,True,12
REV00291,Books & Media,Cookbook,<br>works like a charm. the color and finish look great in person. 😊,4.0,2025-07-14,True,11
REV00915,Beauty & Personal Care,Moisturizer Cream,Couldn't be happier with this purchase. The packaging was neat and nothing was damaged.,5.0,2024-11-26,True,1
REV01277,Fashion,Backpack,"Couldn't be happier with this purchase. Delivery was super fast, arrived a day early. 😊",5.0,2024-02-28,True,8
REV01094,Books & Media,Kids Story Set,I'm so impressed with the quality. It looks even better than the pictures online. 👍,5.0,2025-04-19,True,4
REV01112,Books & Media,Kids Story Set,Would not recommend this to anyone. It doesn't match the pictures shown online at all. 👎,2.0,2024-03-03,True,0
REV00115,Fashion,Denim Jacket,Exceeded my expectations. Setup was simple and took less than five minutes. 😊,5.0,2025-09-24,True,2
REV01573,Home & Kitchen,Bedsheet Set,"A decent option if you're on a budget. It does what it says, just don't expect much extra. 🤷",3.0,2025-07-09,True,1
REV01116,Books & Media,Self-Help Book,Couldn't be happier with this purchase. The packaging was neat and nothing was damaged. 😊,5.0,2025-01-05,True,0
REV00466,Sports & Outdoors,Yoga Mat,Extremely poor quality. It arrived late and the box was damaged. 👎,2.0,2025-11-07,True,5
REV00890,Electronics,Laptop Stand,"it's fine, meets basic expectations. some features could be improved in future versions.",3.0,2024-02-15,True,5
REV00168,Sports & Outdoors,Yoga Mat,Really disappointed with this purchase. The instructions were confusing and unclear. 😢,1.0,2024-10-20,True,0
REV00408,Books & Media,Self-Help Book,Highly recommend this to everyone. My family loves it just as much as I do. 🔥 but the delivery experience could definitely be better.,5.0,2025-09-29,True,2
REV01641,Sports & Outdoors,Camping Tent,COULDN'T BE HAPPIER WITH THIS PURCHASE. MY FAMILY LOVES IT JUST AS MUCH AS I DO. 👍   ,4.0,2024-07-18,True,0
REV00321,Books & Media,Kids Story Set,Very frustrating experience overall. It stopped working after just one week. 😡,1.0,2024-10-16,True,1
REV01777,Fashion,Sunglasses,COULDN'T BE HAPPIER WITH THIS PURCHASE. IT'S COMFORTABLE AND FITS PERFECTLY. 🔥,4.0,2025-03-19,True,2
REV00898,Fashion,Sunglasses,Would  not recommend this to anyone. The instructions were confusing and unclear.,1.0,2025-06-01,False,0
REV01610,Sports & Outdoors,Dumbbell Set,Couldn't be happier with this purchase. The color and finish look great in person. 😊 but I wish it came in more color options.,5.0,2024-08-20,True,3
REV01102,Beauty & Personal Care,Moisturizer Cream,This is exactly what I needed. My family loves it just as much as I do. 👍,4.0,2025-04-03,False,0
REV00705,Books & Media,Biography,Highly recommend this to everyone. The color and finish look great in person. 👍   ,4.0,2025-05-24,True,6
REV00921,Home & Kitchen,Air Fryer,"exceeded my expectations. delivery was super fast, arrived a day early. ✨",4.0,2025-08-25,True,1
REV00567,Books & Media,Kids Story Set,One of the worst products I've bought online. It doesn't match the pictures shown online at all. 💔,1.0,2025-05-21,True,0
REV01556,Home & Kitchen,Non-Stick Pan Set,I'm so impressed with the quality. The color and finish look great in person.,5.0,2024-02-01,False,0
REV00599,Electronics,Laptop Stand,Exceeded my expectations. Customer service was quick to respond when I had a question. but the delivery experience could definitely be better.,5.0,2024-04-11,True,10
REV00258,Fashion,Backpack,Not worth the money at all. There was a strange smell straight out of the box. 😢 www.shopreview-site.com/r/12345,1.0,2025-05-19,False,0
REV00256,Sports & Outdoors,Cycling Helmet,Couldn't be happier with this purchase. The build quality feels premium and sturdy. 👍,4.0,2024-05-24,True,1
REV00728,Sports & Outdoors,Water Bottle,I regret buying this. The instructions were confusing and unclear. 👎,1.0,2025-06-28,True,8
REV00706,Home & Kitchen,Bedsheet Set,"It's exactly what was advertised, nothing more. I might consider other brands next time. 🙂",3.0,2024-06-23,True,0
REV00988,Books & Media,Cookbook,Average  quality for the price. It's a bit bulkier than I expected. 🤷,3.0,2025-05-18,True,8
REV00498,Electronics,Power Bank,Works like a charm. The build quality feels premium and sturdy. 🔥,4.0,2025-07-25,True,0
REV00899,Sports & Outdoors,Cycling Helmet,I'm so impressed with the quality. Customer service was quick to respond when I had a question. 🔥 although the price is a bit high for what you get.,5.0,2024-02-04,False,0
REV00131,Electronics,Smartwatch,Couldn't be happier with this purchase. My family loves it just as much as I do. 😊 but the delivery experience could definitely be better.,4.0,2025-11-26,True,13
REV00714,Fashion,Leather Wallet,One of the worst products I've bought online. The size was completely different from what was described. 👎,1.0,2025-02-04,True,9
REV00101,Home & Kitchen,Non-Stick Pan Set,"Works like a charm. Delivery was super fast, arrived a day early. ❤️",5.0,2025-02-08,False,0
REV00172,Electronics,Wireless Earbuds,middle of the road experience. some features could be improved in future versions. 🤷,3.0,2024-08-10,True,1
REV00492,Electronics,Power Bank,This broke within a few days of use. It arrived late and the box was damaged. 😡,2.0,2024-11-29,True,0
REV01733,Home & Kitchen,Bedsheet Set,<br>Average quality for the price. Shipping took the standard amount of time. 🤷,3.0,2024-01-05,True,3
REV01478,Sports & Outdoors,Dumbbell Set,Fantastic  value for the price. It looks even better than the pictures online. ❤️,5.0,2024-02-16,True,3
REV00111,Fashion,Running Shoes,I'm so impressed with the quality. My family loves it just as much as I do. 🔥,5.0,2025-11-26,True,2
REV01680,Books & Media,Fiction Novel,Absolutely loved this product! Customer service was quick to respond when I had a question. 😊 even though customer service was slow to respond.,5.0,2025-08-07,True,3
REV01225,Fashion,Running Shoes,"I REGRET BUYING THIS. THE SIZE WAS COMPLETELY DIFFERENT FROM WHAT WAS DESCRIBED. 💔 ON THE PLUS SIDE, IT DID ARRIVE QUICKLY.",1.0,2024-10-11,False,1
REV01021,Beauty & Personal Care,Moisturizer Cream,This is exactly what I needed. It looks even better than the pictures online. 👍,5.0,2025-06-12,True,2
REV01227,Sports & Outdoors,Dumbbell Set,I'm so impressed with the quality. Customer service was quick to respond when I had a question. ❤️,4.0,2025-08-27,True,1
REV00713,Fashion,Leather Wallet,Highly recommend this to everyone. The packaging was neat and nothing was damaged. 😊,5.0,2025-12-18,True,10
REV00828,Home & Kitchen,Blender,<BR>REALLY DISAPPOINTED WITH THIS PURCHASE. THE MATERIAL FEELS CHEAP AND FLIMSY. 😢,1.0,2024-10-03,True,8
REV01685,Home & Kitchen,Non-Stick Pan Set,Average quality for the price. It's comparable to other products in this price range. 🙂,3.0,2024-10-03,True,3
REV01480,Fashion,Cotton T-Shirt,</p>Average quality for the price. There are better alternatives but this works fine too.,3.0,2025-08-25,True,4
REV01658,Sports & Outdoors,Dumbbell Set,Middle of the road experience. I might consider other brands next time. 🤷,3.0,2025-08-10,True,3
REV01020,Fashion,Denim Jacket,A decent option if you're on a budget. Some features could be improved in future versions. 🙂   ,3.0,2024-08-01,True,0
REV01161,Beauty & Personal Care,Moisturizer Cream,"</p>Five stars, no doubt. It looks even better than the pictures online. ✨",5.0,2024-04-07,True,3
REV01545,Fashion,Denim Jacket,Works like a charm. The build quality feels premium and sturdy. although it took longer to arrive than promised.,4.0,2025-08-02,True,0
REV00961,Electronics,Smartwatch,Highly recommend this to everyone. The packaging was neat and nothing was damaged. 😊,5.0,2024-02-05,True,0
REV00660,Books & Media,Kids Story Set,I regret buying this. The instructions were confusing and unclear. 👎,1.0,2025-04-17,True,0
REV01594,Sports & Outdoors,Camping Tent,I'm so impressed with the quality. My family loves it just as much as I do. 🔥,4.0,2025-09-04,True,1
REV01403,Beauty & Personal Care,Moisturizer Cream,COULDN'T BE HAPPIER WITH THIS PURCHASE. IT'S COMFORTABLE AND FITS PERFECTLY.,4.0,2025-05-06,True,11
REV00271,Home & Kitchen,Bedsheet Set,I'm so impressed with the quality. The build quality feels premium and sturdy.,5.0,2025-05-18,False,2
REV01631,Fashion,Cotton T-Shirt,"NOT BAD, BUT NOT GREAT EITHER. PACKAGING WAS STANDARD, NOTHING MEMORABLE. 🤷",3.0,2025-07-26,False,2
REV00064,Sports & Outdoors,Yoga Mat,Best purchase I've made this year. My family loves it just as much as I do. ✨,5.0,2024-04-03,True,5
REV00394,Books & Media,Self-Help Book,Couldn't be happier with this purchase. Setup was simple and took less than five minutes. ✨ although the price is a bit high for what you get.,4.0,2024-08-24,True,1
REV01095,Beauty & Personal Care,Electric Trimmer,Highly recommend this to everyone. It looks even better than the pictures online. 🔥 although the price is a bit high for what you get.,5.0,2025-02-26,True,3
REV01559,Beauty & Personal Care,Moisturizer Cream,Highly recommend this to everyone. Setup was simple and took less than five minutes. ✨,5.0,2024-04-01,True,0
REV00893,Home & Kitchen,Air Fryer,Highly recommend this to everyone. Customer service was quick to respond when I had a question. ✨ although it took longer to arrive than promised.,5.0,2025-12-30,True,6
REV01296,Fashion,Backpack,This is exactly what I needed. Battery life lasts way longer than advertised. 🔥,5.0,2025-03-01,False,4
REV00544,Books & Media,Kids Story Set,ABSOLUTELY LOVED THIS PRODUCT! BATTERY LIFE LASTS WAY LONGER THAN ADVERTISED. 🔥 EVEN THOUGH CUSTOMER SERVICE WAS SLOW TO RESPOND.,4.0,2024-03-27,False,0
REV00779,Fashion,Running Shoes,&amp;Absolutely loved this product! The color and finish look great in person. 👍,4.0,2025-08-08,True,1
REV01185,Sports & Outdoors,Water Bottle,"Five stars, no doubt. It looks even better than the pictures online. 👍",4.0,2025-09-20,False,3
REV01301,Beauty & Personal Care,Moisturizer Cream,This  is exactly what I needed. The build quality feels premium and sturdy. ✨,4.0,2024-07-16,False,0
REV00170,Sports & Outdoors,Cycling Helmet,Works like a charm. Customer service was quick to respond when I had a question.,4.0,2025-03-10,True,0
REV00037,Sports & Outdoors,Yoga Mat,I want a refund immediately. The instructions were confusing and unclear.   ,1.0,2024-04-19,True,5
REV00244,Fashion,Running Shoes,One of the worst products I've bought online. It doesn't match the pictures shown online at all.   ,1.0,2024-08-15,True,0
REV00083,Electronics,Smartwatch,Would not recommend this to anyone. The instructions were confusing and unclear. https://bit.ly/3xample,2.0,2024-09-25,True,5
REV01285,Fashion,Sunglasses,   ,5.0,2025-06-18,True,7
REV00946,Sports & Outdoors,Cycling Helmet,I regret buying this. The material feels cheap and flimsy. 😢,2.0,2025-04-19,True,1
REV00861,Beauty & Personal Care,Lip Balm Set,I want a refund immediately. The size was completely different from what was described. 😡,2.0,2025-02-03,True,0
REV00373,Beauty & Personal Care,Face Serum,Does the job but nothing extraordinary. Shipping took the standard amount of time. 🤷 www.shopreview-site.com/r/12345,3.0,2025-09-24,True,6
REV01047,Books & Media,Kids Story Set,A DECENT OPTION IF YOU'RE ON A BUDGET. THERE ARE BETTER ALTERNATIVES BUT THIS WORKS FINE TOO.,3.0,2025-05-21,True,2
REV01362,Electronics,Laptop Stand,I'm  so impressed with the quality. Customer service was quick to respond when I had a question.,5.0,2024-05-26,False,1
REV01333,Electronics,Power Bank,Works like a charm. Customer service was quick to respond when I had a question. 😊,4.0,2025-02-06,True,1
REV01171,Fashion,Sunglasses,"Best purchase I've made this year. Delivery was super fast, arrived a day early. 🔥",5.0,2025-01-05,False,0
REV00752,Fashion,Backpack,This was a complete waste of time. It stopped working after just one week.,1.0,2025-11-01,False,1
REV00508,Electronics,Smartwatch,,5.0,2025-07-15,True,7
REV01245,Electronics,USB-C Hub,Works like a charm. The color and finish look great in person.,4.0,2024-11-15,False,1
REV01038,Sports & Outdoors,Camping Tent,Works like a charm. It looks even better than the pictures online.,5.0,2025-09-25,True,6
REV01235,Fashion,Running Shoes,Absolutely  loved this product! It looks even better than the pictures online. 😊,4.0,2024-05-04,True,2
REV01697,Books & Media,Comic Collection,Best purchase I've made this year. It looks even better than the pictures online. 👍,5.0,2025-08-14,True,1
REV00585,Sports & Outdoors,Yoga Mat,This  broke within a few days of use. The material feels cheap and flimsy. 😡,1.0,2025-12-22,True,1
REV00512,Sports & Outdoors,Camping Tent,Exceeded my expectations. The build quality feels premium and sturdy. 🔥,5.0,2025-07-13,False,10
REV00178,Beauty & Personal Care,Hair Dryer,Extremely poor quality. The size was completely different from what was described. 😡,1.0,2025-12-13,True,3
REV00277,Books & Media,Biography,WORKS LIKE A CHARM. THE BUILD QUALITY FEELS PREMIUM AND STURDY. BUT THE DELIVERY EXPERIENCE COULD DEFINITELY BE BETTER.,4.0,2025-12-27,True,2
REV00880,Home & Kitchen,Blender,This was a complete waste of time. It stopped working after just one week.,2.0,2025-09-28,True,2
REV00548,Sports & Outdoors,Cycling Helmet,"It's fine, meets basic expectations. Good enough for occasional use.",3.0,2025-08-03,False,0
REV00720,Books & Media,Kids Story Set,"It's fine, meets basic expectations. Some features could be improved in future versions.",3.0,2024-07-04,True,3
REV00477,Fashion,Backpack,&amp;A decent option if you're on a budget. There are better alternatives but this works fine too.,3.0,2024-03-12,True,7
REV00226,Fashion,Sunglasses,Couldn't be happier with this purchase. The color and finish look great in person.,5.0,2025-06-14,True,2
REV00633,Home & Kitchen,Blender,This broke within a few days of use. It doesn't match the pictures shown online at all. 👎,1.0,2024-05-11,True,0
REV00217,Home & Kitchen,Bedsheet Set,Best purchase I've made this year. Customer service was quick to respond when I had a question. 👍 even though customer service was slow to respond.,4.0,2024-10-02,True,0
REV01054,Sports & Outdoors,Cycling Helmet,Best purchase I've made this year. The packaging was neat and nothing was damaged. 👍,5.0,2024-06-21,True,7
REV01725,Beauty & Personal Care,Hair Dryer,"Five stars, no doubt. The color and finish look great in person. 😊",4.0,2025-06-20,True,0
REV00838,Fashion,Denim Jacket,i'm so impressed with the quality. battery life lasts way longer than advertised.,5.0,2024-11-08,False,1
REV00181,Home & Kitchen,Non-Stick Pan Set,This is exactly what I needed. The color and finish look great in person. 👍,4.0,2025-10-19,True,3
REV00919,Fashion,Cotton T-Shirt,Extremely poor quality. The instructions were confusing and unclear. 👎 http://example-shop.com/review,2.0,2025-05-11,True,1
REV00746,Home & Kitchen,Electric Kettle,Reasonable purchase overall. Shipping took the standard amount of time. 🤷,3.0,2024-09-26,False,1
REV00902,Beauty & Personal Care,Electric Trimmer,Fantastic  value for the price. Customer service was quick to respond when I had a question.,4.0,2025-08-30,True,1
REV01484,Books & Media,Comic Collection,Highly recommend this to everyone. The build quality feels premium and sturdy.,5.0,2025-06-03,False,2
REV01759,Fashion,Denim Jacket,I want a refund immediately. Customer support never replied to my emails. 💔,1.0,2025-10-29,True,1
REV00678,Beauty & Personal Care,Face Serum,I'm so impressed with the quality. It looks even better than the pictures online. 😊,4.0,2024-03-08,True,6
REV00639,Books & Media,Biography,Middle of the road experience. Shipping took the standard amount of time. 🙂,3.0,2024-05-10,True,12
REV00045,Beauty & Personal Care,Electric Trimmer,</p>exceeded  my expectations. my family loves it just as much as i do. 😊   ,5.0,2024-09-10,True,1
REV01499,Books & Media,Cookbook,I want a refund immediately. There was a strange smell straight out of the box.,2.0,2025-08-30,True,1
REV00265,Books & Media,Comic Collection,Not  worth the money at all. It arrived late and the box was damaged. 😢,1.0,2025-06-19,True,6
REV01089,Books & Media,Cookbook,A  DECENT OPTION IF YOU'RE ON A BUDGET. SOME FEATURES COULD BE IMPROVED IN FUTURE VERSIONS. 🙂,3.0,2025-08-03,True,3
REV01781,Books & Media,Comic Collection,"It works as described, no complaints, no excitement. The design is simple but functional. 🤷",3.0,2025-10-23,True,5
REV01239,Books & Media,Fiction Novel,I  WANT A REFUND IMMEDIATELY. I FOUND SCRATCHES ON IT RIGHT OUT OF THE PACKAGING. 💔,2.0,2025-11-11,False,4
REV01799,Home & Kitchen,Bedsheet Set,"Does the job but nothing extraordinary. It does what it says, just don't expect much extra. 🤷",3.0,2025-05-01,False,2
REV00897,Beauty & Personal Care,Electric Trimmer,Exceeded my expectations. Battery life lasts way longer than advertised. ✨,4.0,2025-08-06,False,3
REV00851,Sports & Outdoors,Dumbbell Set,Highly recommend this to everyone. Setup was simple and took less than five minutes. 😊,5.0,2024-04-08,True,1
REV00095,Home & Kitchen,Non-Stick Pan Set,"Fantastic value for the price. Delivery was super fast, arrived a day early. 😊",4.0,2025-08-23,False,0
REV00176,Books & Media,Fiction Novel,Fantastic value for the price. The build quality feels premium and sturdy. ✨,4.0,2024-03-21,False,5
REV00399,Home & Kitchen,Air Fryer,HIGHLY RECOMMEND THIS TO EVERYONE. IT'S COMFORTABLE AND FITS PERFECTLY. ✨,5.0,2025-08-19,True,2
REV01197,Beauty & Personal Care,Hair Dryer,Best purchase I've made this year. The build quality feels premium and sturdy. 🔥,4.0,2024-09-08,True,0
REV00333,Beauty & Personal Care,Moisturizer Cream,   ,2.0,2025-07-05,True,0
REV01057,Electronics,Bluetooth Speaker,"It's  fine, meets basic expectations. I might consider other brands next time. 🙂",3.0,2025-12-12,False,6
REV00032,Sports & Outdoors,Cycling Helmet,"Five stars, no doubt. Battery life lasts way longer than advertised. 🔥",5.0,2024-01-02,True,1
REV00745,Electronics,Wireless Earbuds,Best purchase I've made this year. Customer service was quick to respond when I had a question. ❤️,4.0,2024-01-09,True,1
REV01260,Books & Media,Kids Story Set,This is exactly what I needed. The color and finish look great in person. ❤️ but the delivery experience could definitely be better.,5.0,2024-10-05,True,3
REV00375,Home & Kitchen,Vacuum Cleaner,Fantastic value for the price. It's comfortable and fits perfectly. ❤️,5.0,2025-10-13,False,2
REV01422,Home & Kitchen,Air Fryer,"<p>Couldn't be happier with this purchase. Delivery was super fast, arrived a day early. 🔥",5.0,2024-03-05,True,9
REV00409,Fashion,Backpack,ABSOLUTELY LOVED THIS PRODUCT! THE PACKAGING WAS NEAT AND NOTHING WAS DAMAGED. ✨,4.0,2025-04-21,True,1
REV01724,Beauty & Personal Care,Face Serum,"I'm so impressed with the quality. Delivery was super fast, arrived a day early.",5.0,2024-04-17,False,3
REV00686,Fashion,Running Shoes,best purchase i've made this year. the color and finish look great in person. ✨,5.0,2024-09-07,True,0
REV00419,Fashion,Denim Jacket,I'm so impressed with the quality. It looks even better than the pictures online. 😊,5.0,2024-07-26,True,1
REV01414,Sports & Outdoors,Resistance Bands,I'm so impressed with the quality. Customer service was quick to respond when I had a question. 🔥,5.0,2024-04-19,True,0
REV00145,Books & Media,Comic Collection,"<br>Reasonable purchase overall. Packaging was standard, nothing memorable.",3.0,2025-01-09,True,2
REV01575,Home & Kitchen,Vacuum Cleaner,"I'm so impressed with the quality. Delivery was super fast, arrived a day early. 😊",5.0,2025-11-04,True,1
REV00266,Sports & Outdoors,Resistance Bands,<br>Fantastic value for the price. The color and finish look great in person. 👍,5.0,2025-09-27,True,24
REV00987,Sports & Outdoors,Resistance Bands,Reasonable purchase overall. There are better alternatives but this works fine too. 🙂,3.0,2024-06-22,True,2
REV00015,Books & Media,Self-Help Book,"<p>I'm so impressed with the quality. Delivery was super fast, arrived a day early. 😊",4.0,2025-08-07,True,0
REV01119,Beauty & Personal Care,Moisturizer Cream,Best purchase I've made this year. Customer service was quick to respond when I had a question. http://example-shop.com/review,5.0,2024-06-01,True,0
REV00529,Electronics,Wireless Earbuds,<br>Absolutely  loved this product! My family loves it just as much as I do. 🔥 although the price is a bit high for what you get.,5.0,2024-01-11,True,1
REV00392,Fashion,Running Shoes,&amp;Reasonable purchase overall. It's a bit bulkier than I expected. 🙂,3.0,2025-01-10,True,1
REV00854,Beauty & Personal Care,Hair Dryer,THIS IS EXACTLY WHAT I NEEDED. THE BUILD QUALITY FEELS PREMIUM AND STURDY. 🔥,5.0,2024-12-07,True,0
REV00730,Electronics,Wireless Earbuds,"Average  quality for the price. It does what it says, just don't expect much extra.",3.0,2025-08-08,False,3
REV00802,Home & Kitchen,Electric Kettle,"It's exactly what was advertised, nothing more. There are better alternatives but this works fine too.",3.0,2025-07-20,True,1
REV00079,Home & Kitchen,Bedsheet Set,<br>Highly recommend this to everyone. The build quality feels premium and sturdy.,5.0,2024-08-23,True,4
REV00604,Home & Kitchen,Bedsheet Set,"Five stars, no doubt. Battery life lasts way longer than advertised. 😊",5.0,2025-07-11,True,1
REV00388,Home & Kitchen,Bedsheet Set,Best purchase I've made this year. Setup was simple and took less than five minutes. 😊,5.0,2024-12-22,True,0
REV00184,Books & Media,Biography,</p>Absolutely loved this product! The build quality feels premium and sturdy. ✨,5.0,2025-03-16,False,7
REV01474,Sports & Outdoors,Dumbbell Set,"FANTASTIC VALUE FOR THE PRICE. DELIVERY WAS SUPER FAST, ARRIVED A DAY EARLY. BUT THE DELIVERY EXPERIENCE COULD DEFINITELY BE BETTER.",4.0,2025-03-27,True,2
REV01405,Beauty & Personal Care,Face Serum,Exceeded my expectations. Setup was simple and took less than five minutes. 👍,,2025-04-16,False,3
REV00836,Home & Kitchen,Blender,Couldn't be happier with this purchase. My family loves it just as much as I do. ✨,4.0,2024-02-06,True,6
REV01516,Books & Media,Biography,Average quality for the price. Shipping took the standard amount of time.,3.0,2024-09-17,True,1
REV00191,Home & Kitchen,Vacuum Cleaner,,2.0,2024-10-29,True,3
REV01695,Books & Media,Biography,<P>I REGRET BUYING THIS. THE MATERIAL FEELS CHEAP AND FLIMSY. 😢,1.0,2024-10-25,True,3
REV01646,Sports & Outdoors,Cycling Helmet,Very frustrating experience overall. It arrived late and the box was damaged. 😢,1.0,2025-03-16,True,6
REV00365,Home & Kitchen,Non-Stick Pan Set,"Not bad, but not great either. I might consider other brands next time.",3.0,2025-01-08,False,0
REV00869,Fashion,Sunglasses,Fantastic value for the price. It's comfortable and fits perfectly. ❤️,4.0,2024-03-13,True,0
REV01160,Sports & Outdoors,Water Bottle,"FIVE  STARS, NO DOUBT. MY FAMILY LOVES IT JUST AS MUCH AS I DO. 😊",4.0,2025-10-08,False,1
REV00246,Home & Kitchen,Air Fryer,Absolutely  loved this product! My family loves it just as much as I do. 😊,4.0,2024-06-25,True,2
REV00882,Books & Media,Biography,,2.0,2025-09-16,True,2
REV00275,Sports & Outdoors,Cycling Helmet,Exceeded my expectations. The build quality feels premium and sturdy. 👍,4.0,2024-06-16,False,4
REV00148,Beauty & Personal Care,Sunscreen Lotion,I want a refund immediately. Customer support never replied to my emails.,2.0,2024-11-02,True,2
REV01130,Electronics,Bluetooth Speaker,&amp;Highly recommend this to everyone. It looks even better than the pictures online. 👍,4.0,2025-10-02,True,1
REV00295,Electronics,USB-C Hub,not worth the money at all. the size was completely different from what was described. 👎,2.0,2025-01-03,False,0
REV00325,Beauty & Personal Care,Moisturizer Cream,fantastic  value for the price. the packaging was neat and nothing was damaged. 🔥,5.0,2024-02-16,True,2
REV00771,Home & Kitchen,Vacuum Cleaner,"Five stars, no doubt. Setup was simple and took less than five minutes.",5.0,2024-05-31,True,0
REV00800,Books & Media,Kids Story Set,Not worth the money at all. The material feels cheap and flimsy. 👎,1.0,2024-08-02,False,6
REV00540,Fashion,Cotton T-Shirt,Reasonable purchase overall. I might consider other brands next time.,3.0,2024-02-02,False,8
REV01716,Home & Kitchen,Non-Stick Pan Set,Highly recommend this to everyone. The build quality feels premium and sturdy. ❤️,4.0,2024-12-10,True,14
REV00677,Electronics,USB-C Hub,Best purchase I've made this year. Customer service was quick to respond when I had a question. 😊,4.0,2025-07-08,True,3
REV01135,Beauty & Personal Care,Lip Balm Set,"Average quality for the price. It does what it says, just don't expect much extra. 🙂",3.0,2024-09-02,True,2
REV00901,Electronics,Bluetooth Speaker,,5.0,2025-10-07,True,4
REV00769,Electronics,Smartwatch,"</p>Does the job but nothing extraordinary. Packaging was standard, nothing memorable. 🤷",3.0,2025-09-11,True,3
REV00006,Sports & Outdoors,Resistance Bands,I regret buying this. I found scratches on it right out of the packaging. 👎,1.0,2024-02-27,True,10
REV00975,Books & Media,Biography,Highly recommend this to everyone. The packaging was neat and nothing was damaged. 😊,4.0,2025-06-26,True,1
REV01169,Fashion,Backpack,This  is exactly what I needed. The build quality feels premium and sturdy. ❤️ although the price is a bit high for what you get.,4.0,2024-05-20,True,1
REV00104,Books & Media,Comic Collection,One of the worst products I've bought online. The size was completely different from what was described. 😡,2.0,2025-01-05,True,3
REV00211,Fashion,Leather Wallet,Works like a charm. It's comfortable and fits perfectly.,5.0,2024-02-01,True,4
REV01471,Sports & Outdoors,Dumbbell Set,"It's  exactly what was advertised, nothing more. Good enough for occasional use. 🤷",3.0,2025-10-29,False,2
REV00042,Sports & Outdoors,Cycling Helmet,Fantastic value for the price. The build quality feels premium and sturdy. ❤️,4.0,2025-09-09,False,0
REV01387,Home & Kitchen,Non-Stick Pan Set,This is exactly what I needed. Battery life lasts way longer than advertised. ✨   ,5.0,2024-03-17,False,1
REV01674,Electronics,Bluetooth Speaker,Does the job but nothing extraordinary. The design is simple but functional. 🙂,3.0,2024-01-08,True,0
REV00378,Fashion,Leather Wallet,This broke within a few days of use. The instructions were confusing and unclear. 💔,2.0,2025-10-02,True,4
REV01279,Fashion,Sunglasses,Couldn't be happier with this purchase. It's comfortable and fits perfectly. 🔥,4.0,2025-09-28,True,1
REV00147,Electronics,Power Bank,"Five stars, no doubt. Battery life lasts way longer than advertised. ✨",5.0,2024-05-20,True,1
REV01662,Home & Kitchen,Vacuum Cleaner,"I'm so impressed with the quality. Delivery was super fast, arrived a day early.",5.0,2024-04-28,True,2
REV01111,Electronics,USB-C Hub,BEST PURCHASE I'VE MADE THIS YEAR. IT LOOKS EVEN BETTER THAN THE PICTURES ONLINE.,5.0,2024-03-22,True,2
REV01567,Fashion,Denim Jacket,I'm so impressed with the quality. The build quality feels premium and sturdy. ✨,5.0,2025-11-16,False,2
REV01456,Fashion,Sunglasses,"Not bad, but not great either. It's comparable to other products in this price range.",3.0,2024-10-09,True,0
REV01090,Fashion,Backpack,Absolutely loved this product! The color and finish look great in person. ✨ but I wish it came in more color options.,5.0,2024-08-31,True,2
REV01740,Fashion,Denim Jacket,Couldn't be happier with this purchase. Battery life lasts way longer than advertised. ✨,4.0,2025-11-18,False,1
REV00206,Fashion,Backpack,This  is exactly what I needed. The packaging was neat and nothing was damaged. 😊,4.0,2024-10-12,True,8
REV01069,Home & Kitchen,Air Fryer,"I regret buying this. The material feels cheap and flimsy. On the plus side, it did arrive quickly.",1.0,2024-03-12,False,3
REV00028,Electronics,Bluetooth Speaker,I'm so impressed with the quality. It looks even better than the pictures online. although it took longer to arrive than promised.,4.0,2024-06-15,False,7
REV01105,Beauty & Personal Care,Hair Dryer,"A  decent option if you're on a budget. Packaging was standard, nothing memorable. 🙂",3.0,2024-06-19,True,7
REV01462,Beauty & Personal Care,Hair Dryer,This is exactly what I needed. The color and finish look great in person. 🔥,5.0,2024-05-01,True,0
REV01138,Beauty & Personal Care,Face Serum,"Five stars, no doubt. Delivery was super fast, arrived a day early. ✨   ",5.0,2025-10-04,True,2
REV00205,Home & Kitchen,Bedsheet Set,Exceeded my expectations. Customer service was quick to respond when I had a question.,5.0,2025-02-18,True,0
REV01544,Sports & Outdoors,Camping Tent,This is exactly what I needed. My family loves it just as much as I do. 👍,4.0,2025-12-08,False,0
REV01745,Beauty & Personal Care,Hair Dryer,I want a refund immediately. Customer support never replied to my emails. www.shopreview-site.com/r/12345,1.0,2025-01-21,True,1
REV00671,Fashion,Leather Wallet,"It works as described, no complaints, no excitement. It does what it says, just don't expect much extra. 🙂",3.0,2025-04-06,True,1
REV00625,Beauty & Personal Care,Sunscreen Lotion,Fantastic value for the price. The build quality feels premium and sturdy. 😊,5.0,2025-05-08,True,2
REV00412,Electronics,Bluetooth Speaker,"Five  stars, no doubt. Battery life lasts way longer than advertised.",4.0,2025-01-31,False,1
REV01768,Sports & Outdoors,Yoga Mat,Reasonable purchase overall. It's comparable to other products in this price range.,3.0,2024-04-30,True,0
REV00741,Fashion,Running Shoes,Works like a charm. It's comfortable and fits perfectly. 👍 https://bit.ly/3xample,5.0,2025-01-08,True,0
REV01033,Electronics,Smartwatch,"I regret buying this. The instructions were confusing and unclear. 😢 On the plus side, it did arrive quickly.",1.0,2025-02-19,True,4
REV00074,Books & Media,Biography,Exceeded my expectations. Battery life lasts way longer than advertised.,4.0,2024-02-06,True,2
REV01425,Books & Media,Biography,Highly recommend this to everyone. It's comfortable and fits perfectly. 🔥,4.0,2025-09-25,True,1
REV01143,Fashion,Leather Wallet,I want a refund immediately. I found scratches on it right out of the packaging.,2.0,2024-02-01,True,0
REV00999,Fashion,Running Shoes,Works  like a charm. The color and finish look great in person. 👍 www.shopreview-site.com/r/12345,5.0,2025-10-20,True,0
REV01726,Home & Kitchen,Air Fryer,"Exceeded  my expectations. Delivery was super fast, arrived a day early. 👍",4.0,2024-06-19,True,3
REV00207,Electronics,Laptop Stand,Exceeded my expectations. It's comfortable and fits perfectly. 👍,5.0,2024-11-16,True,2
REV00868,Electronics,Smartwatch,Really disappointed with this purchase. There was a strange smell straight out of the box. 💔,2.0,2025-06-24,True,6
